robot,operation,backend,batch,purpose,dtype,method,repeats,status,reason,host_us,resident_us,resident_eager_us,threads,accuracy_policy,accuracy_policy_version,variation_max_abs_error,variation_relative_l2_error,max_bad_entries,entries,host_min_us,host_max_us,overhead_us,boundary_flag,max_abs_error,relative_l2_error
g1,ccrba,bard,16,collection,unknown,unknown,3,adapter_pending,no matched centroidal-momentum / Coriolis-matrix output in this library's public API,,,,,fp32-fd-warnings,2,,,0,0,,,,,,
g1,ccrba,bard,32,collection,unknown,unknown,3,adapter_pending,no matched centroidal-momentum / Coriolis-matrix output in this library's public API,,,,,fp32-fd-warnings,2,,,0,0,,,,,,
g1,ccrba,bard,64,collection,unknown,unknown,3,adapter_pending,no matched centroidal-momentum / Coriolis-matrix output in this library's public API,,,,,fp32-fd-warnings,2,,,0,0,,,,,,
g1,ccrba,bard,128,collection,unknown,unknown,3,adapter_pending,no matched centroidal-momentum / Coriolis-matrix output in this library's public API,,,,,fp32-fd-warnings,2,,,0,0,,,,,,
g1,ccrba,bard,256,collection,unknown,unknown,3,adapter_pending,no matched centroidal-momentum / Coriolis-matrix output in this library's public API,,,,,fp32-fd-warnings,2,,,0,0,,,,,,
g1,ccrba,bard,1024,collection,unknown,unknown,3,adapter_pending,no matched centroidal-momentum / Coriolis-matrix output in this library's public API,,,,,fp32-fd-warnings,2,,,0,0,,,,,,
g1,ccrba,frax,16,collection,unknown,unknown,3,adapter_pending,no matched centroidal-momentum / Coriolis-matrix output in this library's public API,,,,,fp32-fd-warnings,2,,,0,0,,,,,,
g1,ccrba,frax,32,collection,unknown,unknown,3,adapter_pending,no matched centroidal-momentum / Coriolis-matrix output in this library's public API,,,,,fp32-fd-warnings,2,,,0,0,,,,,,
g1,ccrba,frax,64,collection,unknown,unknown,3,adapter_pending,no matched centroidal-momentum / Coriolis-matrix output in this library's public API,,,,,fp32-fd-warnings,2,,,0,0,,,,,,
g1,ccrba,frax,128,collection,unknown,unknown,3,adapter_pending,no matched centroidal-momentum / Coriolis-matrix output in this library's public API,,,,,fp32-fd-warnings,2,,,0,0,,,,,,
g1,ccrba,frax,256,collection,unknown,unknown,3,adapter_pending,no matched centroidal-momentum / Coriolis-matrix output in this library's public API,,,,,fp32-fd-warnings,2,,,0,0,,,,,,
g1,ccrba,frax,1024,collection,unknown,unknown,3,adapter_pending,no matched centroidal-momentum / Coriolis-matrix output in this library's public API,,,,,fp32-fd-warnings,2,,,0,0,,,,,,
g1,ccrba,grid_cuda,16,collection,float32,analytical,3,validated,,254.825732421875,248.51766611735027,,256,fp32-fd-warnings,2,0.0,0.0,0,3456,254.69333318074544,262.6664672851563,6.308066304524715,,6.221150559326816e-05,1.7158444165637202e-07
g1,ccrba,grid_cuda,32,collection,float32,analytical,3,validated,,253.65106633504232,246.56936696370443,,256,fp32-fd-warnings,2,0.0,0.0,0,6912,253.52983322143555,261.2234334309896,7.081699371337891,,6.221150559326816e-05,1.76145381616466e-07
g1,ccrba,grid_cuda,64,collection,float32,analytical,3,validated,,254.92366663614908,246.9449666341146,,256,fp32-fd-warnings,2,0.0,0.0,0,13824,254.92346623738607,254.95696665445965,7.978700002034486,,6.221150559326816e-05,1.7974627579154617e-07
g1,ccrba,grid_cuda,128,collection,float32,analytical,3,validated,,254.00543441772462,244.51293309529623,,256,fp32-fd-warnings,2,0.0,0.0,0,27648,253.97413380940756,254.03183288574218,9.492501322428382,,6.221150559326816e-05,1.8616383264858583e-07
g1,ccrba,grid_cuda,256,collection,float32,analytical,3,validated,,261.4386665344238,247.12016703287762,,256,fp32-fd-warnings,2,0.0,0.0,0,55296,261.22586619059246,268.88523381551107,14.3184995015462,,6.221150559326816e-05,1.8541684326920993e-07
g1,ccrba,grid_cuda,1024,collection,float32,analytical,3,validated,,994.6064997355144,941.3880996704102,,256,fp32-fd-warnings,2,0.0,0.0,0,221184,993.3445663452148,999.3139330546061,53.21840006510422,,6.221150559326816e-05,1.965563131831876e-07
g1,ccrba,grid_jax,16,collection,float32,analytical,3,validated,,683.1550000000003,396.74,,,fp32-fd-warnings,2,0.0,0.0,0,3456,546.9775999999999,770.2646333333334,286.4150000000003,,6.221150559326816e-05,1.7158444165637202e-07
g1,ccrba,grid_jax,32,collection,float32,analytical,3,validated,,564.6996666666668,393.86626666666666,,,fp32-fd-warnings,2,0.0,0.0,0,6912,457.5555666666666,661.2132666666668,170.8334000000001,,6.221150559326816e-05,1.76145381616466e-07
g1,ccrba,grid_jax,64,collection,float32,analytical,3,validated,,578.0319666666667,347.90556666666663,,,fp32-fd-warnings,2,0.0,0.0,0,13824,567.7689666666665,705.8921000000001,230.12640000000005,,6.221150559326816e-05,1.7974627579154617e-07
g1,ccrba,grid_jax,128,collection,float32,analytical,3,validated,,602.9332333333333,406.6658,,,fp32-fd-warnings,2,0.0,0.0,0,27648,584.2567666666666,769.1941333333335,196.26743333333332,,6.221150559326816e-05,1.8616383264858583e-07
g1,ccrba,grid_jax,256,collection,float32,analytical,3,validated,,568.0642333333334,396.7674666666666,,,fp32-fd-warnings,2,0.0,0.0,0,55296,559.2208333333334,573.9027999999998,,negative total-minus-resident in at least one repeat; recollect,6.221150559326816e-05,1.8541684326920993e-07
g1,ccrba,grid_jax,1024,collection,float32,analytical,3,validated,,1598.0393666666666,1261.2818,,,fp32-fd-warnings,2,0.0,0.0,0,221184,1545.5995666666665,1733.8829333333335,336.75756666666666,,6.221150559326816e-05,1.965563131831876e-07
g1,ccrba,mjx,16,collection,unknown,unknown,3,adapter_pending,no matched centroidal-momentum / Coriolis-matrix output in this library's public API,,,,,fp32-fd-warnings,2,,,0,0,,,,,,
g1,ccrba,mjx,32,collection,unknown,unknown,3,adapter_pending,no matched centroidal-momentum / Coriolis-matrix output in this library's public API,,,,,fp32-fd-warnings,2,,,0,0,,,,,,
g1,ccrba,mjx,64,collection,unknown,unknown,3,adapter_pending,no matched centroidal-momentum / Coriolis-matrix output in this library's public API,,,,,fp32-fd-warnings,2,,,0,0,,,,,,
g1,ccrba,mjx,128,collection,unknown,unknown,3,adapter_pending,no matched centroidal-momentum / Coriolis-matrix output in this library's public API,,,,,fp32-fd-warnings,2,,,0,0,,,,,,
g1,ccrba,mjx,256,collection,unknown,unknown,3,adapter_pending,no matched centroidal-momentum / Coriolis-matrix output in this library's public API,,,,,fp32-fd-warnings,2,,,0,0,,,,,,
g1,ccrba,mjx,1024,collection,unknown,unknown,3,adapter_pending,no matched centroidal-momentum / Coriolis-matrix output in this library's public API,,,,,fp32-fd-warnings,2,,,0,0,,,,,,
g1,ccrba,mujoco_cpu,16,collection,unknown,unknown,3,adapter_pending,no matched centroidal-momentum / Coriolis-matrix output in this library's public API,,,,,fp32-fd-warnings,2,,,0,0,,,,,,
g1,ccrba,mujoco_cpu,32,collection,unknown,unknown,3,adapter_pending,no matched centroidal-momentum / Coriolis-matrix output in this library's public API,,,,,fp32-fd-warnings,2,,,0,0,,,,,,
g1,ccrba,mujoco_cpu,64,collection,unknown,unknown,3,adapter_pending,no matched centroidal-momentum / Coriolis-matrix output in this library's public API,,,,,fp32-fd-warnings,2,,,0,0,,,,,,
g1,ccrba,mujoco_cpu,128,collection,unknown,unknown,3,adapter_pending,no matched centroidal-momentum / Coriolis-matrix output in this library's public API,,,,,fp32-fd-warnings,2,,,0,0,,,,,,
g1,ccrba,mujoco_cpu,256,collection,unknown,unknown,3,adapter_pending,no matched centroidal-momentum / Coriolis-matrix output in this library's public API,,,,,fp32-fd-warnings,2,,,0,0,,,,,,
g1,ccrba,mujoco_cpu,1024,collection,unknown,unknown,3,adapter_pending,no matched centroidal-momentum / Coriolis-matrix output in this library's public API,,,,,fp32-fd-warnings,2,,,0,0,,,,,,
g1,ccrba,mujoco_warp,16,collection,unknown,unknown,3,adapter_pending,no matched centroidal-momentum / Coriolis-matrix output in this library's public API,,,,,fp32-fd-warnings,2,,,0,0,,,,,,
g1,ccrba,mujoco_warp,32,collection,unknown,unknown,3,adapter_pending,no matched centroidal-momentum / Coriolis-matrix output in this library's public API,,,,,fp32-fd-warnings,2,,,0,0,,,,,,
g1,ccrba,mujoco_warp,64,collection,unknown,unknown,3,adapter_pending,no matched centroidal-momentum / Coriolis-matrix output in this library's public API,,,,,fp32-fd-warnings,2,,,0,0,,,,,,
g1,ccrba,mujoco_warp,128,collection,unknown,unknown,3,adapter_pending,no matched centroidal-momentum / Coriolis-matrix output in this library's public API,,,,,fp32-fd-warnings,2,,,0,0,,,,,,
g1,ccrba,mujoco_warp,256,collection,unknown,unknown,3,adapter_pending,no matched centroidal-momentum / Coriolis-matrix output in this library's public API,,,,,fp32-fd-warnings,2,,,0,0,,,,,,
g1,ccrba,mujoco_warp,1024,collection,unknown,unknown,3,adapter_pending,no matched centroidal-momentum / Coriolis-matrix output in this library's public API,,,,,fp32-fd-warnings,2,,,0,0,,,,,,
g1,ccrba,pinocchio,16,collection,unknown,unknown,3,adapter_pending,no CppADCodeGen class for this operation; see pinocchio_plain,,,,,fp32-fd-warnings,2,,,0,0,,,,,,
g1,ccrba,pinocchio,32,collection,unknown,unknown,3,adapter_pending,no CppADCodeGen class for this operation; see pinocchio_plain,,,,,fp32-fd-warnings,2,,,0,0,,,,,,
g1,ccrba,pinocchio,64,collection,unknown,unknown,3,adapter_pending,no CppADCodeGen class for this operation; see pinocchio_plain,,,,,fp32-fd-warnings,2,,,0,0,,,,,,
g1,ccrba,pinocchio,128,collection,unknown,unknown,3,adapter_pending,no CppADCodeGen class for this operation; see pinocchio_plain,,,,,fp32-fd-warnings,2,,,0,0,,,,,,
g1,ccrba,pinocchio,256,collection,unknown,unknown,3,adapter_pending,no CppADCodeGen class for this operation; see pinocchio_plain,,,,,fp32-fd-warnings,2,,,0,0,,,,,,
g1,ccrba,pinocchio,1024,collection,unknown,unknown,3,adapter_pending,no CppADCodeGen class for this operation; see pinocchio_plain,,,,,fp32-fd-warnings,2,,,0,0,,,,,,
g1,ccrba,pinocchio_plain,16,collection,float32,standard Pinocchio API (no codegen),3,validated,,15.254199999999999,,,8,fp32-fd-warnings,2,0.0,0.0,0,3456,15.1345,16.584199999999996,,,8.118321642314186e-05,1.7432181832913593e-07
g1,ccrba,pinocchio_plain,32,collection,float32,standard Pinocchio API (no codegen),3,validated,,20.15556666666666,,,8,fp32-fd-warnings,2,0.0,0.0,0,6912,20.125666666666667,20.167500000000004,,,8.118321642314186e-05,1.7112750535079356e-07
g1,ccrba,pinocchio_plain,64,collection,float32,standard Pinocchio API (no codegen),3,validated,,29.820733333333333,,,8,fp32-fd-warnings,2,0.0,0.0,0,13824,29.419999999999998,29.865499999999997,,,8.118321642314186e-05,1.6870310565340864e-07
g1,ccrba,pinocchio_plain,128,collection,float32,standard Pinocchio API (no codegen),3,validated,,46.07643333333333,,,8,fp32-fd-warnings,2,0.0,0.0,0,27648,43.52343333333332,48.93926666666666,,,8.118321642314186e-05,1.702224157636256e-07
g1,ccrba,pinocchio_plain,256,collection,float32,standard Pinocchio API (no codegen),3,validated,,80.77056666666665,,,8,fp32-fd-warnings,2,0.0,0.0,0,55296,80.44399999999999,87.26486666666666,,,8.118321642314186e-05,1.6972511813017446e-07
g1,ccrba,pinocchio_plain,1024,collection,float32,standard Pinocchio API (no codegen),3,validated,,493.2300333333333,,,8,fp32-fd-warnings,2,0.0,0.0,0,221184,471.3749666666666,503.44426666666664,,,8.118321642314186e-05,1.7286595260121588e-07
g1,coriolis_matrix,bard,16,collection,unknown,unknown,3,adapter_pending,no matched centroidal-momentum / Coriolis-matrix output in this library's public API,,,,,fp32-fd-warnings,2,,,0,0,,,,,,
g1,coriolis_matrix,bard,32,collection,unknown,unknown,3,adapter_pending,no matched centroidal-momentum / Coriolis-matrix output in this library's public API,,,,,fp32-fd-warnings,2,,,0,0,,,,,,
g1,coriolis_matrix,bard,64,collection,unknown,unknown,3,adapter_pending,no matched centroidal-momentum / Coriolis-matrix output in this library's public API,,,,,fp32-fd-warnings,2,,,0,0,,,,,,
g1,coriolis_matrix,bard,128,collection,unknown,unknown,3,adapter_pending,no matched centroidal-momentum / Coriolis-matrix output in this library's public API,,,,,fp32-fd-warnings,2,,,0,0,,,,,,
g1,coriolis_matrix,bard,256,collection,unknown,unknown,3,adapter_pending,no matched centroidal-momentum / Coriolis-matrix output in this library's public API,,,,,fp32-fd-warnings,2,,,0,0,,,,,,
g1,coriolis_matrix,bard,1024,collection,unknown,unknown,3,adapter_pending,no matched centroidal-momentum / Coriolis-matrix output in this library's public API,,,,,fp32-fd-warnings,2,,,0,0,,,,,,
g1,coriolis_matrix,frax,16,collection,unknown,unknown,3,adapter_pending,no matched centroidal-momentum / Coriolis-matrix output in this library's public API,,,,,fp32-fd-warnings,2,,,0,0,,,,,,
g1,coriolis_matrix,frax,32,collection,unknown,unknown,3,adapter_pending,no matched centroidal-momentum / Coriolis-matrix output in this library's public API,,,,,fp32-fd-warnings,2,,,0,0,,,,,,
g1,coriolis_matrix,frax,64,collection,unknown,unknown,3,adapter_pending,no matched centroidal-momentum / Coriolis-matrix output in this library's public API,,,,,fp32-fd-warnings,2,,,0,0,,,,,,
g1,coriolis_matrix,frax,128,collection,unknown,unknown,3,adapter_pending,no matched centroidal-momentum / Coriolis-matrix output in this library's public API,,,,,fp32-fd-warnings,2,,,0,0,,,,,,
g1,coriolis_matrix,frax,256,collection,unknown,unknown,3,adapter_pending,no matched centroidal-momentum / Coriolis-matrix output in this library's public API,,,,,fp32-fd-warnings,2,,,0,0,,,,,,
g1,coriolis_matrix,frax,1024,collection,unknown,unknown,3,adapter_pending,no matched centroidal-momentum / Coriolis-matrix output in this library's public API,,,,,fp32-fd-warnings,2,,,0,0,,,,,,
g1,coriolis_matrix,grid_cuda,16,collection,float32,analytical,3,validated,,135.4547996520996,130.8873326619466,,320,fp32-fd-warnings,2,0.0,0.0,0,19600,135.38840052286784,135.45690002441407,4.567466990153008,,0.00010054633497702525,3.06622425272035e-07
g1,coriolis_matrix,grid_cuda,32,collection,float32,analytical,3,validated,,138.0962999979655,130.54419962565103,,320,fp32-fd-warnings,2,0.0,0.0,0,39200,138.02303365071614,138.1211664835612,7.55210037231447,,0.00010054633497702525,3.050239972080781e-07
g1,coriolis_matrix,grid_cuda,64,collection,float32,analytical,3,validated,,141.94366734822592,130.7290003458659,,320,fp32-fd-warnings,2,0.0,0.0,0,78400,141.42356694539387,141.9727663675944,11.214667002360017,,0.00010054633497702525,3.0911903362061817e-07
g1,coriolis_matrix,grid_cuda,128,collection,float32,analytical,3,validated,,165.60413258870443,130.45330098470052,,320,fp32-fd-warnings,2,0.0,0.0,0,156800,164.81830012003581,167.49763310750325,35.15083160400391,,0.00010054633497702525,3.102736524341691e-07
g1,coriolis_matrix,grid_cuda,256,collection,float32,analytical,3,validated,,312.05103352864586,248.2305674235026,,320,fp32-fd-warnings,2,0.0,0.0,0,313600,311.9959327697754,315.3267328898112,63.820466105143254,,0.00010054633497702525,3.0271852041316354e-07
g1,coriolis_matrix,grid_cuda,1024,collection,float32,analytical,3,validated,,1085.3260327657065,842.6785672505697,,320,fp32-fd-warnings,2,0.0,0.0,0,1254400,1084.9254653930664,1087.5429677327475,242.6474655151368,,0.00010054633497702525,2.974537751053582e-07
g1,coriolis_matrix,grid_jax,16,collection,float32,analytical,3,validated,,306.97549999999995,242.47310000000002,,,fp32-fd-warnings,2,0.0,0.0,0,19600,286.70640000000003,430.2416666666666,64.50239999999994,,0.00010054633497702525,3.06622425272035e-07
g1,coriolis_matrix,grid_jax,32,collection,float32,analytical,3,validated,,363.8501999999999,241.73163333333335,,,fp32-fd-warnings,2,0.0,0.0,0,39200,355.85013333333336,423.9553333333334,122.11856666666657,,0.00010054633497702525,3.050239972080781e-07
g1,coriolis_matrix,grid_jax,64,collection,float32,analytical,3,validated,,359.9703666666666,354.80319999999995,,,fp32-fd-warnings,2,0.0,0.0,0,78400,340.4884666666667,370.04693333333336,,negative total-minus-resident in at least one repeat; recollect,0.00010054633497702525,3.0911903362061817e-07
g1,coriolis_matrix,grid_jax,128,collection,float32,analytical,3,validated,,478.34513333333337,352.8672666666666,,,fp32-fd-warnings,2,0.0,0.0,0,156800,398.9628333333333,673.4215333333335,125.47786666666678,,0.00010054633497702525,3.102736524341691e-07
g1,coriolis_matrix,grid_jax,256,collection,float32,analytical,3,validated,,592.7922000000001,257.75363333333337,,,fp32-fd-warnings,2,0.0,0.0,0,313600,521.8259333333333,698.5734999999999,335.0385666666667,,0.00010054633497702525,3.0271852041316354e-07
g1,coriolis_matrix,grid_jax,1024,collection,float32,analytical,3,validated,,1831.0270000000003,718.9499999999999,,,fp32-fd-warnings,2,0.0,0.0,0,1254400,1680.9686333333332,2053.404466666667,1112.0770000000002,,0.00010054633497702525,2.974537751053582e-07
g1,coriolis_matrix,mjx,16,collection,unknown,unknown,3,adapter_pending,no matched centroidal-momentum / Coriolis-matrix output in this library's public API,,,,,fp32-fd-warnings,2,,,0,0,,,,,,
g1,coriolis_matrix,mjx,32,collection,unknown,unknown,3,adapter_pending,no matched centroidal-momentum / Coriolis-matrix output in this library's public API,,,,,fp32-fd-warnings,2,,,0,0,,,,,,
g1,coriolis_matrix,mjx,64,collection,unknown,unknown,3,adapter_pending,no matched centroidal-momentum / Coriolis-matrix output in this library's public API,,,,,fp32-fd-warnings,2,,,0,0,,,,,,
g1,coriolis_matrix,mjx,128,collection,unknown,unknown,3,adapter_pending,no matched centroidal-momentum / Coriolis-matrix output in this library's public API,,,,,fp32-fd-warnings,2,,,0,0,,,,,,
g1,coriolis_matrix,mjx,256,collection,unknown,unknown,3,adapter_pending,no matched centroidal-momentum / Coriolis-matrix output in this library's public API,,,,,fp32-fd-warnings,2,,,0,0,,,,,,
g1,coriolis_matrix,mjx,1024,collection,unknown,unknown,3,adapter_pending,no matched centroidal-momentum / Coriolis-matrix output in this library's public API,,,,,fp32-fd-warnings,2,,,0,0,,,,,,
g1,coriolis_matrix,mujoco_cpu,16,collection,unknown,unknown,3,adapter_pending,no matched centroidal-momentum / Coriolis-matrix output in this library's public API,,,,,fp32-fd-warnings,2,,,0,0,,,,,,
g1,coriolis_matrix,mujoco_cpu,32,collection,unknown,unknown,3,adapter_pending,no matched centroidal-momentum / Coriolis-matrix output in this library's public API,,,,,fp32-fd-warnings,2,,,0,0,,,,,,
g1,coriolis_matrix,mujoco_cpu,64,collection,unknown,unknown,3,adapter_pending,no matched centroidal-momentum / Coriolis-matrix output in this library's public API,,,,,fp32-fd-warnings,2,,,0,0,,,,,,
g1,coriolis_matrix,mujoco_cpu,128,collection,unknown,unknown,3,adapter_pending,no matched centroidal-momentum / Coriolis-matrix output in this library's public API,,,,,fp32-fd-warnings,2,,,0,0,,,,,,
g1,coriolis_matrix,mujoco_cpu,256,collection,unknown,unknown,3,adapter_pending,no matched centroidal-momentum / Coriolis-matrix output in this library's public API,,,,,fp32-fd-warnings,2,,,0,0,,,,,,
g1,coriolis_matrix,mujoco_cpu,1024,collection,unknown,unknown,3,adapter_pending,no matched centroidal-momentum / Coriolis-matrix output in this library's public API,,,,,fp32-fd-warnings,2,,,0,0,,,,,,
g1,coriolis_matrix,mujoco_warp,16,collection,unknown,unknown,3,adapter_pending,no matched centroidal-momentum / Coriolis-matrix output in this library's public API,,,,,fp32-fd-warnings,2,,,0,0,,,,,,
g1,coriolis_matrix,mujoco_warp,32,collection,unknown,unknown,3,adapter_pending,no matched centroidal-momentum / Coriolis-matrix output in this library's public API,,,,,fp32-fd-warnings,2,,,0,0,,,,,,
g1,coriolis_matrix,mujoco_warp,64,collection,unknown,unknown,3,adapter_pending,no matched centroidal-momentum / Coriolis-matrix output in this library's public API,,,,,fp32-fd-warnings,2,,,0,0,,,,,,
g1,coriolis_matrix,mujoco_warp,128,collection,unknown,unknown,3,adapter_pending,no matched centroidal-momentum / Coriolis-matrix output in this library's public API,,,,,fp32-fd-warnings,2,,,0,0,,,,,,
g1,coriolis_matrix,mujoco_warp,256,collection,unknown,unknown,3,adapter_pending,no matched centroidal-momentum / Coriolis-matrix output in this library's public API,,,,,fp32-fd-warnings,2,,,0,0,,,,,,
g1,coriolis_matrix,mujoco_warp,1024,collection,unknown,unknown,3,adapter_pending,no matched centroidal-momentum / Coriolis-matrix output in this library's public API,,,,,fp32-fd-warnings,2,,,0,0,,,,,,
g1,coriolis_matrix,pinocchio,16,collection,unknown,unknown,3,adapter_pending,no CppADCodeGen class for this operation; see pinocchio_plain,,,,,fp32-fd-warnings,2,,,0,0,,,,,,
g1,coriolis_matrix,pinocchio,32,collection,unknown,unknown,3,adapter_pending,no CppADCodeGen class for this operation; see pinocchio_plain,,,,,fp32-fd-warnings,2,,,0,0,,,,,,
g1,coriolis_matrix,pinocchio,64,collection,unknown,unknown,3,adapter_pending,no CppADCodeGen class for this operation; see pinocchio_plain,,,,,fp32-fd-warnings,2,,,0,0,,,,,,
g1,coriolis_matrix,pinocchio,128,collection,unknown,unknown,3,adapter_pending,no CppADCodeGen class for this operation; see pinocchio_plain,,,,,fp32-fd-warnings,2,,,0,0,,,,,,
g1,coriolis_matrix,pinocchio,256,collection,unknown,unknown,3,adapter_pending,no CppADCodeGen class for this operation; see pinocchio_plain,,,,,fp32-fd-warnings,2,,,0,0,,,,,,
g1,coriolis_matrix,pinocchio,1024,collection,unknown,unknown,3,adapter_pending,no CppADCodeGen class for this operation; see pinocchio_plain,,,,,fp32-fd-warnings,2,,,0,0,,,,,,
g1,coriolis_matrix,pinocchio_plain,16,collection,float32,standard Pinocchio API (no codegen),3,validated,,24.239566666666665,,,8,fp32-fd-warnings,2,0.0,0.0,0,19600,24.225066666666667,25.387166666666662,,,8.411790440732148e-05,2.2165876076278363e-07
g1,coriolis_matrix,pinocchio_plain,32,collection,float32,standard Pinocchio API (no codegen),3,validated,,38.1599,,,8,fp32-fd-warnings,2,0.0,0.0,0,39200,38.09996666666666,38.49099999999999,,,8.411790440732148e-05,2.1977741925893216e-07
g1,coriolis_matrix,pinocchio_plain,64,collection,float32,standard Pinocchio API (no codegen),3,validated,,65.17186666666666,,,8,fp32-fd-warnings,2,0.0,0.0,0,78400,65.0958,65.81593333333333,,,8.411790440732148e-05,2.2048766769283297e-07
g1,coriolis_matrix,pinocchio_plain,128,collection,float32,standard Pinocchio API (no codegen),3,validated,,121.57856666666666,,,8,fp32-fd-warnings,2,0.0,0.0,0,156800,120.06779999999999,289.70669999999996,,,8.411790440732148e-05,2.1985252772643235e-07
g1,coriolis_matrix,pinocchio_plain,256,collection,float32,standard Pinocchio API (no codegen),3,validated,,439.5636666666666,,,8,fp32-fd-warnings,2,0.0,0.0,0,313600,390.8358999999999,460.77363333333335,,,8.411790440732148e-05,2.1737283211172888e-07
g1,coriolis_matrix,pinocchio_plain,1024,collection,float32,standard Pinocchio API (no codegen),3,validated,,1003.7605666666667,,,8,fp32-fd-warnings,2,0.0,0.0,0,1254400,995.1118999999999,1005.8213000000002,,,8.411790440732148e-05,2.1554304830386555e-07
g1,crba,bard,16,collection,float32,library dynamics,3,validated,,5417.0912,5350.281599999999,,,fp32-fd-warnings,2,0.0,0.0,0,19600,5393.3828,5442.138766666667,66.8096000000005,,8.43166015584984e-06,9.06692607537794e-08
g1,crba,bard,32,collection,float32,library dynamics,3,validated,,5438.356833333333,5309.639566666667,,,fp32-fd-warnings,2,0.0,0.0,0,39200,5414.3888,5468.154599999999,128.71726666666655,,8.43166015584984e-06,8.403268787769848e-08
g1,crba,bard,64,collection,float32,library dynamics,3,validated,,5493.475133333334,5360.7554666666665,,,fp32-fd-warnings,2,0.0,0.0,0,78400,5445.2344,5493.543366666668,,negative total-minus-resident in at least one repeat; recollect,8.43166015584984e-06,8.243254263055359e-08
g1,crba,bard,128,collection,float32,library dynamics,3,validated,,5613.571133333333,5489.489766666667,,,fp32-fd-warnings,2,0.0,0.0,0,156800,5521.399466666667,5682.634600000001,124.08136666666633,,8.43166015584984e-06,7.643890277893718e-08
g1,crba,bard,256,collection,float32,library dynamics,3,validated,,5719.637833333332,5482.8942,,,fp32-fd-warnings,2,0.0,0.0,0,313600,5585.391166666667,5751.0443,236.74363333333258,,8.43166015584984e-06,7.595370446059717e-08
g1,crba,bard,1024,collection,float32,library dynamics,3,validated,,5828.071000000001,5347.3012666666655,,,fp32-fd-warnings,2,0.0,0.0,0,1254400,5823.0926,5905.2733,480.76973333333535,,8.43166015584984e-06,7.424419985530518e-08
g1,crba,frax,16,collection,unknown,unknown,3,model_mismatch,existing Frax adapter uses a six-coordinate floating base; shared quaternion fixture needs a validated conversion,,,,,fp32-fd-warnings,2,,,0,0,,,,,,
g1,crba,frax,32,collection,unknown,unknown,3,model_mismatch,existing Frax adapter uses a six-coordinate floating base; shared quaternion fixture needs a validated conversion,,,,,fp32-fd-warnings,2,,,0,0,,,,,,
g1,crba,frax,64,collection,unknown,unknown,3,model_mismatch,existing Frax adapter uses a six-coordinate floating base; shared quaternion fixture needs a validated conversion,,,,,fp32-fd-warnings,2,,,0,0,,,,,,
g1,crba,frax,128,collection,unknown,unknown,3,model_mismatch,existing Frax adapter uses a six-coordinate floating base; shared quaternion fixture needs a validated conversion,,,,,fp32-fd-warnings,2,,,0,0,,,,,,
g1,crba,frax,256,collection,unknown,unknown,3,model_mismatch,existing Frax adapter uses a six-coordinate floating base; shared quaternion fixture needs a validated conversion,,,,,fp32-fd-warnings,2,,,0,0,,,,,,
g1,crba,frax,1024,collection,unknown,unknown,3,model_mismatch,existing Frax adapter uses a six-coordinate floating base; shared quaternion fixture needs a validated conversion,,,,,fp32-fd-warnings,2,,,0,0,,,,,,
g1,crba,grid_cuda,16,collection,float32,analytical,3,validated,,42.0305669148763,34.401099650065106,,384,fp32-fd-warnings,2,0.0,0.0,0,19600,41.97250010172526,42.09399948120117,7.629467264811197,,8.43166015584984e-06,8.885799412166267e-08
g1,crba,grid_cuda,32,collection,float32,analytical,3,validated,,44.37963307698568,34.431366475423175,,384,fp32-fd-warnings,2,0.0,0.0,0,39200,44.21520004272461,44.406333923339844,9.948266601562501,,8.43166015584984e-06,7.952812975149675e-08
g1,crba,grid_cuda,64,collection,float32,analytical,3,validated,,48.1843994140625,33.845533498128255,,384,fp32-fd-warnings,2,0.0,0.0,0,78400,48.16110102335612,48.21889979044597,14.338865915934242,,8.43166015584984e-06,7.678152998570995e-08
g1,crba,grid_cuda,128,collection,float32,analytical,3,validated,,70.92746658325196,34.29760004679362,,384,fp32-fd-warnings,2,0.0,0.0,0,156800,70.91806589762369,71.78153330485026,36.62986653645834,,8.43166015584984e-06,7.559532466423206e-08
g1,crba,grid_cuda,256,collection,float32,analytical,3,validated,,103.61083374023437,35.215667470296225,,384,fp32-fd-warnings,2,0.0,0.0,0,313600,102.21139984130859,103.91899998982747,68.39516626993814,,8.43166015584984e-06,7.665967480024833e-08
g1,crba,grid_cuda,1024,collection,float32,analytical,3,validated,,369.12549921671547,120.10276667277019,,384,fp32-fd-warnings,2,0.0,0.0,0,1254400,368.511666615804,370.64066619873046,249.02273254394527,,8.43166015584984e-06,7.592795230727907e-08
g1,crba,grid_jax,16,collection,float32,analytical,3,validated,,149.9321333333333,60.9639,,,fp32-fd-warnings,2,0.0,0.0,0,19600,147.6300333333333,441.17246666666665,88.9682333333333,,8.43166015584984e-06,8.885799412166267e-08
g1,crba,grid_jax,32,collection,float32,analytical,3,validated,,627.2095000000002,67.80696666666667,,,fp32-fd-warnings,2,0.0,0.0,0,39200,162.66476666666668,680.7467333333334,559.4025333333335,,8.43166015584984e-06,7.952812975149675e-08
g1,crba,grid_jax,64,collection,float32,analytical,3,validated,,282.22793333333334,60.542366666666666,,,fp32-fd-warnings,2,0.0,0.0,0,78400,199.37163333333334,696.2107,221.68556666666666,,8.43166015584984e-06,7.678152998570995e-08
g1,crba,grid_jax,128,collection,float32,analytical,3,validated,,408.51230000000004,59.906699999999994,,,fp32-fd-warnings,2,0.0,0.0,0,156800,334.8679333333333,794.6029,348.60560000000004,,8.43166015584984e-06,7.559532466423206e-08
g1,crba,grid_jax,256,collection,float32,analytical,3,validated,,638.6462666666667,60.831066666666665,,,fp32-fd-warnings,2,0.0,0.0,0,313600,424.8183,966.0883999999999,577.8152000000001,,8.43166015584984e-06,7.665967480024833e-08
g1,crba,grid_jax,1024,collection,float32,analytical,3,validated,,1618.7613666666666,366.1185,,,fp32-fd-warnings,2,0.0,0.0,0,1254400,1168.1991333333337,1723.8666999999998,1252.6428666666666,,8.43166015584984e-06,7.592795230727907e-08
g1,crba,mjx,16,collection,float32,simulator CRB + dense mass matrix,3,validated,,411.90040000000005,247.89923333333337,,,fp32-fd-warnings,2,3.814697265625e-06,6.833954157913892e-08,0,19600,379.32899999999995,475.9199666666666,164.00116666666668,,8.10216786106821e-06,1.361815931243554e-07
g1,crba,mjx,32,collection,float32,simulator CRB + dense mass matrix,3,validated,,428.10066666666665,220.61273333333332,,,fp32-fd-warnings,2,3.814697265625e-06,9.217666389985931e-08,0,39200,393.02903333333336,537.9505666666666,207.48793333333333,,1.1362257737346226e-05,1.4041978422356108e-07
g1,crba,mjx,64,collection,float32,simulator CRB + dense mass matrix,3,validated,,574.6954333333334,447.6048333333334,,,fp32-fd-warnings,2,3.814697265625e-06,7.410916115350128e-08,0,78400,394.54723333333345,728.8209666666668,,negative total-minus-resident in at least one repeat; recollect,1.1362257737346226e-05,1.3605054276720357e-07
g1,crba,mjx,128,collection,float32,simulator CRB + dense mass matrix,3,validated,,575.8053333333332,246.9967333333333,,,fp32-fd-warnings,2,3.814697265625e-06,6.617699933369805e-08,0,156800,518.0867666666666,804.4194,328.80859999999996,,1.0816879942865398e-05,1.3999921861107345e-07
g1,crba,mjx,256,collection,float32,simulator CRB + dense mass matrix,3,validated,,654.9992666666666,325.8164,,,fp32-fd-warnings,2,3.814697265625e-06,8.690782787694453e-08,0,313600,600.3174333333334,687.7898333333334,329.1828666666666,,1.1518375494290467e-05,1.5832612449826322e-07
g1,crba,mjx,1024,collection,float32,simulator CRB + dense mass matrix,3,validated,,1313.5038333333334,382.7333333333333,,,fp32-fd-warnings,2,3.814697265625e-06,7.074696882245207e-08,0,1254400,1249.6036333333334,1874.3913333333333,930.7705000000001,,1.3785208615502142e-05,1.5624816516479828e-07
g1,crba,mujoco_cpu,16,collection,float64,simulator CRB + dense mass matrix,3,validated,,76.06733333333334,,,,fp32-fd-warnings,2,0.0,0.0,0,19600,75.92656666666667,76.20779999999999,,,7.321445430363838e-06,8.681451608026691e-08
g1,crba,mujoco_cpu,32,collection,float64,simulator CRB + dense mass matrix,3,validated,,152.42323333333337,,,,fp32-fd-warnings,2,0.0,0.0,0,39200,151.9425666666667,152.47356666666667,,,7.725294842941821e-06,9.67584426127955e-08
g1,crba,mujoco_cpu,64,collection,float64,simulator CRB + dense mass matrix,3,validated,,318.72276666666664,,,,fp32-fd-warnings,2,0.0,0.0,0,78400,318.01959999999997,325.58813333333336,,,7.725294842941821e-06,8.992980179152801e-08
g1,crba,mujoco_cpu,128,collection,float64,simulator CRB + dense mass matrix,3,validated,,690.9805666666666,,,,fp32-fd-warnings,2,0.0,0.0,0,156800,677.7840666666667,692.7026333333334,,,7.725294842941821e-06,8.750003903037609e-08
g1,crba,mujoco_cpu,256,collection,float64,simulator CRB + dense mass matrix,3,validated,,1421.2223000000001,,,,fp32-fd-warnings,2,0.0,0.0,0,313600,1396.7821000000001,1425.0249333333334,,,7.890626413598056e-06,8.71315085012837e-08
g1,crba,mujoco_cpu,1024,collection,float64,simulator CRB + dense mass matrix,3,validated,,8002.731933333334,,,,fp32-fd-warnings,2,0.0,0.0,0,1254400,7886.685300000001,8027.745966666667,,,1.0148245721097737e-05,9.25052226292672e-08
g1,crba,mujoco_warp,16,collection,float32,simulator CRB + dense mass matrix,3,validated,,118.70206666666665,71.41706666666666,288.2747666666666,,fp32-fd-warnings,2,2.682209014892578e-07,3.920256925764069e-09,0,19600,118.62763333333332,122.09179999999999,47.285,,8.10216786106821e-06,1.3733558547689854e-07
g1,crba,mujoco_warp,32,collection,float32,simulator CRB + dense mass matrix,3,validated,,139.32580000000002,77.42136666666667,294.6316333333333,,fp32-fd-warnings,2,3.814697265625e-06,3.3058422024965786e-08,0,39200,138.11516666666668,139.53459999999998,61.904433333333344,,9.579518803093379e-06,1.4451740859490355e-07
g1,crba,mujoco_warp,64,collection,float32,simulator CRB + dense mass matrix,3,validated,,182.5751,84.37936666666666,294.65070000000003,,fp32-fd-warnings,2,3.814697265625e-06,3.040955674647006e-08,0,78400,180.5572333333333,187.98579999999995,98.19573333333334,,1.1362257737346226e-05,1.5590412951203643e-07
g1,crba,mujoco_warp,128,collection,float32,simulator CRB + dense mass matrix,3,validated,,260.9116333333333,94.38679999999998,299.3309333333334,,fp32-fd-warnings,2,3.814697265625e-06,3.955637160771821e-08,0,156800,248.80103333333332,267.9672,166.52483333333333,,1.1362257737346226e-05,1.5608968792281388e-07
g1,crba,mujoco_warp,256,collection,float32,simulator CRB + dense mass matrix,3,validated,,332.74699999999996,102.87786666666669,296.08199999999994,,fp32-fd-warnings,2,3.814697265625e-06,3.9629126071286065e-08,0,313600,327.166,349.2638333333334,229.86913333333325,,1.1518375494290467e-05,1.5439688864749903e-07
g1,crba,mujoco_warp,1024,collection,float32,simulator CRB + dense mass matrix,3,validated,,788.3554666666668,116.00773333333333,290.5457333333334,,fp32-fd-warnings,2,3.814697265625e-06,3.6748269489911656e-08,0,1254400,786.0657000000002,921.0087333333335,672.3477333333334,,1.3785208615502142e-05,1.613768449060189e-07
g1,crba,pinocchio,16,collection,float32,codegen,3,validated,,15.783999999999999,,,8,fp32-fd-warnings,2,0.0,0.0,0,19600,15.7358,16.210933333333333,,,8.43166015584984e-06,1.4069069406468216e-07
g1,crba,pinocchio,32,collection,float32,codegen,3,validated,,21.4189,,,8,fp32-fd-warnings,2,0.0,0.0,0,39200,21.414466666666666,21.480533333333334,,,1.224635742147484e-05,1.372274565864623e-07
g1,crba,pinocchio,64,collection,float32,codegen,3,validated,,32.39286666666667,,,8,fp32-fd-warnings,2,0.0,0.0,0,78400,32.14436666666667,32.46933333333334,,,1.224635742147484e-05,1.2751988429992716e-07
g1,crba,pinocchio,128,collection,float32,codegen,3,validated,,49.9494,,,8,fp32-fd-warnings,2,0.0,0.0,0,156800,48.259400000000014,53.82189999999999,,,1.224635742147484e-05,1.2342811631580552e-07
g1,crba,pinocchio,256,collection,float32,codegen,3,validated,,90.28366666666668,,,8,fp32-fd-warnings,2,0.0,0.0,0,313600,87.48113333333335,97.15306666666667,,,1.224635742147484e-05,1.2532966736714718e-07
g1,crba,pinocchio,1024,collection,float32,codegen,3,validated,,325.80350000000004,,,8,fp32-fd-warnings,2,0.0,0.0,0,1254400,322.47503333333333,434.9465333333333,,,1.224635742147484e-05,1.291441367366029e-07
g1,crba,pinocchio_plain,16,collection,float32,standard Pinocchio API (no codegen),3,validated,,22.36443333333333,,,8,fp32-fd-warnings,2,0.0,0.0,0,19600,22.280766666666658,23.996333333333332,,,8.022656245998405e-07,3.0148042786278225e-08
g1,crba,pinocchio_plain,32,collection,float32,standard Pinocchio API (no codegen),3,validated,,36.28536666666666,,,8,fp32-fd-warnings,2,0.0,0.0,0,39200,34.65383333333333,37.02976666666666,,,8.022656245998405e-07,3.06669325167154e-08
g1,crba,pinocchio_plain,64,collection,float32,standard Pinocchio API (no codegen),3,validated,,70.34626666666666,,,4/8,fp32-fd-warnings,2,0.0,0.0,0,78400,63.06043333333334,113.88063333333335,,,9.73153365002588e-07,3.190620609363982e-08
g1,crba,pinocchio_plain,128,collection,float32,standard Pinocchio API (no codegen),3,validated,,115.37653333333333,,,8,fp32-fd-warnings,2,0.0,0.0,0,156800,114.71549999999999,117.66096666666665,,,1.1270476143465658e-06,3.176714793685696e-08
g1,crba,pinocchio_plain,256,collection,float32,standard Pinocchio API (no codegen),3,validated,,221.02306666666667,,,8,fp32-fd-warnings,2,0.0,0.0,0,313600,217.5058666666667,410.15916666666664,,,1.1270476143465658e-06,3.172267895870101e-08
g1,crba,pinocchio_plain,1024,collection,float32,standard Pinocchio API (no codegen),3,validated,,996.1629000000001,,,8,fp32-fd-warnings,2,0.0,0.0,0,1254400,993.4792000000001,1079.7193666666667,,,1.3182495024466334e-06,3.148550383968049e-08
g1,end_effector_pose,bard,16,collection,unknown,unknown,3,adapter_pending,selected operation not wired; not a library capability claim,,,,,fp32-fd-warnings,2,,,0,0,,,,,,
g1,end_effector_pose,bard,32,collection,unknown,unknown,3,adapter_pending,selected operation not wired; not a library capability claim,,,,,fp32-fd-warnings,2,,,0,0,,,,,,
g1,end_effector_pose,bard,64,collection,unknown,unknown,3,adapter_pending,selected operation not wired; not a library capability claim,,,,,fp32-fd-warnings,2,,,0,0,,,,,,
g1,end_effector_pose,bard,128,collection,unknown,unknown,3,adapter_pending,selected operation not wired; not a library capability claim,,,,,fp32-fd-warnings,2,,,0,0,,,,,,
g1,end_effector_pose,bard,256,collection,unknown,unknown,3,adapter_pending,selected operation not wired; not a library capability claim,,,,,fp32-fd-warnings,2,,,0,0,,,,,,
g1,end_effector_pose,bard,1024,collection,unknown,unknown,3,adapter_pending,selected operation not wired; not a library capability claim,,,,,fp32-fd-warnings,2,,,0,0,,,,,,
g1,end_effector_pose,frax,16,collection,unknown,unknown,3,model_mismatch,existing Frax adapter uses a six-coordinate floating base; shared quaternion fixture needs a validated conversion,,,,,fp32-fd-warnings,2,,,0,0,,,,,,
g1,end_effector_pose,frax,32,collection,unknown,unknown,3,model_mismatch,existing Frax adapter uses a six-coordinate floating base; shared quaternion fixture needs a validated conversion,,,,,fp32-fd-warnings,2,,,0,0,,,,,,
g1,end_effector_pose,frax,64,collection,unknown,unknown,3,model_mismatch,existing Frax adapter uses a six-coordinate floating base; shared quaternion fixture needs a validated conversion,,,,,fp32-fd-warnings,2,,,0,0,,,,,,
g1,end_effector_pose,frax,128,collection,unknown,unknown,3,model_mismatch,existing Frax adapter uses a six-coordinate floating base; shared quaternion fixture needs a validated conversion,,,,,fp32-fd-warnings,2,,,0,0,,,,,,
g1,end_effector_pose,frax,256,collection,unknown,unknown,3,model_mismatch,existing Frax adapter uses a six-coordinate floating base; shared quaternion fixture needs a validated conversion,,,,,fp32-fd-warnings,2,,,0,0,,,,,,
g1,end_effector_pose,frax,1024,collection,unknown,unknown,3,model_mismatch,existing Frax adapter uses a six-coordinate floating base; shared quaternion fixture needs a validated conversion,,,,,fp32-fd-warnings,2,,,0,0,,,,,,
g1,end_effector_pose,grid_cuda,16,collection,float32,analytical,3,validated,,46.96816635131836,34.81573257446289,,256,fp32-fd-warnings,2,0.0,0.0,0,96,46.672699737548825,47.08263295491536,12.152433776855467,,2.203860618443798e-07,5.879135418008479e-08
g1,end_effector_pose,grid_cuda,32,collection,float32,analytical,3,validated,,46.911599477132164,34.7909662882487,,256,fp32-fd-warnings,2,0.0,0.0,0,192,46.483933766682945,46.91526743570964,,negative total-minus-resident in at least one repeat; recollect,2.203860618443798e-07,5.5625064484981887e-08
g1,end_effector_pose,grid_cuda,64,collection,float32,analytical,3,validated,,43.06143315633138,34.637499745686846,,256,fp32-fd-warnings,2,0.0,0.0,0,384,42.33773371378581,43.22343317667643,8.423933410644537,,2.203860618443798e-07,5.1688098122652876e-08
g1,end_effector_pose,grid_cuda,128,collection,float32,analytical,3,validated,,43.47513326009115,34.49583358764649,,256,fp32-fd-warnings,2,0.0,0.0,0,768,42.842333221435545,43.709267171223956,8.979299672444661,,4.836061151536342e-07,5.881747340133636e-08
g1,end_effector_pose,grid_cuda,256,collection,float32,analytical,3,validated,,47.01186676025391,34.89646682739258,,256,fp32-fd-warnings,2,0.0,0.0,0,1536,44.48796666463216,48.073333231608075,12.11539993286133,,5.462121957511279e-07,5.9961025631142e-08
g1,end_effector_pose,grid_cuda,1024,collection,float32,analytical,3,validated,,93.8727663675944,67.5985336303711,,256,fp32-fd-warnings,2,0.0,0.0,0,6144,92.6874003092448,98.06266632080079,26.2742327372233,,2.8041783867727155e-06,6.820962412473517e-08
g1,end_effector_pose,grid_jax,16,collection,float32,analytical,3,validated,,134.40099999999998,57.272133333333336,,,fp32-fd-warnings,2,0.0,0.0,0,96,134.38846666666666,139.07703333333333,77.12886666666665,,2.203860618443798e-07,5.879135418008479e-08
g1,end_effector_pose,grid_jax,32,collection,float32,analytical,3,validated,,135.01026666666667,57.53343333333333,,,fp32-fd-warnings,2,0.0,0.0,0,192,132.5143,136.85563333333332,77.47683333333333,,2.203860618443798e-07,5.5625064484981887e-08
g1,end_effector_pose,grid_jax,64,collection,float32,analytical,3,validated,,136.44410000000002,57.64779999999999,,,fp32-fd-warnings,2,0.0,0.0,0,384,134.6018,294.53800000000007,78.79630000000003,,2.203860618443798e-07,5.1688098122652876e-08
g1,end_effector_pose,grid_jax,128,collection,float32,analytical,3,validated,,137.4655666666667,57.518233333333335,,,fp32-fd-warnings,2,0.0,0.0,0,768,135.16133333333335,250.3439333333333,79.94733333333335,,4.836061151536342e-07,5.881747340133636e-08
g1,end_effector_pose,grid_jax,256,collection,float32,analytical,3,validated,,140.00553333333332,58.65616666666667,,,fp32-fd-warnings,2,0.0,0.0,0,1536,139.65926666666667,208.8073333333333,81.34936666666664,,5.462121957511279e-07,5.9961025631142e-08
g1,end_effector_pose,grid_jax,1024,collection,float32,analytical,3,validated,,320.49213333333336,94.14523333333334,,,fp32-fd-warnings,2,0.0,0.0,0,6144,232.55473333333333,554.2043666666667,226.3469,,2.8041783867727155e-06,6.820962412473517e-08
g1,end_effector_pose,mjx,16,collection,float32,simulator,3,validated,,327.01616666666666,74.68189999999998,,,fp32-fd-warnings,2,0.0,0.0,0,96,252.34616666666665,520.4103,252.33426666666668,,1.4735029859211133e-06,5.365833313448001e-07
g1,end_effector_pose,mjx,32,collection,float32,simulator,3,validated,,367.84923333333336,85.42153333333334,,,fp32-fd-warnings,2,0.0,0.0,0,192,311.0994,459.789,282.4277,,2.6738191316599824e-06,6.41972163750527e-07
g1,end_effector_pose,mjx,64,collection,float32,simulator,3,validated,,325.9808666666667,90.5066,,,fp32-fd-warnings,2,0.0,0.0,0,384,313.85856666666666,461.49300000000005,235.47426666666672,,3.2213988332419063e-06,6.773836368240672e-07
g1,end_effector_pose,mjx,128,collection,float32,simulator,3,validated,,341.95320000000004,98.97673333333334,,,fp32-fd-warnings,2,0.0,0.0,0,768,304.4576333333334,473.3231666666666,242.97646666666668,,3.63898561769882e-06,6.587923546468742e-07
g1,end_effector_pose,mjx,256,collection,float32,simulator,3,validated,,415.53950000000003,99.91750000000002,,,fp32-fd-warnings,2,0.0,0.0,0,1536,297.48676666666665,540.6721,315.622,,7.384712257585413e-06,7.289052138971075e-07
g1,end_effector_pose,mjx,1024,collection,float32,simulator,3,validated,,404.73733333333337,83.46640000000002,,,fp32-fd-warnings,2,0.0,0.0,0,6144,384.01716666666664,466.47706666666664,321.27093333333335,,3.3727908974046095e-05,1.0188027032501827e-06
g1,end_effector_pose,mujoco_cpu,16,collection,float64,simulator,3,validated,,99.23736666666666,,,,fp32-fd-warnings,2,0.0,0.0,0,96,99.01503333333332,100.1167333333333,,,1.550125085847398e-06,5.376602713170751e-07
g1,end_effector_pose,mujoco_cpu,32,collection,float64,simulator,3,validated,,198.90316666666666,,,,fp32-fd-warnings,2,0.0,0.0,0,192,197.96116666666666,199.5120333333333,,,2.8527070630168794e-06,6.190228753369983e-07
g1,end_effector_pose,mujoco_cpu,64,collection,float64,simulator,3,validated,,390.0946666666666,,,,fp32-fd-warnings,2,0.0,0.0,0,384,386.68033333333335,390.0998,,,2.9839902967454535e-06,6.63614753883244e-07
g1,end_effector_pose,mujoco_cpu,128,collection,float64,simulator,3,validated,,791.7108333333333,,,,fp32-fd-warnings,2,0.0,0.0,0,768,790.2999666666667,795.8332333333332,,,3.59153748422103e-06,6.573493987897508e-07
g1,end_effector_pose,mujoco_cpu,256,collection,float64,simulator,3,validated,,1642.9615666666666,,,,fp32-fd-warnings,2,0.0,0.0,0,1536,1631.2739666666669,1676.0120666666662,,,7.728622610891911e-06,7.264010122396095e-07
g1,end_effector_pose,mujoco_cpu,1024,collection,float64,simulator,3,validated,,6639.040333333334,,,,fp32-fd-warnings,2,0.0,0.0,0,6144,6630.7153,6832.312499999999,,,3.879867655554037e-05,1.0423029001845468e-06
g1,end_effector_pose,mujoco_warp,16,collection,float32,simulator,3,validated,,56.503166666666665,26.323133333333338,47.36166666666666,,fp32-fd-warnings,2,0.0,0.0,0,96,55.95596666666667,56.633833333333335,30.180033333333327,,1.5164265245726227e-06,5.452928526087741e-07
g1,end_effector_pose,mujoco_warp,32,collection,float32,simulator,3,validated,,58.876666666666665,28.463766666666665,47.2526,,fp32-fd-warnings,2,0.0,0.0,0,192,57.74186666666667,59.648399999999995,30.4129,,2.8016192710200727e-06,6.31641942869833e-07
g1,end_effector_pose,mujoco_warp,64,collection,float32,simulator,3,validated,,60.52306666666667,29.49716666666667,48.61886666666666,,fp32-fd-warnings,2,0.0,0.0,0,384,60.34636666666667,62.10006666666666,31.025900000000004,,3.459817412343469e-06,6.711513545619084e-07
g1,end_effector_pose,mujoco_warp,128,collection,float32,simulator,3,validated,,63.922133333333335,30.308799999999998,48.753366666666665,,fp32-fd-warnings,2,0.0,0.0,0,768,63.427233333333334,64.0736,33.61333333333334,,3.459817412343469e-06,6.564616165702156e-07
g1,end_effector_pose,mujoco_warp,256,collection,float32,simulator,3,validated,,69.18483333333333,31.205566666666666,48.798100000000005,,fp32-fd-warnings,2,0.0,0.0,0,1536,68.5046,70.38176666666666,37.97926666666666,,7.563526191911585e-06,7.229001331720162e-07
g1,end_effector_pose,mujoco_warp,1024,collection,float32,simulator,3,validated,,80.96006666666666,33.414899999999996,49.5013,,fp32-fd-warnings,2,0.0,0.0,0,6144,80.49426666666666,81.33276666666666,47.54516666666667,,3.778102481877266e-05,1.0434205930669854e-06
g1,end_effector_pose,pinocchio,16,collection,float64,analytical direct/composed,3,validated,,13.764800000000003,,,8,fp32-fd-warnings,2,0.0,0.0,0,96,13.622966666666665,14.011099999999999,,,1.7256735596049566e-07,2.5602743544007746e-08
g1,end_effector_pose,pinocchio,32,collection,float64,analytical direct/composed,3,validated,,16.9874,,,8,fp32-fd-warnings,2,0.0,0.0,0,192,16.682,17.16256666666667,,,1.7256735596049566e-07,2.3214169154472144e-08
g1,end_effector_pose,pinocchio,64,collection,float64,analytical direct/composed,3,validated,,24.400466666666667,,,8,fp32-fd-warnings,2,0.0,0.0,0,384,24.379066666666667,24.49856666666666,,,1.7256735596049566e-07,1.908579903100612e-08
g1,end_effector_pose,pinocchio,128,collection,float64,analytical direct/composed,3,validated,,39.225633333333334,,,8,fp32-fd-warnings,2,0.0,0.0,0,768,39.022999999999996,39.7253,,,1.7256735596049566e-07,1.67979062014624e-08
g1,end_effector_pose,pinocchio,256,collection,float64,analytical direct/composed,3,validated,,53.26933333333333,,,8,fp32-fd-warnings,2,0.0,0.0,0,1536,52.50496666666667,65.76599999999999,,,2.151646651959993e-07,1.8647209196608945e-08
g1,end_effector_pose,pinocchio,1024,collection,float64,analytical direct/composed,3,validated,,364.4497333333334,,,8,fp32-fd-warnings,2,0.0,0.0,0,6144,336.4839666666666,388.82303333333334,,,6.977537032604175e-07,2.224665743835617e-08
g1,end_effector_pose,pinocchio_plain,16,collection,float64,analytical direct/composed,3,validated,,13.708399999999996,,,8,fp32-fd-warnings,2,0.0,0.0,0,96,13.6244,14.365333333333332,,,1.7256735596049566e-07,2.5602743544007746e-08
g1,end_effector_pose,pinocchio_plain,32,collection,float64,analytical direct/composed,3,validated,,17.1873,,,8,fp32-fd-warnings,2,0.0,0.0,0,192,17.11213333333333,17.338599999999996,,,1.7256735596049566e-07,2.3214169154472144e-08
g1,end_effector_pose,pinocchio_plain,64,collection,float64,analytical direct/composed,3,validated,,24.721433333333334,,,8,fp32-fd-warnings,2,0.0,0.0,0,384,24.696866666666665,25.424366666666668,,,1.7256735596049566e-07,1.908579903100612e-08
g1,end_effector_pose,pinocchio_plain,128,collection,float64,analytical direct/composed,3,validated,,39.540066666666675,,,8,fp32-fd-warnings,2,0.0,0.0,0,768,39.15206666666667,39.57450000000001,,,1.7256735596049566e-07,1.67979062014624e-08
g1,end_effector_pose,pinocchio_plain,256,collection,float64,analytical direct/composed,3,validated,,69.43553333333332,,,8,fp32-fd-warnings,2,0.0,0.0,0,1536,53.29153333333334,224.29603333333336,,,2.151646651959993e-07,1.8647209196608945e-08
g1,end_effector_pose,pinocchio_plain,1024,collection,float64,analytical direct/composed,3,validated,,382.1645666666667,,,8,fp32-fd-warnings,2,0.0,0.0,0,6144,349.68036666666654,408.6099000000001,,,6.977537032604175e-07,2.224665743835617e-08
g1,end_effector_pose_gradient,bard,16,collection,unknown,unknown,3,adapter_pending,selected operation not wired; not a library capability claim,,,,,fp32-fd-warnings,2,,,0,0,,,,,,
g1,end_effector_pose_gradient,bard,32,collection,unknown,unknown,3,adapter_pending,selected operation not wired; not a library capability claim,,,,,fp32-fd-warnings,2,,,0,0,,,,,,
g1,end_effector_pose_gradient,bard,64,collection,unknown,unknown,3,adapter_pending,selected operation not wired; not a library capability claim,,,,,fp32-fd-warnings,2,,,0,0,,,,,,
g1,end_effector_pose_gradient,bard,128,collection,unknown,unknown,3,adapter_pending,selected operation not wired; not a library capability claim,,,,,fp32-fd-warnings,2,,,0,0,,,,,,
g1,end_effector_pose_gradient,bard,256,collection,unknown,unknown,3,adapter_pending,selected operation not wired; not a library capability claim,,,,,fp32-fd-warnings,2,,,0,0,,,,,,
g1,end_effector_pose_gradient,bard,1024,collection,unknown,unknown,3,adapter_pending,selected operation not wired; not a library capability claim,,,,,fp32-fd-warnings,2,,,0,0,,,,,,
g1,end_effector_pose_gradient,frax,16,collection,unknown,unknown,3,model_mismatch,existing Frax adapter uses a six-coordinate floating base; shared quaternion fixture needs a validated conversion,,,,,fp32-fd-warnings,2,,,0,0,,,,,,
g1,end_effector_pose_gradient,frax,32,collection,unknown,unknown,3,model_mismatch,existing Frax adapter uses a six-coordinate floating base; shared quaternion fixture needs a validated conversion,,,,,fp32-fd-warnings,2,,,0,0,,,,,,
g1,end_effector_pose_gradient,frax,64,collection,unknown,unknown,3,model_mismatch,existing Frax adapter uses a six-coordinate floating base; shared quaternion fixture needs a validated conversion,,,,,fp32-fd-warnings,2,,,0,0,,,,,,
g1,end_effector_pose_gradient,frax,128,collection,unknown,unknown,3,model_mismatch,existing Frax adapter uses a six-coordinate floating base; shared quaternion fixture needs a validated conversion,,,,,fp32-fd-warnings,2,,,0,0,,,,,,
g1,end_effector_pose_gradient,frax,256,collection,unknown,unknown,3,model_mismatch,existing Frax adapter uses a six-coordinate floating base; shared quaternion fixture needs a validated conversion,,,,,fp32-fd-warnings,2,,,0,0,,,,,,
g1,end_effector_pose_gradient,frax,1024,collection,unknown,unknown,3,model_mismatch,existing Frax adapter uses a six-coordinate floating base; shared quaternion fixture needs a validated conversion,,,,,fp32-fd-warnings,2,,,0,0,,,,,,
g1,end_effector_pose_gradient,grid_jax,16,collection,float32,analytical,3,validated,,144.83953333333335,61.29606666666668,,,fp32-fd-warnings,2,0.0,0.0,0,3360,138.68826666666664,220.41723333333331,83.54346666666666,,1.7603017425926737e-06,2.4874267312821204e-07
g1,end_effector_pose_gradient,grid_jax,32,collection,float32,analytical,3,validated,,144.883,61.41366666666667,,,fp32-fd-warnings,2,0.0,0.0,0,6720,144.77783333333335,162.5144666666667,83.46933333333334,,1.7603017425926737e-06,1.9997791948074635e-07
g1,end_effector_pose_gradient,grid_jax,64,collection,float32,analytical,3,validated,,149.00303333333338,71.28213333333333,,,fp32-fd-warnings,2,0.0,0.0,0,13440,143.66133333333335,169.43146666666664,77.72090000000004,,1.7603017425926737e-06,2.0981442980787236e-07
g1,end_effector_pose_gradient,grid_jax,128,collection,float32,analytical,3,validated,,163.95399999999998,62.71226666666667,,,fp32-fd-warnings,2,0.0,0.0,0,26880,162.76393333333334,261.31683333333336,101.24173333333331,,1.7779444334564687e-06,2.0630281968114085e-07
g1,end_effector_pose_gradient,grid_jax,256,collection,float32,analytical,3,validated,,377.09666666666664,78.42366666666668,,,fp32-fd-warnings,2,0.0,0.0,0,53760,257.0765,523.5607333333334,298.67299999999994,,5.028290189557083e-06,2.479188397411809e-07
g1,end_effector_pose_gradient,grid_jax,1024,collection,float32,analytical,3,validated,,436.2339666666667,90.1438,,,fp32-fd-warnings,2,0.0,0.0,0,215040,324.3536333333333,803.2328666666667,346.0901666666667,,0.00018008614961217972,2.3284482112672013e-06
g1,end_effector_pose_gradient,mjx,16,collection,unknown,unknown,3,adapter_pending,selected operation not wired,,,,,fp32-fd-warnings,2,,,0,0,,,,,,
g1,end_effector_pose_gradient,mjx,32,collection,unknown,unknown,3,adapter_pending,selected operation not wired,,,,,fp32-fd-warnings,2,,,0,0,,,,,,
g1,end_effector_pose_gradient,mjx,64,collection,unknown,unknown,3,adapter_pending,selected operation not wired,,,,,fp32-fd-warnings,2,,,0,0,,,,,,
g1,end_effector_pose_gradient,mjx,128,collection,unknown,unknown,3,adapter_pending,selected operation not wired,,,,,fp32-fd-warnings,2,,,0,0,,,,,,
g1,end_effector_pose_gradient,mjx,256,collection,unknown,unknown,3,adapter_pending,selected operation not wired,,,,,fp32-fd-warnings,2,,,0,0,,,,,,
g1,end_effector_pose_gradient,mjx,1024,collection,unknown,unknown,3,adapter_pending,selected operation not wired,,,,,fp32-fd-warnings,2,,,0,0,,,,,,
g1,end_effector_pose_gradient,mujoco_cpu,16,collection,unknown,unknown,3,adapter_pending,no matched full tangent-space derivative adapter,,,,,fp32-fd-warnings,2,,,0,0,,,,,,
g1,end_effector_pose_gradient,mujoco_cpu,32,collection,unknown,unknown,3,adapter_pending,no matched full tangent-space derivative adapter,,,,,fp32-fd-warnings,2,,,0,0,,,,,,
g1,end_effector_pose_gradient,mujoco_cpu,64,collection,unknown,unknown,3,adapter_pending,no matched full tangent-space derivative adapter,,,,,fp32-fd-warnings,2,,,0,0,,,,,,
g1,end_effector_pose_gradient,mujoco_cpu,128,collection,unknown,unknown,3,adapter_pending,no matched full tangent-space derivative adapter,,,,,fp32-fd-warnings,2,,,0,0,,,,,,
g1,end_effector_pose_gradient,mujoco_cpu,256,collection,unknown,unknown,3,adapter_pending,no matched full tangent-space derivative adapter,,,,,fp32-fd-warnings,2,,,0,0,,,,,,
g1,end_effector_pose_gradient,mujoco_cpu,1024,collection,unknown,unknown,3,adapter_pending,no matched full tangent-space derivative adapter,,,,,fp32-fd-warnings,2,,,0,0,,,,,,
g1,end_effector_pose_gradient,mujoco_warp,16,collection,unknown,unknown,3,adapter_pending,no matched full tangent-space derivative adapter,,,,,fp32-fd-warnings,2,,,0,0,,,,,,
g1,end_effector_pose_gradient,mujoco_warp,32,collection,unknown,unknown,3,adapter_pending,no matched full tangent-space derivative adapter,,,,,fp32-fd-warnings,2,,,0,0,,,,,,
g1,end_effector_pose_gradient,mujoco_warp,64,collection,unknown,unknown,3,adapter_pending,no matched full tangent-space derivative adapter,,,,,fp32-fd-warnings,2,,,0,0,,,,,,
g1,end_effector_pose_gradient,mujoco_warp,128,collection,unknown,unknown,3,adapter_pending,no matched full tangent-space derivative adapter,,,,,fp32-fd-warnings,2,,,0,0,,,,,,
g1,end_effector_pose_gradient,mujoco_warp,256,collection,unknown,unknown,3,adapter_pending,no matched full tangent-space derivative adapter,,,,,fp32-fd-warnings,2,,,0,0,,,,,,
g1,end_effector_pose_gradient,mujoco_warp,1024,collection,unknown,unknown,3,adapter_pending,no matched full tangent-space derivative adapter,,,,,fp32-fd-warnings,2,,,0,0,,,,,,
g1,end_effector_pose_gradient,pinocchio,16,collection,unknown,unknown,3,adapter_pending,Pinocchio spatial kinematic derivatives are not the requested RPY pose-coordinate derivatives,,,,,fp32-fd-warnings,2,,,0,0,,,,,,
g1,end_effector_pose_gradient,pinocchio,32,collection,unknown,unknown,3,adapter_pending,Pinocchio spatial kinematic derivatives are not the requested RPY pose-coordinate derivatives,,,,,fp32-fd-warnings,2,,,0,0,,,,,,
g1,end_effector_pose_gradient,pinocchio,64,collection,unknown,unknown,3,adapter_pending,Pinocchio spatial kinematic derivatives are not the requested RPY pose-coordinate derivatives,,,,,fp32-fd-warnings,2,,,0,0,,,,,,
g1,end_effector_pose_gradient,pinocchio,128,collection,unknown,unknown,3,adapter_pending,Pinocchio spatial kinematic derivatives are not the requested RPY pose-coordinate derivatives,,,,,fp32-fd-warnings,2,,,0,0,,,,,,
g1,end_effector_pose_gradient,pinocchio,256,collection,unknown,unknown,3,adapter_pending,Pinocchio spatial kinematic derivatives are not the requested RPY pose-coordinate derivatives,,,,,fp32-fd-warnings,2,,,0,0,,,,,,
g1,end_effector_pose_gradient,pinocchio,1024,collection,unknown,unknown,3,adapter_pending,Pinocchio spatial kinematic derivatives are not the requested RPY pose-coordinate derivatives,,,,,fp32-fd-warnings,2,,,0,0,,,,,,
g1,end_effector_pose_gradient,pinocchio_plain,16,collection,unknown,unknown,3,adapter_pending,Pinocchio spatial kinematic derivatives are not the requested RPY pose-coordinate derivatives,,,,,fp32-fd-warnings,2,,,0,0,,,,,,
g1,end_effector_pose_gradient,pinocchio_plain,32,collection,unknown,unknown,3,adapter_pending,Pinocchio spatial kinematic derivatives are not the requested RPY pose-coordinate derivatives,,,,,fp32-fd-warnings,2,,,0,0,,,,,,
g1,end_effector_pose_gradient,pinocchio_plain,64,collection,unknown,unknown,3,adapter_pending,Pinocchio spatial kinematic derivatives are not the requested RPY pose-coordinate derivatives,,,,,fp32-fd-warnings,2,,,0,0,,,,,,
g1,end_effector_pose_gradient,pinocchio_plain,128,collection,unknown,unknown,3,adapter_pending,Pinocchio spatial kinematic derivatives are not the requested RPY pose-coordinate derivatives,,,,,fp32-fd-warnings,2,,,0,0,,,,,,
g1,end_effector_pose_gradient,pinocchio_plain,256,collection,unknown,unknown,3,adapter_pending,Pinocchio spatial kinematic derivatives are not the requested RPY pose-coordinate derivatives,,,,,fp32-fd-warnings,2,,,0,0,,,,,,
g1,end_effector_pose_gradient,pinocchio_plain,1024,collection,unknown,unknown,3,adapter_pending,Pinocchio spatial kinematic derivatives are not the requested RPY pose-coordinate derivatives,,,,,fp32-fd-warnings,2,,,0,0,,,,,,
g1,end_effector_pose_hessian,bard,16,collection,unknown,unknown,3,excluded_method,analytical Hessian study; no finite-difference or nested-autodiff Hessian sweep,,,,,fp32-fd-warnings,2,,,0,0,,,,,,
g1,end_effector_pose_hessian,bard,32,collection,unknown,unknown,3,excluded_method,analytical Hessian study; no finite-difference or nested-autodiff Hessian sweep,,,,,fp32-fd-warnings,2,,,0,0,,,,,,
g1,end_effector_pose_hessian,bard,64,collection,unknown,unknown,3,excluded_method,analytical Hessian study; no finite-difference or nested-autodiff Hessian sweep,,,,,fp32-fd-warnings,2,,,0,0,,,,,,
g1,end_effector_pose_hessian,bard,128,collection,unknown,unknown,3,excluded_method,analytical Hessian study; no finite-difference or nested-autodiff Hessian sweep,,,,,fp32-fd-warnings,2,,,0,0,,,,,,
g1,end_effector_pose_hessian,bard,256,collection,unknown,unknown,3,excluded_method,analytical Hessian study; no finite-difference or nested-autodiff Hessian sweep,,,,,fp32-fd-warnings,2,,,0,0,,,,,,
g1,end_effector_pose_hessian,bard,1024,collection,unknown,unknown,3,excluded_method,analytical Hessian study; no finite-difference or nested-autodiff Hessian sweep,,,,,fp32-fd-warnings,2,,,0,0,,,,,,
g1,end_effector_pose_hessian,frax,16,collection,unknown,unknown,3,excluded_method,analytical Hessian study; no finite-difference or nested-autodiff Hessian sweep,,,,,fp32-fd-warnings,2,,,0,0,,,,,,
g1,end_effector_pose_hessian,frax,32,collection,unknown,unknown,3,excluded_method,analytical Hessian study; no finite-difference or nested-autodiff Hessian sweep,,,,,fp32-fd-warnings,2,,,0,0,,,,,,
g1,end_effector_pose_hessian,frax,64,collection,unknown,unknown,3,excluded_method,analytical Hessian study; no finite-difference or nested-autodiff Hessian sweep,,,,,fp32-fd-warnings,2,,,0,0,,,,,,
g1,end_effector_pose_hessian,frax,128,collection,unknown,unknown,3,excluded_method,analytical Hessian study; no finite-difference or nested-autodiff Hessian sweep,,,,,fp32-fd-warnings,2,,,0,0,,,,,,
g1,end_effector_pose_hessian,frax,256,collection,unknown,unknown,3,excluded_method,analytical Hessian study; no finite-difference or nested-autodiff Hessian sweep,,,,,fp32-fd-warnings,2,,,0,0,,,,,,
g1,end_effector_pose_hessian,frax,1024,collection,unknown,unknown,3,excluded_method,analytical Hessian study; no finite-difference or nested-autodiff Hessian sweep,,,,,fp32-fd-warnings,2,,,0,0,,,,,,
g1,end_effector_pose_hessian,grid_jax,16,collection,float32,analytical,3,validated,,265.1756,75.79483333333333,,,fp32-fd-warnings,2,0.0,0.0,0,117600,199.72316666666666,329.21260000000007,,negative total-minus-resident in at least one repeat; recollect,3.827212140095071e-05,4.981299272059941e-06
g1,end_effector_pose_hessian,grid_jax,32,collection,float32,analytical,3,validated,,406.4971,83.7409,,,fp32-fd-warnings,2,0.0,0.0,0,235200,335.8292666666667,609.1970333333333,322.7562,,4.7094575393424876e-05,4.091061403855686e-06
g1,end_effector_pose_hessian,grid_jax,64,collection,float32,analytical,3,validated,,635.6967333333336,76.94853333333332,,,fp32-fd-warnings,2,0.0,0.0,0,470400,474.0387333333334,747.3937000000001,558.7482000000002,,4.8708972599342815e-05,4.315139173697178e-06
g1,end_effector_pose_hessian,grid_jax,128,collection,float32,analytical,3,validated,,1087.7698666666665,110.93536666666665,,,fp32-fd-warnings,2,0.0,0.0,0,940800,699.5939333333333,1636.8990666666664,976.8344999999999,,6.936185104677861e-05,3.2944277783151652e-06
g1,end_effector_pose_hessian,grid_jax,256,collection,float32,analytical,3,validated,,1667.3928999999998,84.07736666666666,,,fp32-fd-warnings,2,0.0,0.0,0,1881600,1387.319933333333,1798.276466666667,1583.3155333333332,,0.0001195739782779981,2.9020101046190957e-06
g1,end_effector_pose_hessian,grid_jax,1024,collection,float32,analytical,3,validated,,4232.654233333334,258.8332666666667,,,fp32-fd-warnings,2,0.0,0.0,0,7526400,4059.610433333334,4395.400333333334,3973.820966666667,,0.01636726847709724,8.134532851923655e-06
g1,end_effector_pose_hessian,mjx,16,collection,unknown,unknown,3,excluded_method,analytical Hessian study; no finite-difference or nested-autodiff Hessian sweep,,,,,fp32-fd-warnings,2,,,0,0,,,,,,
g1,end_effector_pose_hessian,mjx,32,collection,unknown,unknown,3,excluded_method,analytical Hessian study; no finite-difference or nested-autodiff Hessian sweep,,,,,fp32-fd-warnings,2,,,0,0,,,,,,
g1,end_effector_pose_hessian,mjx,64,collection,unknown,unknown,3,excluded_method,analytical Hessian study; no finite-difference or nested-autodiff Hessian sweep,,,,,fp32-fd-warnings,2,,,0,0,,,,,,
g1,end_effector_pose_hessian,mjx,128,collection,unknown,unknown,3,excluded_method,analytical Hessian study; no finite-difference or nested-autodiff Hessian sweep,,,,,fp32-fd-warnings,2,,,0,0,,,,,,
g1,end_effector_pose_hessian,mjx,256,collection,unknown,unknown,3,excluded_method,analytical Hessian study; no finite-difference or nested-autodiff Hessian sweep,,,,,fp32-fd-warnings,2,,,0,0,,,,,,
g1,end_effector_pose_hessian,mjx,1024,collection,unknown,unknown,3,excluded_method,analytical Hessian study; no finite-difference or nested-autodiff Hessian sweep,,,,,fp32-fd-warnings,2,,,0,0,,,,,,
g1,end_effector_pose_hessian,mujoco_cpu,16,collection,unknown,unknown,3,excluded_method,analytical Hessian study; no finite-difference or nested-autodiff Hessian sweep,,,,,fp32-fd-warnings,2,,,0,0,,,,,,
g1,end_effector_pose_hessian,mujoco_cpu,32,collection,unknown,unknown,3,excluded_method,analytical Hessian study; no finite-difference or nested-autodiff Hessian sweep,,,,,fp32-fd-warnings,2,,,0,0,,,,,,
g1,end_effector_pose_hessian,mujoco_cpu,64,collection,unknown,unknown,3,excluded_method,analytical Hessian study; no finite-difference or nested-autodiff Hessian sweep,,,,,fp32-fd-warnings,2,,,0,0,,,,,,
g1,end_effector_pose_hessian,mujoco_cpu,128,collection,unknown,unknown,3,excluded_method,analytical Hessian study; no finite-difference or nested-autodiff Hessian sweep,,,,,fp32-fd-warnings,2,,,0,0,,,,,,
g1,end_effector_pose_hessian,mujoco_cpu,256,collection,unknown,unknown,3,excluded_method,analytical Hessian study; no finite-difference or nested-autodiff Hessian sweep,,,,,fp32-fd-warnings,2,,,0,0,,,,,,
g1,end_effector_pose_hessian,mujoco_cpu,1024,collection,unknown,unknown,3,excluded_method,analytical Hessian study; no finite-difference or nested-autodiff Hessian sweep,,,,,fp32-fd-warnings,2,,,0,0,,,,,,
g1,end_effector_pose_hessian,mujoco_warp,16,collection,unknown,unknown,3,excluded_method,analytical Hessian study; no finite-difference or nested-autodiff Hessian sweep,,,,,fp32-fd-warnings,2,,,0,0,,,,,,
g1,end_effector_pose_hessian,mujoco_warp,32,collection,unknown,unknown,3,excluded_method,analytical Hessian study; no finite-difference or nested-autodiff Hessian sweep,,,,,fp32-fd-warnings,2,,,0,0,,,,,,
g1,end_effector_pose_hessian,mujoco_warp,64,collection,unknown,unknown,3,excluded_method,analytical Hessian study; no finite-difference or nested-autodiff Hessian sweep,,,,,fp32-fd-warnings,2,,,0,0,,,,,,
g1,end_effector_pose_hessian,mujoco_warp,128,collection,unknown,unknown,3,excluded_method,analytical Hessian study; no finite-difference or nested-autodiff Hessian sweep,,,,,fp32-fd-warnings,2,,,0,0,,,,,,
g1,end_effector_pose_hessian,mujoco_warp,256,collection,unknown,unknown,3,excluded_method,analytical Hessian study; no finite-difference or nested-autodiff Hessian sweep,,,,,fp32-fd-warnings,2,,,0,0,,,,,,
g1,end_effector_pose_hessian,mujoco_warp,1024,collection,unknown,unknown,3,excluded_method,analytical Hessian study; no finite-difference or nested-autodiff Hessian sweep,,,,,fp32-fd-warnings,2,,,0,0,,,,,,
g1,end_effector_pose_hessian,pinocchio,16,collection,unknown,unknown,3,adapter_pending,Pinocchio spatial kinematic derivatives are not the requested RPY pose-coordinate derivatives,,,,,fp32-fd-warnings,2,,,0,0,,,,,,
g1,end_effector_pose_hessian,pinocchio,32,collection,unknown,unknown,3,adapter_pending,Pinocchio spatial kinematic derivatives are not the requested RPY pose-coordinate derivatives,,,,,fp32-fd-warnings,2,,,0,0,,,,,,
g1,end_effector_pose_hessian,pinocchio,64,collection,unknown,unknown,3,adapter_pending,Pinocchio spatial kinematic derivatives are not the requested RPY pose-coordinate derivatives,,,,,fp32-fd-warnings,2,,,0,0,,,,,,
g1,end_effector_pose_hessian,pinocchio,128,collection,unknown,unknown,3,adapter_pending,Pinocchio spatial kinematic derivatives are not the requested RPY pose-coordinate derivatives,,,,,fp32-fd-warnings,2,,,0,0,,,,,,
g1,end_effector_pose_hessian,pinocchio,256,collection,unknown,unknown,3,adapter_pending,Pinocchio spatial kinematic derivatives are not the requested RPY pose-coordinate derivatives,,,,,fp32-fd-warnings,2,,,0,0,,,,,,
g1,end_effector_pose_hessian,pinocchio,1024,collection,unknown,unknown,3,adapter_pending,Pinocchio spatial kinematic derivatives are not the requested RPY pose-coordinate derivatives,,,,,fp32-fd-warnings,2,,,0,0,,,,,,
g1,end_effector_pose_hessian,pinocchio_plain,16,collection,unknown,unknown,3,adapter_pending,Pinocchio spatial kinematic derivatives are not the requested RPY pose-coordinate derivatives,,,,,fp32-fd-warnings,2,,,0,0,,,,,,
g1,end_effector_pose_hessian,pinocchio_plain,32,collection,unknown,unknown,3,adapter_pending,Pinocchio spatial kinematic derivatives are not the requested RPY pose-coordinate derivatives,,,,,fp32-fd-warnings,2,,,0,0,,,,,,
g1,end_effector_pose_hessian,pinocchio_plain,64,collection,unknown,unknown,3,adapter_pending,Pinocchio spatial kinematic derivatives are not the requested RPY pose-coordinate derivatives,,,,,fp32-fd-warnings,2,,,0,0,,,,,,
g1,end_effector_pose_hessian,pinocchio_plain,128,collection,unknown,unknown,3,adapter_pending,Pinocchio spatial kinematic derivatives are not the requested RPY pose-coordinate derivatives,,,,,fp32-fd-warnings,2,,,0,0,,,,,,
g1,end_effector_pose_hessian,pinocchio_plain,256,collection,unknown,unknown,3,adapter_pending,Pinocchio spatial kinematic derivatives are not the requested RPY pose-coordinate derivatives,,,,,fp32-fd-warnings,2,,,0,0,,,,,,
g1,end_effector_pose_hessian,pinocchio_plain,1024,collection,unknown,unknown,3,adapter_pending,Pinocchio spatial kinematic derivatives are not the requested RPY pose-coordinate derivatives,,,,,fp32-fd-warnings,2,,,0,0,,,,,,
g1,fdsva_so,bard,16,collection,unknown,unknown,3,excluded_method,analytical Hessian study; no finite-difference or nested-autodiff Hessian sweep,,,,,fp32-fd-warnings,2,,,0,0,,,,,,
g1,fdsva_so,bard,32,collection,unknown,unknown,3,excluded_method,analytical Hessian study; no finite-difference or nested-autodiff Hessian sweep,,,,,fp32-fd-warnings,2,,,0,0,,,,,,
g1,fdsva_so,bard,64,collection,unknown,unknown,3,excluded_method,analytical Hessian study; no finite-difference or nested-autodiff Hessian sweep,,,,,fp32-fd-warnings,2,,,0,0,,,,,,
g1,fdsva_so,bard,128,collection,unknown,unknown,3,excluded_method,analytical Hessian study; no finite-difference or nested-autodiff Hessian sweep,,,,,fp32-fd-warnings,2,,,0,0,,,,,,
g1,fdsva_so,bard,256,collection,unknown,unknown,3,excluded_method,analytical Hessian study; no finite-difference or nested-autodiff Hessian sweep,,,,,fp32-fd-warnings,2,,,0,0,,,,,,
g1,fdsva_so,bard,1024,collection,unknown,unknown,3,excluded_method,analytical Hessian study; no finite-difference or nested-autodiff Hessian sweep,,,,,fp32-fd-warnings,2,,,0,0,,,,,,
g1,fdsva_so,frax,16,collection,unknown,unknown,3,excluded_method,analytical Hessian study; no finite-difference or nested-autodiff Hessian sweep,,,,,fp32-fd-warnings,2,,,0,0,,,,,,
g1,fdsva_so,frax,32,collection,unknown,unknown,3,excluded_method,analytical Hessian study; no finite-difference or nested-autodiff Hessian sweep,,,,,fp32-fd-warnings,2,,,0,0,,,,,,
g1,fdsva_so,frax,64,collection,unknown,unknown,3,excluded_method,analytical Hessian study; no finite-difference or nested-autodiff Hessian sweep,,,,,fp32-fd-warnings,2,,,0,0,,,,,,
g1,fdsva_so,frax,128,collection,unknown,unknown,3,excluded_method,analytical Hessian study; no finite-difference or nested-autodiff Hessian sweep,,,,,fp32-fd-warnings,2,,,0,0,,,,,,
g1,fdsva_so,frax,256,collection,unknown,unknown,3,excluded_method,analytical Hessian study; no finite-difference or nested-autodiff Hessian sweep,,,,,fp32-fd-warnings,2,,,0,0,,,,,,
g1,fdsva_so,frax,1024,collection,unknown,unknown,3,excluded_method,analytical Hessian study; no finite-difference or nested-autodiff Hessian sweep,,,,,fp32-fd-warnings,2,,,0,0,,,,,,
g1,fdsva_so,grid_cuda,16,collection,float32,analytical,3,accuracy_warning,Entrywise oracle/variation gate exceeded; explicitly retained with errors reported,2158.311232757568,1651.542800394694,,512,fp32-fd-warnings,2,0.0,0.0,10397,2744000,2117.137500508626,2161.909567006429,506.76843236287414,,1.1593179226607617,7.496489695064758e-05
g1,fdsva_so,grid_cuda,32,collection,float32,analytical,3,accuracy_warning,Entrywise oracle/variation gate exceeded; explicitly retained with errors reported,2666.8104993184406,1696.7299334208171,,512,fp32-fd-warnings,2,0.0,0.0,15317,5488000,2663.9112665812177,2704.64703318278,970.0805658976235,,1.1593179226607617,7.161289349094614e-05
g1,fdsva_so,grid_cuda,64,collection,float32,analytical,3,accuracy_warning,Entrywise oracle/variation gate exceeded; explicitly retained with errors reported,3723.636067199707,1751.4871994018554,,512,fp32-fd-warnings,2,0.0,0.0,26670,10976000,3713.6766995747885,3763.007433319092,1972.1488677978518,,1.1593179226607617,6.947424775823745e-05
g1,fdsva_so,grid_cuda,128,collection,float32,analytical,3,accuracy_warning,Entrywise oracle/variation gate exceeded; explicitly retained with errors reported,6080.870466105143,2079.6649673461916,,512,fp32-fd-warnings,2,0.0,0.0,51187,21952000,6069.4756332397465,6090.9620669047035,4001.2054987589518,,1.1593179226607617,6.774219098844525e-05
g1,fdsva_so,grid_cuda,256,collection,float32,analytical,3,accuracy_warning,Entrywise oracle/variation gate exceeded; explicitly retained with errors reported,12117.62126642863,4058.589399210612,,512,fp32-fd-warnings,2,0.0,0.0,101088,43904000,12080.611932881673,12136.525965627034,8059.031867218018,,1.1593179226607617,6.559423033941892e-05
g1,fdsva_so,grid_cuda,1024,collection,float32,analytical,3,accuracy_warning,Entrywise oracle/variation gate exceeded; explicitly retained with errors reported,47612.13753306071,14935.452899424236,,512,fp32-fd-warnings,2,0.0,0.0,410257,175616000,47429.833465321855,47659.32456639608,32676.684633636476,,1.1593179226607617,6.130443197589072e-05
g1,fdsva_so,grid_jax,16,collection,float32,analytical,3,accuracy_warning,Entrywise oracle/variation gate exceeded; explicitly retained with errors reported,4519.321,2191.8057666666664,,,fp32-fd-warnings,2,0.0,0.0,10397,2744000,4459.512366666667,4565.292033333334,2327.5152333333335,,1.1593179226607617,7.496489695064758e-05
g1,fdsva_so,grid_jax,32,collection,float32,analytical,3,accuracy_warning,Entrywise oracle/variation gate exceeded; explicitly retained with errors reported,5485.745066666667,2270.0019333333335,,,fp32-fd-warnings,2,0.0,0.0,15317,5488000,5406.2871,6204.287899999999,3215.743133333334,,1.1593179226607617,7.161289349094614e-05
g1,fdsva_so,grid_jax,64,collection,float32,analytical,3,accuracy_warning,Entrywise oracle/variation gate exceeded; explicitly retained with errors reported,8848.603033333335,2334.7951333333335,,,fp32-fd-warnings,2,0.0,0.0,26670,10976000,8637.519766666668,9923.162700000003,6513.807900000002,,1.1593179226607617,6.947424775823745e-05
g1,fdsva_so,grid_jax,128,collection,float32,analytical,3,accuracy_warning,Entrywise oracle/variation gate exceeded; explicitly retained with errors reported,16753.859866666662,2765.2914,,,fp32-fd-warnings,2,0.0,0.0,51187,21952000,16250.8989,17006.590166666665,13988.568466666662,,1.1593179226607617,6.774219098844525e-05
g1,fdsva_so,grid_jax,256,collection,float32,analytical,3,accuracy_warning,Entrywise oracle/variation gate exceeded; explicitly retained with errors reported,35496.96566666666,5685.164499999998,,,fp32-fd-warnings,2,0.0,0.0,101088,43904000,35072.81106666666,35576.405099999996,29811.801166666664,,1.1593179226607617,6.559423033941892e-05
g1,fdsva_so,grid_jax,1024,collection,float32,analytical,3,accuracy_warning,Entrywise oracle/variation gate exceeded; explicitly retained with errors reported,155096.89253333336,18165.952400000002,,,fp32-fd-warnings,2,0.0,0.0,410257,175616000,141311.99233333333,217654.21419999996,136930.94013333335,,1.1593179226607617,6.130443197589072e-05
g1,fdsva_so,mjx,16,collection,unknown,unknown,3,excluded_method,analytical Hessian study; no finite-difference or nested-autodiff Hessian sweep,,,,,fp32-fd-warnings,2,,,0,0,,,,,,
g1,fdsva_so,mjx,32,collection,unknown,unknown,3,excluded_method,analytical Hessian study; no finite-difference or nested-autodiff Hessian sweep,,,,,fp32-fd-warnings,2,,,0,0,,,,,,
g1,fdsva_so,mjx,64,collection,unknown,unknown,3,excluded_method,analytical Hessian study; no finite-difference or nested-autodiff Hessian sweep,,,,,fp32-fd-warnings,2,,,0,0,,,,,,
g1,fdsva_so,mjx,128,collection,unknown,unknown,3,excluded_method,analytical Hessian study; no finite-difference or nested-autodiff Hessian sweep,,,,,fp32-fd-warnings,2,,,0,0,,,,,,
g1,fdsva_so,mjx,256,collection,unknown,unknown,3,excluded_method,analytical Hessian study; no finite-difference or nested-autodiff Hessian sweep,,,,,fp32-fd-warnings,2,,,0,0,,,,,,
g1,fdsva_so,mjx,1024,collection,unknown,unknown,3,excluded_method,analytical Hessian study; no finite-difference or nested-autodiff Hessian sweep,,,,,fp32-fd-warnings,2,,,0,0,,,,,,
g1,fdsva_so,mujoco_cpu,16,collection,unknown,unknown,3,excluded_method,analytical Hessian study; no finite-difference or nested-autodiff Hessian sweep,,,,,fp32-fd-warnings,2,,,0,0,,,,,,
g1,fdsva_so,mujoco_cpu,32,collection,unknown,unknown,3,excluded_method,analytical Hessian study; no finite-difference or nested-autodiff Hessian sweep,,,,,fp32-fd-warnings,2,,,0,0,,,,,,
g1,fdsva_so,mujoco_cpu,64,collection,unknown,unknown,3,excluded_method,analytical Hessian study; no finite-difference or nested-autodiff Hessian sweep,,,,,fp32-fd-warnings,2,,,0,0,,,,,,
g1,fdsva_so,mujoco_cpu,128,collection,unknown,unknown,3,excluded_method,analytical Hessian study; no finite-difference or nested-autodiff Hessian sweep,,,,,fp32-fd-warnings,2,,,0,0,,,,,,
g1,fdsva_so,mujoco_cpu,256,collection,unknown,unknown,3,excluded_method,analytical Hessian study; no finite-difference or nested-autodiff Hessian sweep,,,,,fp32-fd-warnings,2,,,0,0,,,,,,
g1,fdsva_so,mujoco_cpu,1024,collection,unknown,unknown,3,excluded_method,analytical Hessian study; no finite-difference or nested-autodiff Hessian sweep,,,,,fp32-fd-warnings,2,,,0,0,,,,,,
g1,fdsva_so,mujoco_warp,16,collection,unknown,unknown,3,excluded_method,analytical Hessian study; no finite-difference or nested-autodiff Hessian sweep,,,,,fp32-fd-warnings,2,,,0,0,,,,,,
g1,fdsva_so,mujoco_warp,32,collection,unknown,unknown,3,excluded_method,analytical Hessian study; no finite-difference or nested-autodiff Hessian sweep,,,,,fp32-fd-warnings,2,,,0,0,,,,,,
g1,fdsva_so,mujoco_warp,64,collection,unknown,unknown,3,excluded_method,analytical Hessian study; no finite-difference or nested-autodiff Hessian sweep,,,,,fp32-fd-warnings,2,,,0,0,,,,,,
g1,fdsva_so,mujoco_warp,128,collection,unknown,unknown,3,excluded_method,analytical Hessian study; no finite-difference or nested-autodiff Hessian sweep,,,,,fp32-fd-warnings,2,,,0,0,,,,,,
g1,fdsva_so,mujoco_warp,256,collection,unknown,unknown,3,excluded_method,analytical Hessian study; no finite-difference or nested-autodiff Hessian sweep,,,,,fp32-fd-warnings,2,,,0,0,,,,,,
g1,fdsva_so,mujoco_warp,1024,collection,unknown,unknown,3,excluded_method,analytical Hessian study; no finite-difference or nested-autodiff Hessian sweep,,,,,fp32-fd-warnings,2,,,0,0,,,,,,
g1,fdsva_so,pinocchio,16,collection,float64,analytical direct/composed,3,validated,,3181.6011000000008,,,8,fp32-fd-warnings,2,0.0,0.0,0,2744000,3147.5157000000004,3365.9775999999997,,,0.00285135335434461,3.0951624920054085e-07
g1,fdsva_so,pinocchio,32,collection,float64,analytical direct/composed,3,validated,,7130.421600000001,,,8,fp32-fd-warnings,2,0.0,0.0,0,5488000,7125.530866666666,7600.344033333332,,,0.004715559450232831,3.712700359992549e-07
g1,fdsva_so,pinocchio,64,collection,float64,analytical direct/composed,3,validated,,12003.4785,,,8,fp32-fd-warnings,2,0.0,0.0,0,10976000,11995.731966666666,12931.339000000002,,,0.0079812048261374,3.677479246341589e-07
g1,fdsva_so,pinocchio,128,collection,float64,analytical direct/composed,3,validated,,25054.610833333332,,,8,fp32-fd-warnings,2,0.0,0.0,0,21952000,24987.797666666673,25056.3761,,,0.0079812048261374,3.6920226210899556e-07
g1,fdsva_so,pinocchio,256,collection,float64,analytical direct/composed,3,validation_failed,ValueError: Independent-oracle validation failed; no timing collected,,,,1,fp32-fd-warnings,2,,,1,43904000,,,,,0.00932176978312782,3.909012533333411e-07
g1,fdsva_so,pinocchio,1024,collection,float64,analytical direct/composed,3,validation_failed,ValueError: Independent-oracle validation failed; no timing collected,,,,1,fp32-fd-warnings,2,,,3,175616000,,,,,0.01053067080101755,4.080197767315547e-07
g1,fdsva_so,pinocchio_plain,16,collection,float64,analytical direct/composed,3,validated,,3241.909733333334,,,8,fp32-fd-warnings,2,0.0,0.0,0,2744000,3184.4829333333337,3310.681466666667,,,0.00285135335434461,3.0951624920054085e-07
g1,fdsva_so,pinocchio_plain,32,collection,float64,analytical direct/composed,3,validated,,7126.397166666666,,,8,fp32-fd-warnings,2,0.0,0.0,0,5488000,6771.8709,7681.508100000001,,,0.004715559450232831,3.712700359992549e-07
g1,fdsva_so,pinocchio_plain,64,collection,float64,analytical direct/composed,3,validated,,12031.698299999998,,,8,fp32-fd-warnings,2,0.0,0.0,0,10976000,12001.632666666666,13349.2682,,,0.0079812048261374,3.677479246341589e-07
g1,fdsva_so,pinocchio_plain,128,collection,float64,analytical direct/composed,3,validated,,25107.993366666673,,,8,fp32-fd-warnings,2,0.0,0.0,0,21952000,25088.8342,27548.71673333333,,,0.0079812048261374,3.6920226210899556e-07
g1,fdsva_so,pinocchio_plain,256,collection,float64,analytical direct/composed,3,validation_failed,ValueError: Independent-oracle validation failed; no timing collected,,,,1,fp32-fd-warnings,2,,,1,43904000,,,,,0.00932176978312782,3.909012533333411e-07
g1,fdsva_so,pinocchio_plain,1024,collection,float64,analytical direct/composed,3,validation_failed,ValueError: Independent-oracle validation failed; no timing collected,,,,1,fp32-fd-warnings,2,,,3,175616000,,,,,0.01053067080101755,4.080197767315547e-07
g1,forward_dynamics,bard,16,collection,float32,library dynamics,3,validated,,6091.4745,6006.188566666667,,,fp32-fd-warnings,2,1.9073486328125e-06,2.083849826702465e-10,0,560,6044.379800000001,6195.468899999999,85.28593333333356,,0.002366616892629736,4.022823620850878e-07
g1,forward_dynamics,bard,32,collection,float32,library dynamics,3,validated,,6149.749633333332,6176.451633333333,,,fp32-fd-warnings,2,1.430511474609375e-06,1.4920601343192633e-10,0,1120,6081.771500000001,6230.526033333333,,negative total-minus-resident in at least one repeat; recollect,0.004136636423879736,3.5061917673732135e-07
g1,forward_dynamics,bard,64,collection,float32,library dynamics,3,validated,,6314.6625,6239.947999999999,,,fp32-fd-warnings,2,1.430511474609375e-06,1.417435050962034e-10,0,2240,6074.625133333334,6377.290766666668,74.71450000000095,,0.005912289206207788,3.416453013496905e-07
g1,forward_dynamics,bard,128,collection,float32,library dynamics,3,validated,,6297.961366666666,6263.807733333332,,,fp32-fd-warnings,2,0.0,0.0,0,4480,6249.431566666667,6394.247600000001,34.153633333334255,,0.003959164206207788,2.4744593649459184e-07
g1,forward_dynamics,bard,256,collection,float32,library dynamics,3,validated,,6356.0077999999985,6266.011733333334,,,fp32-fd-warnings,2,0.0,0.0,0,8960,6252.304133333332,6402.844866666666,89.99606666666477,,0.003959164206207788,2.0974508509675842e-07
g1,forward_dynamics,bard,1024,collection,float32,library dynamics,3,validated,,6302.981966666667,6208.668066666666,,,fp32-fd-warnings,2,0.0,0.0,0,35840,6232.964300000001,6386.9816,94.31390000000101,,0.003959164206207788,1.7021550635318376e-07
g1,forward_dynamics,frax,16,collection,unknown,unknown,3,model_mismatch,existing Frax adapter uses a six-coordinate floating base; shared quaternion fixture needs a validated conversion,,,,,fp32-fd-warnings,2,,,0,0,,,,,,
g1,forward_dynamics,frax,32,collection,unknown,unknown,3,model_mismatch,existing Frax adapter uses a six-coordinate floating base; shared quaternion fixture needs a validated conversion,,,,,fp32-fd-warnings,2,,,0,0,,,,,,
g1,forward_dynamics,frax,64,collection,unknown,unknown,3,model_mismatch,existing Frax adapter uses a six-coordinate floating base; shared quaternion fixture needs a validated conversion,,,,,fp32-fd-warnings,2,,,0,0,,,,,,
g1,forward_dynamics,frax,128,collection,unknown,unknown,3,model_mismatch,existing Frax adapter uses a six-coordinate floating base; shared quaternion fixture needs a validated conversion,,,,,fp32-fd-warnings,2,,,0,0,,,,,,
g1,forward_dynamics,frax,256,collection,unknown,unknown,3,model_mismatch,existing Frax adapter uses a six-coordinate floating base; shared quaternion fixture needs a validated conversion,,,,,fp32-fd-warnings,2,,,0,0,,,,,,
g1,forward_dynamics,frax,1024,collection,unknown,unknown,3,model_mismatch,existing Frax adapter uses a six-coordinate floating base; shared quaternion fixture needs a validated conversion,,,,,fp32-fd-warnings,2,,,0,0,,,,,,
g1,forward_dynamics,grid_cuda,16,collection,float32,analytical,3,validated,,83.7308339436849,74.20753275553385,,128,fp32-fd-warnings,2,0.0,0.0,0,560,83.68053283691407,83.77813339233398,9.523301188151052,,0.004829898293792212,7.357731533792626e-07
g1,forward_dynamics,grid_cuda,32,collection,float32,analytical,3,validated,,83.99710032145182,73.86569951375326,,128,fp32-fd-warnings,2,0.0,0.0,0,1120,83.89116668701172,84.02113316853841,10.131400807698569,,0.004829898293792212,5.479207941566272e-07
g1,forward_dynamics,grid_cuda,64,collection,float32,analytical,3,validated,,83.4856335957845,72.98463312784831,,128,fp32-fd-warnings,2,0.0,0.0,0,2240,83.3175666809082,83.49253311157227,10.501000467936194,,0.004829898293792212,3.9271757770038294e-07
g1,forward_dynamics,grid_cuda,128,collection,float32,analytical,3,validated,,84.52243372599284,73.34863357543945,,128,fp32-fd-warnings,2,0.0,0.0,0,4480,84.5222999572754,86.04656677246093,11.17380015055339,,0.004829898293792212,3.209639083691195e-07
g1,forward_dynamics,grid_cuda,256,collection,float32,analytical,3,validated,,152.051833597819,139.37279993693033,,128,fp32-fd-warnings,2,0.0,0.0,0,8960,151.99866689046223,152.05400009155272,12.679033660888678,,0.004829898293792212,2.710654694142427e-07
g1,forward_dynamics,grid_cuda,1024,collection,float32,analytical,3,validated,,486.48330052693683,458.8711334228516,,128,fp32-fd-warnings,2,0.0,0.0,0,35840,485.77826639811195,486.84560038248696,27.612167104085245,,0.004829898293792212,2.2942782033403373e-07
g1,forward_dynamics,grid_jax,16,collection,float32,analytical,3,validated,,269.4912,309.4014,,,fp32-fd-warnings,2,0.0,0.0,0,560,269.07610000000005,394.9778,,negative total-minus-resident in at least one repeat; recollect,0.004829898293792212,7.357731533792626e-07
g1,forward_dynamics,grid_jax,32,collection,float32,analytical,3,validated,,301.72360000000003,121.29239999999999,,,fp32-fd-warnings,2,0.0,0.0,0,1120,275.16336666666666,327.1727333333332,180.43120000000005,,0.004829898293792212,5.479207941566272e-07
g1,forward_dynamics,grid_jax,64,collection,float32,analytical,3,validated,,309.00079999999997,277.5620333333334,,,fp32-fd-warnings,2,0.0,0.0,0,2240,290.8323,365.0767,31.438766666666595,,0.004829898293792212,3.9271757770038294e-07
g1,forward_dynamics,grid_jax,128,collection,float32,analytical,3,validated,,297.40749999999997,122.33163333333333,,,fp32-fd-warnings,2,0.0,0.0,0,4480,257.94423333333333,397.5634333333334,,negative total-minus-resident in at least one repeat; recollect,0.004829898293792212,3.209639083691195e-07
g1,forward_dynamics,grid_jax,256,collection,float32,analytical,3,validated,,461.8148,376.9904666666667,,,fp32-fd-warnings,2,0.0,0.0,0,8960,415.56596666666667,494.03083333333336,84.8243333333333,,0.004829898293792212,2.710654694142427e-07
g1,forward_dynamics,grid_jax,1024,collection,float32,analytical,3,validated,,1242.6589666666664,743.6565333333334,,,fp32-fd-warnings,2,0.0,0.0,0,35840,847.7930333333334,1412.8738000000003,499.002433333333,,0.004829898293792212,2.2942782033403373e-07
g1,forward_dynamics,mjx,16,collection,float32,simulator,3,accuracy_warning,Entrywise oracle/variation gate exceeded; explicitly retained with errors reported,729.1278999999998,435.35990000000004,,,fp32-fd-warnings,2,0.177001953125,2.1370168473823363e-05,6,560,506.45423333333326,758.7399000000001,293.7679999999998,,0.22850293424380652,3.216183623105141e-05
g1,forward_dynamics,mjx,32,collection,float32,simulator,3,accuracy_warning,Entrywise oracle/variation gate exceeded; explicitly retained with errors reported,780.3661333333333,434.19123333333334,,,fp32-fd-warnings,2,0.300537109375,2.3640797222543234e-05,10,1120,737.8480333333333,977.4974666666666,346.1749,,0.3402024736906242,3.796718844163656e-05
g1,forward_dynamics,mjx,64,collection,float32,simulator,3,accuracy_warning,Entrywise oracle/variation gate exceeded; explicitly retained with errors reported,730.6646333333334,522.8804333333334,,,fp32-fd-warnings,2,0.84130859375,3.69010699866786e-05,22,2240,589.2314,1028.3888666666667,207.78420000000006,,0.5577169582211354,4.398592196227979e-05
g1,forward_dynamics,mjx,128,collection,float32,simulator,3,accuracy_warning,Entrywise oracle/variation gate exceeded; explicitly retained with errors reported,819.7812666666667,567.6946666666666,,,fp32-fd-warnings,2,0.380859375,1.8561785434351453e-05,48,4480,693.0865,901.2799000000001,252.0866000000001,,0.5682150050961354,4.2275433403223e-05
g1,forward_dynamics,mjx,256,collection,float32,simulator,3,accuracy_warning,Entrywise oracle/variation gate exceeded; explicitly retained with errors reported,1199.8214,602.3072666666667,,,fp32-fd-warnings,2,0.565185546875,2.061260966742493e-05,98,8960,929.6032666666666,1206.4989,597.5141333333333,,0.7384288661187384,4.7407103100981415e-05
g1,forward_dynamics,mjx,1024,collection,float32,simulator,3,accuracy_warning,Entrywise oracle/variation gate exceeded; explicitly retained with errors reported,1101.4726333333333,788.7055333333333,,,fp32-fd-warnings,2,0.72802734375,2.7154161496450217e-05,401,35840,1059.2756,1344.0876666666668,312.7671,,0.7599132411187384,4.7015840097891504e-05
g1,forward_dynamics,mujoco_cpu,16,collection,float64,simulator,3,validated,,78.4014,,,,fp32-fd-warnings,2,0.0,0.0,0,560,78.1577,78.46829999999999,,,0.004255361417563108,7.889437063714697e-07
g1,forward_dynamics,mujoco_cpu,32,collection,float64,simulator,3,validated,,158.31893333333335,,,,fp32-fd-warnings,2,0.0,0.0,0,1120,156.54049999999998,163.3960333333333,,,0.004259247310983483,7.727953047236169e-07
g1,forward_dynamics,mujoco_cpu,64,collection,float64,simulator,3,validated,,334.0915666666666,,,,fp32-fd-warnings,2,0.0,0.0,0,2240,327.2091333333332,336.1734333333333,,,0.0054778294052084675,7.861689388271328e-07
g1,forward_dynamics,mujoco_cpu,128,collection,float64,simulator,3,validated,,682.9150333333332,,,,fp32-fd-warnings,2,0.0,0.0,0,4480,682.8672333333335,696.7987333333333,,,0.0054778294052084675,7.774072945889039e-07
g1,forward_dynamics,mujoco_cpu,256,collection,float64,simulator,3,validated,,1375.9858666666667,,,,fp32-fd-warnings,2,0.0,0.0,0,8960,1373.3573333333334,1406.0734000000002,,,0.005645084441312065,7.571939459003558e-07
g1,forward_dynamics,mujoco_cpu,1024,collection,float64,simulator,3,validated,,8336.522033333335,,,,fp32-fd-warnings,2,0.0,0.0,0,35840,8228.611566666666,8422.637999999999,,,0.005645084441312065,7.571165005359021e-07
g1,forward_dynamics,mujoco_warp,16,collection,float32,simulator,3,accuracy_warning,Entrywise oracle/variation gate exceeded; explicitly retained with errors reported,329.3927666666666,298.46073333333334,1574.9514666666662,,fp32-fd-warnings,2,0.03985595703125,3.4371089210619365e-06,8,560,328.84946666666656,329.4298333333334,30.932033333333266,,0.19410448763119348,3.095222165125829e-05
g1,forward_dynamics,mujoco_warp,32,collection,float32,simulator,3,accuracy_warning,Entrywise oracle/variation gate exceeded; explicitly retained with errors reported,343.25320000000005,309.9966999999999,1573.962633333333,,fp32-fd-warnings,2,0.15234375,8.739907914333174e-06,8,1120,342.9463999999999,344.1521,33.25650000000013,,0.19410448763119348,2.9901274580033017e-05
g1,forward_dynamics,mujoco_warp,64,collection,float32,simulator,3,accuracy_warning,Entrywise oracle/variation gate exceeded; explicitly retained with errors reported,360.81073333333336,326.9787333333333,1629.4259999999997,,fp32-fd-warnings,2,0.19189453125,6.940541542086959e-06,14,2240,359.7437333333332,362.0652999999999,33.83200000000005,,0.32979131522597527,3.422061580680682e-05
g1,forward_dynamics,mujoco_warp,128,collection,float32,simulator,3,accuracy_warning,Entrywise oracle/variation gate exceeded; explicitly retained with errors reported,382.1472999999999,347.07376666666664,1622.0016333333333,,fp32-fd-warnings,2,0.24462890625,9.182402170722366e-06,28,4480,381.32756666666666,382.2548666666666,35.07353333333327,,0.32979131522597527,3.2772403350712426e-05
g1,forward_dynamics,mujoco_warp,256,collection,float32,simulator,3,accuracy_warning,Entrywise oracle/variation gate exceeded; explicitly retained with errors reported,417.1390666666667,376.1252333333333,1627.6476666666667,,fp32-fd-warnings,2,0.2442626953125,7.392735547494492e-06,66,8960,416.9979,417.24043333333327,41.013833333333366,,0.5044084699388804,3.584686320096298e-05
g1,forward_dynamics,mujoco_warp,1024,collection,float32,simulator,3,accuracy_warning,Entrywise oracle/variation gate exceeded; explicitly retained with errors reported,481.7132,419.4271,1622.2746000000002,,fp32-fd-warnings,2,0.447998046875,6.22384848984738e-06,249,35840,480.1876000000001,481.73506666666674,62.286099999999976,,0.5044084699388804,3.552671977945725e-05
g1,forward_dynamics,pinocchio,16,collection,float32,codegen Minv/RNEA composition,3,accuracy_warning,Entrywise oracle/variation gate exceeded; explicitly retained with errors reported,25.063266666666667,,,8,fp32-fd-warnings,2,0.0,0.0,13,560,25.019066666666667,25.178899999999995,,,0.2943988044598882,4.048552395539848e-05
g1,forward_dynamics,pinocchio,32,collection,float32,codegen Minv/RNEA composition,3,accuracy_warning,Entrywise oracle/variation gate exceeded; explicitly retained with errors reported,39.49813333333332,,,8,fp32-fd-warnings,2,0.0,0.0,16,1120,39.4123,39.652,,,0.4464226338595836,5.0035118398095945e-05
g1,forward_dynamics,pinocchio,64,collection,float32,codegen Minv/RNEA composition,3,accuracy_warning,Entrywise oracle/variation gate exceeded; explicitly retained with errors reported,68.91176666666667,,,8,fp32-fd-warnings,2,0.0,0.0,39,2240,58.692800000000005,69.01423333333334,,,0.4464226338595836,4.9764722933769895e-05
g1,forward_dynamics,pinocchio,128,collection,float32,codegen Minv/RNEA composition,3,accuracy_warning,Entrywise oracle/variation gate exceeded; explicitly retained with errors reported,127.58613333333334,,,8,fp32-fd-warnings,2,0.0,0.0,82,4480,107.70760000000001,214.87133333333335,,,0.7578089747753438,5.2705604948724264e-05
g1,forward_dynamics,pinocchio,256,collection,float32,codegen Minv/RNEA composition,3,accuracy_warning,Entrywise oracle/variation gate exceeded; explicitly retained with errors reported,397.5875,,,8,fp32-fd-warnings,2,0.0,0.0,194,8960,245.18676666666667,441.3303333333333,,,1.059315500908724,5.762620654365671e-05
g1,forward_dynamics,pinocchio,1024,collection,float32,codegen Minv/RNEA composition,3,accuracy_warning,Entrywise oracle/variation gate exceeded; explicitly retained with errors reported,994.9933666666667,,,8,fp32-fd-warnings,2,0.0,0.0,853,35840,986.5054,999.0829,,,1.241457657144565,6.444977897118329e-05
g1,forward_dynamics,pinocchio_plain,16,collection,float32,standard Pinocchio API (no codegen),3,validated,,22.654399999999995,,,8,fp32-fd-warnings,2,0.0,0.0,0,560,22.651566666666664,22.672633333333334,,,0.005353140453507876,6.942537174953838e-07
g1,forward_dynamics,pinocchio_plain,32,collection,float32,standard Pinocchio API (no codegen),3,validated,,35.28586666666667,,,8,fp32-fd-warnings,2,0.0,0.0,0,1120,34.7387,35.34426666666666,,,0.005353140453507876,5.107682607339155e-07
g1,forward_dynamics,pinocchio_plain,64,collection,float32,standard Pinocchio API (no codegen),3,validated,,59.663,,,8,fp32-fd-warnings,2,0.0,0.0,0,2240,53.37903333333333,59.71823333333334,,,0.005353140453507876,3.595614281263962e-07
g1,forward_dynamics,pinocchio_plain,128,collection,float32,standard Pinocchio API (no codegen),3,validated,,109.63533333333335,,,8,fp32-fd-warnings,2,0.0,0.0,0,4480,109.60343333333336,306.4266333333334,,,0.005353140453507876,2.799514667989296e-07
g1,forward_dynamics,pinocchio_plain,256,collection,float32,standard Pinocchio API (no codegen),3,validated,,410.1712,,,8,fp32-fd-warnings,2,0.0,0.0,0,8960,374.5823333333334,420.84296666666677,,,0.005353140453507876,2.2221837060629952e-07
g1,forward_dynamics,pinocchio_plain,1024,collection,float32,standard Pinocchio API (no codegen),3,validated,,936.4385666666666,,,8,fp32-fd-warnings,2,0.0,0.0,0,35840,925.4035666666667,964.6898333333334,,,0.005353140453507876,1.6988157171563994e-07
g1,forward_dynamics_gradient,bard,16,collection,unknown,unknown,3,adapter_pending,selected operation not wired; not a library capability claim,,,,,fp32-fd-warnings,2,,,0,0,,,,,,
g1,forward_dynamics_gradient,bard,32,collection,unknown,unknown,3,adapter_pending,selected operation not wired; not a library capability claim,,,,,fp32-fd-warnings,2,,,0,0,,,,,,
g1,forward_dynamics_gradient,bard,64,collection,unknown,unknown,3,adapter_pending,selected operation not wired; not a library capability claim,,,,,fp32-fd-warnings,2,,,0,0,,,,,,
g1,forward_dynamics_gradient,bard,128,collection,unknown,unknown,3,adapter_pending,selected operation not wired; not a library capability claim,,,,,fp32-fd-warnings,2,,,0,0,,,,,,
g1,forward_dynamics_gradient,bard,256,collection,unknown,unknown,3,adapter_pending,selected operation not wired; not a library capability claim,,,,,fp32-fd-warnings,2,,,0,0,,,,,,
g1,forward_dynamics_gradient,bard,1024,collection,unknown,unknown,3,adapter_pending,selected operation not wired; not a library capability claim,,,,,fp32-fd-warnings,2,,,0,0,,,,,,
g1,forward_dynamics_gradient,frax,16,collection,unknown,unknown,3,model_mismatch,existing Frax adapter uses a six-coordinate floating base; shared quaternion fixture needs a validated conversion,,,,,fp32-fd-warnings,2,,,0,0,,,,,,
g1,forward_dynamics_gradient,frax,32,collection,unknown,unknown,3,model_mismatch,existing Frax adapter uses a six-coordinate floating base; shared quaternion fixture needs a validated conversion,,,,,fp32-fd-warnings,2,,,0,0,,,,,,
g1,forward_dynamics_gradient,frax,64,collection,unknown,unknown,3,model_mismatch,existing Frax adapter uses a six-coordinate floating base; shared quaternion fixture needs a validated conversion,,,,,fp32-fd-warnings,2,,,0,0,,,,,,
g1,forward_dynamics_gradient,frax,128,collection,unknown,unknown,3,model_mismatch,existing Frax adapter uses a six-coordinate floating base; shared quaternion fixture needs a validated conversion,,,,,fp32-fd-warnings,2,,,0,0,,,,,,
g1,forward_dynamics_gradient,frax,256,collection,unknown,unknown,3,model_mismatch,existing Frax adapter uses a six-coordinate floating base; shared quaternion fixture needs a validated conversion,,,,,fp32-fd-warnings,2,,,0,0,,,,,,
g1,forward_dynamics_gradient,frax,1024,collection,unknown,unknown,3,model_mismatch,existing Frax adapter uses a six-coordinate floating base; shared quaternion fixture needs a validated conversion,,,,,fp32-fd-warnings,2,,,0,0,,,,,,
g1,forward_dynamics_gradient,grid_cuda,16,collection,float32,analytical,3,accuracy_warning,Entrywise oracle/variation gate exceeded; explicitly retained with errors reported,203.27733306884767,190.28173268636067,,256,fp32-fd-warnings,2,0.0,0.0,147,39200,202.5539665222168,203.47133356730143,12.995600382486998,,0.2624857857435927,3.115331683371797e-05
g1,forward_dynamics_gradient,grid_cuda,32,collection,float32,analytical,3,accuracy_warning,Entrywise oracle/variation gate exceeded; explicitly retained with errors reported,207.09033330281576,189.34990107218425,,256,fp32-fd-warnings,2,0.0,0.0,181,78400,206.6358657836914,207.31513264973958,17.740432230631512,,0.2624857857435927,2.386996576193559e-05
g1,forward_dynamics_gradient,grid_cuda,64,collection,float32,analytical,3,accuracy_warning,Entrywise oracle/variation gate exceeded; explicitly retained with errors reported,228.38740030924478,188.38963368733724,,256,fp32-fd-warnings,2,0.0,0.0,288,156800,227.85080032348634,228.72756652832032,39.997766621907545,,0.2624857857435927,1.7514656181172277e-05
g1,forward_dynamics_gradient,grid_cuda,128,collection,float32,analytical,3,accuracy_warning,Entrywise oracle/variation gate exceeded; explicitly retained with errors reported,263.59213333129884,196.25013275146483,,256,fp32-fd-warnings,2,0.0,0.0,480,313600,263.50536651611327,264.75693333943684,67.34200057983401,,0.2624857857435927,1.278071883144811e-05
g1,forward_dynamics_gradient,grid_cuda,256,collection,float32,analytical,3,accuracy_warning,Entrywise oracle/variation gate exceeded; explicitly retained with errors reported,369.1186673482259,242.79546661376952,,256,fp32-fd-warnings,2,0.0,0.0,937,627200,367.40446751912435,369.7380999247233,126.3232007344564,,0.2624857857435927,9.477509225221946e-06
g1,forward_dynamics_gradient,grid_cuda,1024,collection,float32,analytical,3,accuracy_warning,Entrywise oracle/variation gate exceeded; explicitly retained with errors reported,1357.8599006652832,879.6007662455241,,256,fp32-fd-warnings,2,0.0,0.0,3980,2508800,1355.8882662455242,1359.713933054606,478.2591344197591,,0.2624857857435927,6.591770370271209e-06
g1,forward_dynamics_gradient,grid_jax,16,collection,float32,analytical,3,accuracy_warning,Entrywise oracle/variation gate exceeded; explicitly retained with errors reported,674.2498333333333,376.80660000000006,,,fp32-fd-warnings,2,0.0,0.0,147,39200,480.1936999999999,863.2133333333333,297.44323333333324,,0.2624857857435927,3.115331683371797e-05
g1,forward_dynamics_gradient,grid_jax,32,collection,float32,analytical,3,accuracy_warning,Entrywise oracle/variation gate exceeded; explicitly retained with errors reported,689.6676666666667,285.09906666666666,,,fp32-fd-warnings,2,0.0,0.0,181,78400,446.82110000000006,812.1997999999999,404.56860000000006,,0.2624857857435927,2.386996576193559e-05
g1,forward_dynamics_gradient,grid_jax,64,collection,float32,analytical,3,accuracy_warning,Entrywise oracle/variation gate exceeded; explicitly retained with errors reported,773.823,317.44786666666664,,,fp32-fd-warnings,2,0.0,0.0,288,156800,546.7931000000001,1147.4551,456.37513333333334,,0.2624857857435927,1.7514656181172277e-05
g1,forward_dynamics_gradient,grid_jax,128,collection,float32,analytical,3,accuracy_warning,Entrywise oracle/variation gate exceeded; explicitly retained with errors reported,823.0957333333333,305.513,,,fp32-fd-warnings,2,0.0,0.0,480,313600,638.6921000000001,883.2388666666665,517.5827333333334,,0.2624857857435927,1.278071883144811e-05
g1,forward_dynamics_gradient,grid_jax,256,collection,float32,analytical,3,accuracy_warning,Entrywise oracle/variation gate exceeded; explicitly retained with errors reported,990.5697,384.58173333333326,,,fp32-fd-warnings,2,0.0,0.0,937,627200,868.5952333333332,1141.2524,605.9879666666668,,0.2624857857435927,9.477509225221946e-06
g1,forward_dynamics_gradient,grid_jax,1024,collection,float32,analytical,3,accuracy_warning,Entrywise oracle/variation gate exceeded; explicitly retained with errors reported,3192.7718666666665,1300.2435333333333,,,fp32-fd-warnings,2,0.0,0.0,3980,2508800,3131.4605,3625.0829999999996,1892.5283333333332,,0.2624857857435927,6.591770370271209e-06
g1,forward_dynamics_gradient,mjx,16,collection,float32,autodiff,3,accuracy_warning,Entrywise oracle/variation gate exceeded; explicitly retained with errors reported,2120.2167666666664,1487.0974999999999,,,fp32-fd-warnings,2,0.3013495206832886,5.966755664980009e-05,1552,39200,1502.7112000000004,2256.8368,633.1192666666666,,0.5507081261796429,9.33214715083798e-05
g1,forward_dynamics_gradient,mjx,32,collection,float32,autodiff,3,accuracy_warning,Entrywise oracle/variation gate exceeded; explicitly retained with errors reported,2608.6491666666675,2104.952666666667,,,fp32-fd-warnings,2,0.2993389070034027,4.8268886143483176e-05,3096,78400,2521.3468333333335,2730.0908666666664,503.69650000000047,,0.47413952266401793,9.211374446526324e-05
g1,forward_dynamics_gradient,mjx,64,collection,float32,autodiff,3,accuracy_warning,Entrywise oracle/variation gate exceeded; explicitly retained with errors reported,2938.6831,2429.198933333333,,,fp32-fd-warnings,2,0.5002257227897644,6.064025144698304e-05,6560,156800,2776.0918666666666,2978.2991333333334,509.4841666666671,,0.5107911339921429,0.00010837770080520024
g1,forward_dynamics_gradient,mjx,128,collection,float32,autodiff,3,accuracy_warning,Entrywise oracle/variation gate exceeded; explicitly retained with errors reported,3842.6477999999997,3243.516833333333,,,fp32-fd-warnings,2,0.8249521702528,7.211276646867587e-05,13143,313600,3709.3233333333337,3852.9121666666665,599.1309666666666,,1.1315042867481664,0.0001184508357500982
g1,forward_dynamics_gradient,mjx,256,collection,float32,autodiff,3,accuracy_warning,Entrywise oracle/variation gate exceeded; explicitly retained with errors reported,5083.742899999999,4263.955666666667,,,fp32-fd-warnings,2,0.8242440819740295,7.234069164538631e-05,26683,627200,4884.636333333334,5679.2512,819.7872333333326,,1.1335111751377538,0.00011999764055393635
g1,forward_dynamics_gradient,mjx,1024,collection,float32,autodiff,3,accuracy_warning,Entrywise oracle/variation gate exceeded; explicitly retained with errors reported,13636.542933333334,12669.7494,,,fp32-fd-warnings,2,0.8586111664772034,7.589065857024823e-05,108890,2508800,13499.704433333336,15371.903066666668,966.7935333333335,,1.1294969215214208,0.00012128514870029
g1,forward_dynamics_gradient,mujoco_cpu,16,collection,unknown,unknown,3,adapter_pending,no matched full tangent-space derivative adapter,,,,,fp32-fd-warnings,2,,,0,0,,,,,,
g1,forward_dynamics_gradient,mujoco_cpu,32,collection,unknown,unknown,3,adapter_pending,no matched full tangent-space derivative adapter,,,,,fp32-fd-warnings,2,,,0,0,,,,,,
g1,forward_dynamics_gradient,mujoco_cpu,64,collection,unknown,unknown,3,adapter_pending,no matched full tangent-space derivative adapter,,,,,fp32-fd-warnings,2,,,0,0,,,,,,
g1,forward_dynamics_gradient,mujoco_cpu,128,collection,unknown,unknown,3,adapter_pending,no matched full tangent-space derivative adapter,,,,,fp32-fd-warnings,2,,,0,0,,,,,,
g1,forward_dynamics_gradient,mujoco_cpu,256,collection,unknown,unknown,3,adapter_pending,no matched full tangent-space derivative adapter,,,,,fp32-fd-warnings,2,,,0,0,,,,,,
g1,forward_dynamics_gradient,mujoco_cpu,1024,collection,unknown,unknown,3,adapter_pending,no matched full tangent-space derivative adapter,,,,,fp32-fd-warnings,2,,,0,0,,,,,,
g1,forward_dynamics_gradient,mujoco_warp,16,collection,unknown,unknown,3,adapter_pending,no matched full tangent-space derivative adapter,,,,,fp32-fd-warnings,2,,,0,0,,,,,,
g1,forward_dynamics_gradient,mujoco_warp,32,collection,unknown,unknown,3,adapter_pending,no matched full tangent-space derivative adapter,,,,,fp32-fd-warnings,2,,,0,0,,,,,,
g1,forward_dynamics_gradient,mujoco_warp,64,collection,unknown,unknown,3,adapter_pending,no matched full tangent-space derivative adapter,,,,,fp32-fd-warnings,2,,,0,0,,,,,,
g1,forward_dynamics_gradient,mujoco_warp,128,collection,unknown,unknown,3,adapter_pending,no matched full tangent-space derivative adapter,,,,,fp32-fd-warnings,2,,,0,0,,,,,,
g1,forward_dynamics_gradient,mujoco_warp,256,collection,unknown,unknown,3,adapter_pending,no matched full tangent-space derivative adapter,,,,,fp32-fd-warnings,2,,,0,0,,,,,,
g1,forward_dynamics_gradient,mujoco_warp,1024,collection,unknown,unknown,3,adapter_pending,no matched full tangent-space derivative adapter,,,,,fp32-fd-warnings,2,,,0,0,,,,,,
g1,forward_dynamics_gradient,pinocchio,16,collection,float32,codegen Minv/RNEA composition,3,accuracy_warning,Entrywise oracle/variation gate exceeded; explicitly retained with errors reported,53.81133333333334,,,8,fp32-fd-warnings,2,0.0,0.0,1140,39200,53.633333333333326,59.704433333333334,,,0.2771342232435927,6.731984958230794e-05
g1,forward_dynamics_gradient,pinocchio,32,collection,float32,codegen Minv/RNEA composition,3,accuracy_warning,Entrywise oracle/variation gate exceeded; explicitly retained with errors reported,94.30243333333331,,,8,fp32-fd-warnings,2,0.0,0.0,1817,78400,93.55833333333334,95.32676666666666,,,0.4829600470252444,6.0747536159603036e-05
g1,forward_dynamics_gradient,pinocchio,64,collection,float32,codegen Minv/RNEA composition,3,accuracy_warning,Entrywise oracle/variation gate exceeded; explicitly retained with errors reported,336.3716999999999,,,4,fp32-fd-warnings,2,0.0,0.0,4135,156800,333.8939666666667,336.79339999999996,,,0.4829600470252444,5.652783956355578e-05
g1,forward_dynamics_gradient,pinocchio,128,collection,float32,codegen Minv/RNEA composition,3,accuracy_warning,Entrywise oracle/variation gate exceeded; explicitly retained with errors reported,506.65653333333324,,,8,fp32-fd-warnings,2,0.0,0.0,8273,313600,497.29549999999995,539.3164,,,0.4829600470252444,5.6006314857414e-05
g1,forward_dynamics_gradient,pinocchio,256,collection,float32,codegen Minv/RNEA composition,3,accuracy_warning,Entrywise oracle/variation gate exceeded; explicitly retained with errors reported,659.0509999999999,,,8,fp32-fd-warnings,2,0.0,0.0,16934,627200,657.4296666666667,903.1283999999999,,,0.712388470427868,5.66267876255864e-05
g1,forward_dynamics_gradient,pinocchio,1024,collection,float32,codegen Minv/RNEA composition,3,accuracy_warning,Entrywise oracle/variation gate exceeded; explicitly retained with errors reported,2937.3279666666667,,,8,fp32-fd-warnings,2,0.0,0.0,71366,2508800,2897.7124333333327,2964.723766666667,,,1.3026434853218234,5.9890315036970616e-05
g1,forward_dynamics_gradient,pinocchio_plain,16,collection,float32,standard Pinocchio API (no codegen),3,accuracy_warning,Entrywise oracle/variation gate exceeded; explicitly retained with errors reported,56.620066666666666,,,8,fp32-fd-warnings,2,0.0,0.0,111,39200,51.488566666666664,56.80689999999999,,,0.10151214939287456,2.7149682265801307e-05
g1,forward_dynamics_gradient,pinocchio_plain,32,collection,float32,standard Pinocchio API (no codegen),3,accuracy_warning,Entrywise oracle/variation gate exceeded; explicitly retained with errors reported,102.08019999999998,,,8,fp32-fd-warnings,2,0.0,0.0,208,78400,95.10516666666666,102.89199999999998,,,0.4120371954627444,3.802829034065141e-05
g1,forward_dynamics_gradient,pinocchio_plain,64,collection,float32,standard Pinocchio API (no codegen),3,accuracy_warning,Entrywise oracle/variation gate exceeded; explicitly retained with errors reported,330.1765000000001,,,4/8,fp32-fd-warnings,2,0.0,0.0,630,156800,174.70519999999996,332.7068,,,0.5633219692581406,4.9438436604510314e-05
g1,forward_dynamics_gradient,pinocchio_plain,128,collection,float32,standard Pinocchio API (no codegen),3,accuracy_warning,Entrywise oracle/variation gate exceeded; explicitly retained with errors reported,334.5980333333334,,,8,fp32-fd-warnings,2,0.0,0.0,1030,313600,333.6813,536.7108333333333,,,0.5633219692581406,4.58029768678945e-05
g1,forward_dynamics_gradient,pinocchio_plain,256,collection,float32,standard Pinocchio API (no codegen),3,accuracy_warning,Entrywise oracle/variation gate exceeded; explicitly retained with errors reported,868.2284666666667,,,8,fp32-fd-warnings,2,0.0,0.0,2082,627200,652.2524666666668,885.2425000000001,,,0.5811139626721342,4.845650524060842e-05
g1,forward_dynamics_gradient,pinocchio_plain,1024,collection,float32,standard Pinocchio API (no codegen),3,accuracy_warning,Entrywise oracle/variation gate exceeded; explicitly retained with errors reported,2897.753433333333,,,8,fp32-fd-warnings,2,0.0,0.0,9295,2508800,2874.5189000000005,3043.656,,,1.1184393837593234,5.116194871505388e-05
g1,generalized_gravity,bard,16,collection,float32,library dynamics,3,validated,,2736.9010999999996,2670.735466666667,,,fp32-fd-warnings,2,6.103515625e-05,8.523707807921358e-08,0,560,2681.5221333333334,2774.506866666666,66.16563333333261,,8.634130637119597e-05,1.8632184890381327e-07
g1,generalized_gravity,bard,32,collection,float32,library dynamics,3,validated,,2788.7867666666666,2723.234033333334,,,fp32-fd-warnings,2,6.103515625e-05,8.848260987745371e-08,0,1120,2726.3729,2814.746133333333,65.55273333333253,,0.00010156399281413542,1.7681675792418357e-07
g1,generalized_gravity,bard,64,collection,float32,library dynamics,3,validated,,2792.0388333333335,2754.5700333333343,,,fp32-fd-warnings,2,6.103515625e-05,6.659803667999797e-08,0,2240,2731.8793,2821.6371,37.46879999999919,,0.00015774402311308222,1.9096389603292026e-07
g1,generalized_gravity,bard,128,collection,float32,library dynamics,3,validated,,2830.671366666667,2762.3807666666667,,,fp32-fd-warnings,2,0.0,0.0,0,4480,2752.4772333333326,2845.0621000000006,68.29060000000027,,0.00015774402311308222,1.7205915217712937e-07
g1,generalized_gravity,bard,256,collection,float32,library dynamics,3,validated,,2838.2316,2759.197133333334,,,fp32-fd-warnings,2,0.0,0.0,0,8960,2758.8306000000002,2850.765566666667,79.03446666666605,,0.00015774402311308222,1.758232478591399e-07
g1,generalized_gravity,bard,1024,collection,float32,library dynamics,3,validated,,2941.4458000000004,2834.3030666666664,,,fp32-fd-warnings,2,0.0,0.0,0,35840,2863.5599000000007,2945.5384000000004,107.14273333333404,,0.00017528799133970097,1.7424840661192646e-07
g1,generalized_gravity,frax,16,collection,unknown,unknown,3,model_mismatch,existing Frax adapter uses a six-coordinate floating base; shared quaternion fixture needs a validated conversion,,,,,fp32-fd-warnings,2,,,0,0,,,,,,
g1,generalized_gravity,frax,32,collection,unknown,unknown,3,model_mismatch,existing Frax adapter uses a six-coordinate floating base; shared quaternion fixture needs a validated conversion,,,,,fp32-fd-warnings,2,,,0,0,,,,,,
g1,generalized_gravity,frax,64,collection,unknown,unknown,3,model_mismatch,existing Frax adapter uses a six-coordinate floating base; shared quaternion fixture needs a validated conversion,,,,,fp32-fd-warnings,2,,,0,0,,,,,,
g1,generalized_gravity,frax,128,collection,unknown,unknown,3,model_mismatch,existing Frax adapter uses a six-coordinate floating base; shared quaternion fixture needs a validated conversion,,,,,fp32-fd-warnings,2,,,0,0,,,,,,
g1,generalized_gravity,frax,256,collection,unknown,unknown,3,model_mismatch,existing Frax adapter uses a six-coordinate floating base; shared quaternion fixture needs a validated conversion,,,,,fp32-fd-warnings,2,,,0,0,,,,,,
g1,generalized_gravity,frax,1024,collection,unknown,unknown,3,model_mismatch,existing Frax adapter uses a six-coordinate floating base; shared quaternion fixture needs a validated conversion,,,,,fp32-fd-warnings,2,,,0,0,,,,,,
g1,generalized_gravity,grid_cuda,16,collection,float32,analytical,3,validated,,45.620933278401694,39.62160008748372,,224,fp32-fd-warnings,2,0.0,0.0,0,560,45.60443344116211,45.655633036295576,5.999333190917973,,7.336874858765441e-05,1.4038663443651165e-07
g1,generalized_gravity,grid_cuda,32,collection,float32,analytical,3,validated,,45.59830017089844,39.206833902994795,,224,fp32-fd-warnings,2,0.0,0.0,0,1120,45.58243357340495,45.657100168863934,6.391466267903645,,9.445767364013591e-05,1.365471790592211e-07
g1,generalized_gravity,grid_cuda,64,collection,float32,analytical,3,validated,,46.06873321533203,39.34643351236979,,224,fp32-fd-warnings,2,0.0,0.0,0,2240,46.056566619873045,46.076500193277994,6.722299702962239,,9.445767364013591e-05,1.3549610075970388e-07
g1,generalized_gravity,grid_cuda,128,collection,float32,analytical,3,validated,,46.08476638793945,38.89723281860351,,224,fp32-fd-warnings,2,0.0,0.0,0,4480,46.065032958984375,46.190667470296226,,negative total-minus-resident in at least one repeat; recollect,9.445767364013591e-05,1.3166137521644425e-07
g1,generalized_gravity,grid_cuda,256,collection,float32,analytical,3,validated,,47.252333323160805,37.62073313395182,,224,fp32-fd-warnings,2,0.0,0.0,0,8960,47.183633677164714,47.28159993489583,9.631600189208982,,0.00010157176177472138,1.3410759075620245e-07
g1,generalized_gravity,grid_cuda,1024,collection,float32,analytical,3,validated,,150.23286717732748,123.69030024210612,,224,fp32-fd-warnings,2,0.0,0.0,0,35840,149.51726710001628,151.2042999267578,26.54256693522136,,0.0001259015446066769,1.354419231528191e-07
g1,generalized_gravity,grid_jax,16,collection,float32,analytical,3,validated,,163.65843333333333,67.28006666666667,,,fp32-fd-warnings,2,0.0,0.0,0,560,148.8137,256.03946666666667,96.37836666666666,,7.336874858765441e-05,1.4038663443651165e-07
g1,generalized_gravity,grid_jax,32,collection,float32,analytical,3,validated,,176.31713333333335,74.53726666666667,,,fp32-fd-warnings,2,0.0,0.0,0,1120,175.23983333333337,183.6693333333333,101.77986666666668,,9.445767364013591e-05,1.365471790592211e-07
g1,generalized_gravity,grid_jax,64,collection,float32,analytical,3,validated,,159.1219,66.3675,,,fp32-fd-warnings,2,0.0,0.0,0,2240,146.07783333333333,278.67879999999997,92.7544,,9.445767364013591e-05,1.3549610075970388e-07
g1,generalized_gravity,grid_jax,128,collection,float32,analytical,3,validated,,163.0375666666666,65.02996666666667,,,fp32-fd-warnings,2,0.0,0.0,0,4480,143.69003333333333,257.7142,98.00759999999994,,9.445767364013591e-05,1.3166137521644425e-07
g1,generalized_gravity,grid_jax,256,collection,float32,analytical,3,validated,,179.11923333333334,72.27680000000001,,,fp32-fd-warnings,2,0.0,0.0,0,8960,159.7229,550.1793333333334,106.84243333333333,,0.00010157176177472138,1.3410759075620245e-07
g1,generalized_gravity,grid_jax,1024,collection,float32,analytical,3,validated,,383.81139999999994,316.534,,,fp32-fd-warnings,2,0.0,0.0,0,35840,307.66626666666673,385.1339666666668,,negative total-minus-resident in at least one repeat; recollect,0.0001259015446066769,1.354419231528191e-07
g1,generalized_gravity,mjx,16,collection,float32,simulator inverse dynamics at zero velocity and acceleration,3,validated,,501.5885333333334,449.41323333333344,,,fp32-fd-warnings,2,3.0517578125e-05,7.068897253028477e-08,0,560,467.5164333333332,524.4688333333334,,negative total-minus-resident in at least one repeat; recollect,8.813654346795374e-05,2.0357870454358918e-07
g1,generalized_gravity,mjx,32,collection,float32,simulator inverse dynamics at zero velocity and acceleration,3,validated,,727.0855999999999,402.9599666666666,,,fp32-fd-warnings,2,3.0517578125e-05,7.405289988277382e-08,0,1120,500.35200000000003,913.0172666666668,324.12563333333327,,9.673465262949321e-05,2.045231593305911e-07
g1,generalized_gravity,mjx,64,collection,float32,simulator inverse dynamics at zero velocity and acceleration,3,validated,,699.1573666666667,422.83509999999995,,,fp32-fd-warnings,2,3.0517578125e-05,5.820134285250918e-08,0,2240,462.86616666666663,739.3293666666667,276.32226666666674,,9.081735748850406e-05,1.512279723689386e-07
g1,generalized_gravity,mjx,128,collection,float32,simulator inverse dynamics at zero velocity and acceleration,3,validated,,707.8934333333334,384.89279999999997,,,fp32-fd-warnings,2,3.0517578125e-05,5.742602001089507e-08,0,4480,581.5341000000001,747.8758666666668,323.00063333333344,,9.801360721439778e-05,1.7754071804856495e-07
g1,generalized_gravity,mjx,256,collection,float32,simulator inverse dynamics at zero velocity and acceleration,3,validated,,1052.6808666666666,534.5386333333332,,,fp32-fd-warnings,2,3.0517578125e-05,6.818902155086874e-08,0,8960,568.6563000000001,1056.0096,518.1422333333334,,9.862610676236727e-05,1.8552623797343554e-07
g1,generalized_gravity,mjx,1024,collection,float32,simulator inverse dynamics at zero velocity and acceleration,3,validated,,1138.7557333333332,630.0567666666666,,,fp32-fd-warnings,2,3.0517578125e-05,4.211084637263795e-08,0,35840,859.4792333333335,1355.9850333333336,508.6989666666666,,0.00010930320820534689,1.4948022896076024e-07
g1,generalized_gravity,mujoco_cpu,16,collection,float64,simulator inverse dynamics at zero velocity and acceleration,3,validated,,82.27799999999999,,,,fp32-fd-warnings,2,0.0,0.0,0,560,81.75476666666667,83.61210000000001,,,2.670873095667048e-05,4.977804359823174e-08
g1,generalized_gravity,mujoco_cpu,32,collection,float64,simulator inverse dynamics at zero velocity and acceleration,3,validated,,165.09236666666666,,,,fp32-fd-warnings,2,0.0,0.0,0,1120,163.92103333333338,165.57723333333334,,,3.530684011820995e-05,5.682071800792747e-08
g1,generalized_gravity,mujoco_cpu,64,collection,float64,simulator inverse dynamics at zero velocity and acceleration,3,validated,,338.6796666666667,,,,fp32-fd-warnings,2,0.0,0.0,0,2240,338.6243999999999,339.3895666666668,,,3.530684011820995e-05,5.407708806461257e-08
g1,generalized_gravity,mujoco_cpu,128,collection,float64,simulator inverse dynamics at zero velocity and acceleration,3,validated,,706.0574666666668,,,,fp32-fd-warnings,2,0.0,0.0,0,4480,702.8946333333332,706.7661666666668,,,3.6585794703114516e-05,5.3855687015549724e-08
g1,generalized_gravity,mujoco_cpu,256,collection,float64,simulator inverse dynamics at zero velocity and acceleration,3,validated,,1432.0746666666669,,,,fp32-fd-warnings,2,0.0,0.0,0,8960,1428.3357666666668,1454.0437666666667,,,3.719829425108401e-05,5.3853793967871743e-08
g1,generalized_gravity,mujoco_cpu,1024,collection,float64,simulator inverse dynamics at zero velocity and acceleration,3,validated,,8539.4943,,,,fp32-fd-warnings,2,0.0,0.0,0,35840,8401.355999999998,8546.677666666666,,,4.845888048521374e-05,5.769499913952544e-08
g1,generalized_gravity,mujoco_warp,16,collection,float32,simulator inverse dynamics at zero velocity and acceleration,3,validated,,244.46780000000004,211.3019666666667,1058.1747666666665,,fp32-fd-warnings,2,3.0517578125e-05,2.2488998693006736e-08,0,560,243.05700000000004,244.54716666666667,33.16583333333335,,8.813654346795374e-05,2.0204425619933203e-07
g1,generalized_gravity,mujoco_warp,32,collection,float32,simulator inverse dynamics at zero velocity and acceleration,3,validated,,254.80190000000002,223.90936666666667,1044.5790333333334,,fp32-fd-warnings,2,3.814697265625e-06,4.322794612482921e-09,0,1120,254.80073333333337,255.26996666666665,30.892533333333347,,9.673465262949321e-05,2.0191950145538592e-07
g1,generalized_gravity,mujoco_warp,64,collection,float32,simulator inverse dynamics at zero velocity and acceleration,3,validated,,273.8403,240.83743333333328,1083.0776,,fp32-fd-warnings,2,3.0517578125e-05,1.6212382787979867e-08,0,2240,273.3666666666667,274.3937666666667,33.00286666666673,,9.673465262949321e-05,2.0689343637876507e-07
g1,generalized_gravity,mujoco_warp,128,collection,float32,simulator inverse dynamics at zero velocity and acceleration,3,validated,,300.6368999999999,263.7613,1087.3487,,fp32-fd-warnings,2,3.0517578125e-05,2.116399357080005e-08,0,4480,299.66786666666667,302.34636666666665,36.875599999999906,,9.801360721439778e-05,2.0761613257271638e-07
g1,generalized_gravity,mujoco_warp,256,collection,float32,simulator inverse dynamics at zero velocity and acceleration,3,validated,,327.7158,287.0971333333334,1098.4968000000001,,fp32-fd-warnings,2,3.0517578125e-05,2.1624259133704083e-08,0,8960,327.1486333333333,328.0831666666666,40.61866666666663,,9.862610676236727e-05,2.088481555647333e-07
g1,generalized_gravity,mujoco_warp,1024,collection,float32,simulator inverse dynamics at zero velocity and acceleration,3,validated,,371.6701,314.9352333333334,1083.2960333333333,,fp32-fd-warnings,2,3.0517578125e-05,1.9466627209347173e-08,0,35840,371.14859999999993,372.1247333333333,56.73486666666662,,0.00010930320820534689,2.1175440499917623e-07
g1,generalized_gravity,pinocchio,16,collection,float32,codegen RNEA at zero acceleration/velocity,3,validated,,13.0281,,,8,fp32-fd-warnings,2,0.0,0.0,0,560,12.688700000000003,14.877866666666666,,,6.0033364093214914e-05,1.1817639964930751e-07
g1,generalized_gravity,pinocchio,32,collection,float32,codegen RNEA at zero acceleration/velocity,3,validated,,14.597800000000001,,,8,fp32-fd-warnings,2,0.0,0.0,0,1120,14.574766666666667,15.041533333333332,,,6.394009551513591e-05,1.2539353033683724e-07
g1,generalized_gravity,pinocchio,64,collection,float32,codegen RNEA at zero acceleration/velocity,3,validated,,19.227366666666672,,,8,fp32-fd-warnings,2,0.0,0.0,0,2240,19.13313333333333,20.90113333333333,,,7.365601015862921e-05,1.2064390590113766e-07
g1,generalized_gravity,pinocchio,128,collection,float32,codegen RNEA at zero acceleration/velocity,3,validated,,28.292166666666667,,,8,fp32-fd-warnings,2,0.0,0.0,0,4480,28.160633333333333,28.7737,,,0.00011259145549047389,1.2534377947999698e-07
g1,generalized_gravity,pinocchio,256,collection,float32,codegen RNEA at zero acceleration/velocity,3,validated,,44.90453333333333,,,8,fp32-fd-warnings,2,0.0,0.0,0,8960,44.6662,45.30366666666667,,,0.00011259145549047389,1.2087560038759643e-07
g1,generalized_gravity,pinocchio,1024,collection,float32,codegen RNEA at zero acceleration/velocity,3,validated,,340.6322666666666,,,8,fp32-fd-warnings,2,0.0,0.0,0,35840,149.60390000000004,393.34023333333323,,,0.00011259145549047389,1.2000414008966084e-07
g1,generalized_gravity,pinocchio_plain,16,collection,float32,standard Pinocchio API (no codegen),3,validated,,13.4886,,,8,fp32-fd-warnings,2,0.0,0.0,0,560,13.168766666666667,13.662033333333333,,,6.420433089715516e-05,1.3342266257437792e-07
g1,generalized_gravity,pinocchio_plain,32,collection,float32,standard Pinocchio API (no codegen),3,validated,,16.452133333333332,,,8,fp32-fd-warnings,2,0.0,0.0,0,1120,16.3349,16.5694,,,8.630520375163542e-05,1.3410066966250294e-07
g1,generalized_gravity,pinocchio_plain,64,collection,float32,standard Pinocchio API (no codegen),3,validated,,22.741033333333334,,,8,fp32-fd-warnings,2,0.0,0.0,0,2240,22.523400000000002,22.826466666666665,,,9.098732869006199e-05,1.3068099379025183e-07
g1,generalized_gravity,pinocchio_plain,128,collection,float32,standard Pinocchio API (no codegen),3,validated,,35.258833333333335,,,8,fp32-fd-warnings,2,0.0,0.0,0,4480,34.96346666666667,35.46113333333333,,,9.098732869006199e-05,1.2633730067437955e-07
g1,generalized_gravity,pinocchio_plain,256,collection,float32,standard Pinocchio API (no codegen),3,validated,,51.6623,,,8,fp32-fd-warnings,2,0.0,0.0,0,8960,51.5729,53.489033333333325,,,9.098732869006199e-05,1.259717323005948e-07
g1,generalized_gravity,pinocchio_plain,1024,collection,float32,standard Pinocchio API (no codegen),3,validated,,181.6882333333333,,,8,fp32-fd-warnings,2,0.0,0.0,0,35840,177.86483333333334,382.7534000000001,,,0.00010394002481461939,1.2361349528669284e-07
g1,idsva_so,bard,16,collection,unknown,unknown,3,excluded_method,analytical Hessian study; no finite-difference or nested-autodiff Hessian sweep,,,,,strict,2,,,0,0,,,,,,
g1,idsva_so,bard,32,collection,unknown,unknown,3,excluded_method,analytical Hessian study; no finite-difference or nested-autodiff Hessian sweep,,,,,strict,2,,,0,0,,,,,,
g1,idsva_so,bard,64,collection,unknown,unknown,3,excluded_method,analytical Hessian study; no finite-difference or nested-autodiff Hessian sweep,,,,,strict,2,,,0,0,,,,,,
g1,idsva_so,bard,128,collection,unknown,unknown,3,excluded_method,analytical Hessian study; no finite-difference or nested-autodiff Hessian sweep,,,,,strict,2,,,0,0,,,,,,
g1,idsva_so,bard,256,collection,unknown,unknown,3,excluded_method,analytical Hessian study; no finite-difference or nested-autodiff Hessian sweep,,,,,strict,2,,,0,0,,,,,,
g1,idsva_so,bard,1024,collection,unknown,unknown,3,excluded_method,analytical Hessian study; no finite-difference or nested-autodiff Hessian sweep,,,,,strict,2,,,0,0,,,,,,
g1,idsva_so,frax,16,collection,unknown,unknown,3,excluded_method,analytical Hessian study; no finite-difference or nested-autodiff Hessian sweep,,,,,strict,2,,,0,0,,,,,,
g1,idsva_so,frax,32,collection,unknown,unknown,3,excluded_method,analytical Hessian study; no finite-difference or nested-autodiff Hessian sweep,,,,,strict,2,,,0,0,,,,,,
g1,idsva_so,frax,64,collection,unknown,unknown,3,excluded_method,analytical Hessian study; no finite-difference or nested-autodiff Hessian sweep,,,,,strict,2,,,0,0,,,,,,
g1,idsva_so,frax,128,collection,unknown,unknown,3,excluded_method,analytical Hessian study; no finite-difference or nested-autodiff Hessian sweep,,,,,strict,2,,,0,0,,,,,,
g1,idsva_so,frax,256,collection,unknown,unknown,3,excluded_method,analytical Hessian study; no finite-difference or nested-autodiff Hessian sweep,,,,,strict,2,,,0,0,,,,,,
g1,idsva_so,frax,1024,collection,unknown,unknown,3,excluded_method,analytical Hessian study; no finite-difference or nested-autodiff Hessian sweep,,,,,strict,2,,,0,0,,,,,,
g1,idsva_so,grid_cuda,16,collection,float32,analytical,3,validated,,1553.7650670369467,1038.8412671407063,,128,strict,2,0.0,0.0,0,2744000,1553.4751333872478,1554.1019668579102,514.9237998962403,,0.0013186903961468488,1.3572032497724847e-06
g1,idsva_so,grid_cuda,32,collection,float32,analytical,3,validated,,2059.5724662780763,1040.9950997670492,,128,strict,2,0.0,0.0,0,5488000,2055.0273331960043,2063.9263668060303,1018.5773665110271,,0.0013186903961468488,1.1991321607564765e-06
g1,idsva_so,grid_cuda,64,collection,float32,analytical,3,validated,,3080.171099344889,1041.4398666381835,,128,strict,2,0.0,0.0,0,10976000,3079.794800059001,3095.294566853841,2038.7312327067057,,0.0013186903961468488,1.0759379882997464e-06
g1,idsva_so,grid_cuda,128,collection,float32,analytical,3,validated,,5207.11190032959,1125.196366628011,,128,strict,2,0.0,0.0,0,21952000,5206.389266586304,5212.649933369955,4081.915533701579,,0.0013186903961468488,1.0901764344017035e-06
g1,idsva_so,grid_cuda,256,collection,float32,analytical,3,validated,,9642.431599680584,1515.6518666585287,,128,strict,2,0.0,0.0,0,43904000,9598.040233103435,9694.872433217366,8126.779733022055,,0.0013186903961468488,1.0907469891788666e-06
g1,idsva_so,grid_cuda,1024,collection,float32,analytical,3,validated,,38245.616032791135,5209.482866414388,,128,strict,2,0.0,0.0,0,175616000,38229.25226631165,38585.77916653951,33036.13316637675,,0.0013186903961468488,1.1208490247684978e-06
g1,idsva_so,grid_jax,16,collection,float32,analytical,3,validated,,3280.2224,1287.3512333333333,,,strict,2,0.0,0.0,0,2744000,3203.3965333333335,3649.520933333333,1992.8711666666668,,0.0013186903961468488,1.3572032497724847e-06
g1,idsva_so,grid_jax,32,collection,float32,analytical,3,validated,,5737.958833333333,1428.3123333333338,,,strict,2,0.0,0.0,0,5488000,4809.040666666668,5763.547766666667,4309.646499999999,,0.0013186903961468488,1.1991321607564765e-06
g1,idsva_so,grid_jax,64,collection,float32,analytical,3,validated,,13139.447866666667,1340.5936000000002,,,strict,2,0.0,0.0,0,10976000,10912.677466666668,13176.318133333338,11798.854266666667,,0.0013186903961468488,1.0759379882997464e-06
g1,idsva_so,grid_jax,128,collection,float32,analytical,3,validated,,16809.893766666664,1750.5866666666666,,,strict,2,0.0,0.0,0,21952000,16736.697866666666,18191.790333333334,15059.307099999998,,0.0013186903961468488,1.0901764344017035e-06
g1,idsva_so,grid_jax,256,collection,float32,analytical,3,validated,,34889.960466666664,2402.7320666666665,,,strict,2,0.0,0.0,0,43904000,34657.28233333334,34980.46933333334,32487.228399999996,,0.0013186903961468488,1.0907469891788666e-06
g1,idsva_so,grid_jax,1024,collection,float32,analytical,3,validated,,143601.49163333332,7618.616333333333,,,strict,2,0.0,0.0,0,175616000,142834.7550666667,153605.1184,135982.87529999999,,0.0013186903961468488,1.1208490247684978e-06
g1,idsva_so,mujoco_cpu,16,collection,unknown,unknown,3,excluded_method,analytical Hessian study; no finite-difference or nested-autodiff Hessian sweep,,,,,strict,2,,,0,0,,,,,,
g1,idsva_so,mujoco_cpu,32,collection,unknown,unknown,3,excluded_method,analytical Hessian study; no finite-difference or nested-autodiff Hessian sweep,,,,,strict,2,,,0,0,,,,,,
g1,idsva_so,mujoco_cpu,64,collection,unknown,unknown,3,excluded_method,analytical Hessian study; no finite-difference or nested-autodiff Hessian sweep,,,,,strict,2,,,0,0,,,,,,
g1,idsva_so,mujoco_cpu,128,collection,unknown,unknown,3,excluded_method,analytical Hessian study; no finite-difference or nested-autodiff Hessian sweep,,,,,strict,2,,,0,0,,,,,,
g1,idsva_so,mujoco_cpu,256,collection,unknown,unknown,3,excluded_method,analytical Hessian study; no finite-difference or nested-autodiff Hessian sweep,,,,,strict,2,,,0,0,,,,,,
g1,idsva_so,mujoco_cpu,1024,collection,unknown,unknown,3,excluded_method,analytical Hessian study; no finite-difference or nested-autodiff Hessian sweep,,,,,strict,2,,,0,0,,,,,,
g1,idsva_so,pinocchio,16,collection,float64,analytical direct/composed,3,validated,,731.6103,,,8,strict,2,0.0,0.0,0,2744000,624.4767333333333,733.5518666666666,,,0.00010324186106913658,1.4099451522736e-07
g1,idsva_so,pinocchio,32,collection,float64,analytical direct/composed,3,validated,,2681.8511,,,8,strict,2,0.0,0.0,0,5488000,2433.5724333333333,3376.577866666667,,,0.00010324186106913658,1.520905192714181e-07
g1,idsva_so,pinocchio,64,collection,float64,analytical direct/composed,3,validated,,4400.822433333334,,,8,strict,2,0.0,0.0,0,10976000,4388.269566666667,4454.2465999999995,,,0.00010324186106913658,1.46095227157724e-07
g1,idsva_so,pinocchio,128,collection,float64,analytical direct/composed,3,validated,,7844.809866666666,,,8,strict,2,0.0,0.0,0,21952000,7810.0151000000005,7897.383366666667,,,0.00010324186106913658,1.4682079544533878e-07
g1,idsva_so,pinocchio,256,collection,float64,analytical direct/composed,3,validated,,14867.276833333335,,,8,strict,2,0.0,0.0,0,43904000,14794.3074,15043.827499999996,,,0.00010324186106913658,1.495434100320115e-07
g1,idsva_so,pinocchio,1024,collection,float64,analytical direct/composed,3,validated,,55482.921833333334,,,8,strict,2,0.0,0.0,0,175616000,55018.80493333333,55795.38266666667,,,0.00011405708391976077,1.68181558320839e-07
g1,idsva_so,pinocchio_plain,16,collection,float64,analytical direct/composed,3,validated,,651.1721999999999,,,8,strict,2,0.0,0.0,0,2744000,642.1572,757.0534000000001,,,0.00010324186106913658,1.4099451522736e-07
g1,idsva_so,pinocchio_plain,32,collection,float64,analytical direct/composed,3,validated,,2594.444633333333,,,8,strict,2,0.0,0.0,0,5488000,2363.1785999999997,2885.7966000000006,,,0.00010324186106913658,1.520905192714181e-07
g1,idsva_so,pinocchio_plain,64,collection,float64,analytical direct/composed,3,validated,,4486.289466666667,,,8,strict,2,0.0,0.0,0,10976000,4131.173099999999,4582.257199999999,,,0.00010324186106913658,1.46095227157724e-07
g1,idsva_so,pinocchio_plain,128,collection,float64,analytical direct/composed,3,validated,,7710.6655666666675,,,8,strict,2,0.0,0.0,0,21952000,7685.917399999999,8020.6880666666675,,,0.00010324186106913658,1.4682079544533878e-07
g1,idsva_so,pinocchio_plain,256,collection,float64,analytical direct/composed,3,validated,,14765.376699999997,,,8,strict,2,0.0,0.0,0,43904000,14735.804933333331,14886.613600000004,,,0.00010324186106913658,1.495434100320115e-07
g1,idsva_so,pinocchio_plain,1024,collection,float64,analytical direct/composed,3,validated,,54880.0754,,,8,strict,2,0.0,0.0,0,175616000,54359.6876,55206.13206666668,,,0.00011405708391976077,1.68181558320839e-07
g1,inverse_dynamics,bard,16,collection,float32,library dynamics,3,validated,,2723.7979666666674,2667.551933333333,,,strict,2,6.103515625e-05,3.5100342062114143e-08,0,560,2703.708033333334,2792.978766666666,56.24603333333425,,0.0005110016732032818,2.4143152591859276e-07
g1,inverse_dynamics,bard,32,collection,float32,library dynamics,3,validated,,2770.8491999999997,2699.3481333333334,,,strict,2,6.103515625e-05,3.637282550219671e-08,0,1120,2755.7783,2843.4253,71.50106666666625,,0.0005110016732032818,2.4003035917910114e-07
g1,inverse_dynamics,bard,64,collection,float32,library dynamics,3,validated,,2781.1537999999996,2721.7502,,,strict,2,6.103515625e-05,4.008462438034167e-08,0,2240,2749.5502333333347,2858.5648333333343,59.40359999999964,,0.00038083348408690654,2.1374877571653261e-07
g1,inverse_dynamics,bard,128,collection,float32,library dynamics,3,validated,,2809.468766666667,2755.4027666666666,,,strict,2,0.0,0.0,0,4480,2772.5005,2849.175066666666,,negative total-minus-resident in at least one repeat; recollect,0.00038083348408690654,1.953410669304868e-07
g1,inverse_dynamics,bard,256,collection,float32,library dynamics,3,validated,,2823.3688666666667,2751.918933333334,,,strict,2,0.0,0.0,0,8960,2806.5028,2939.6452333333336,71.44993333333287,,0.00038083348408690654,1.8344863971425072e-07
g1,inverse_dynamics,bard,1024,collection,float32,library dynamics,3,validated,,2884.2011000000007,2772.5124000000005,,,strict,2,0.0,0.0,0,35840,2842.8039,2910.3006666666665,111.68870000000015,,0.00038083348408690654,1.7603674244743977e-07
g1,inverse_dynamics,frax,16,collection,unknown,unknown,3,model_mismatch,existing Frax adapter uses a six-coordinate floating base; shared quaternion fixture needs a validated conversion,,,,,strict,2,,,0,0,,,,,,
g1,inverse_dynamics,frax,32,collection,unknown,unknown,3,model_mismatch,existing Frax adapter uses a six-coordinate floating base; shared quaternion fixture needs a validated conversion,,,,,strict,2,,,0,0,,,,,,
g1,inverse_dynamics,frax,64,collection,unknown,unknown,3,model_mismatch,existing Frax adapter uses a six-coordinate floating base; shared quaternion fixture needs a validated conversion,,,,,strict,2,,,0,0,,,,,,
g1,inverse_dynamics,frax,128,collection,unknown,unknown,3,model_mismatch,existing Frax adapter uses a six-coordinate floating base; shared quaternion fixture needs a validated conversion,,,,,strict,2,,,0,0,,,,,,
g1,inverse_dynamics,frax,256,collection,unknown,unknown,3,model_mismatch,existing Frax adapter uses a six-coordinate floating base; shared quaternion fixture needs a validated conversion,,,,,strict,2,,,0,0,,,,,,
g1,inverse_dynamics,frax,1024,collection,unknown,unknown,3,model_mismatch,existing Frax adapter uses a six-coordinate floating base; shared quaternion fixture needs a validated conversion,,,,,strict,2,,,0,0,,,,,,
g1,inverse_dynamics,grid_cuda,16,collection,float32,analytical,3,validated,,50.102766799926755,40.2125,,128,strict,2,0.0,0.0,0,560,50.00579999287923,50.19583320617676,9.890266799926756,,0.0003889313607032818,1.6183726451306538e-07
g1,inverse_dynamics,grid_cuda,32,collection,float32,analytical,3,validated,,50.17286669413249,39.680900446573894,,128,strict,2,0.0,0.0,0,1120,49.93836682637532,50.240800094604495,10.491966247558594,,0.0003889313607032818,1.600086509323834e-07
g1,inverse_dynamics,grid_cuda,64,collection,float32,analytical,3,validated,,50.40216649373372,39.95829989115397,,128,strict,2,0.0,0.0,0,2240,50.37586708068848,51.320400110880534,10.443866602579753,,0.0003889313607032818,1.5800107748675294e-07
g1,inverse_dynamics,grid_cuda,128,collection,float32,analytical,3,validated,,50.83823331197103,39.144500223795575,,128,strict,2,0.0,0.0,0,4480,50.797733306884766,51.47696673075358,11.693733088175456,,0.0003889313607032818,1.4767212210678252e-07
g1,inverse_dynamics,grid_cuda,256,collection,float32,analytical,3,validated,,53.461299896240234,38.03206698099772,,128,strict,2,0.0,0.0,0,8960,53.40600001017253,55.10763295491537,15.429232915242515,,0.0003889313607032818,1.4297211539801208e-07
g1,inverse_dynamics,grid_cuda,1024,collection,float32,analytical,3,validated,,105.95206654866537,72.7220999399821,,128,strict,2,0.0,0.0,0,35840,105.71766688028971,112.86233304341634,33.22996660868327,,0.0003889313607032818,1.385850488399666e-07
g1,inverse_dynamics,grid_jax,16,collection,float32,analytical,3,validated,,260.1247333333333,75.86193333333333,,,strict,2,0.0,0.0,0,560,229.35393333333332,291.21886666666666,,negative total-minus-resident in at least one repeat; recollect,0.0003889313607032818,1.6183726451306538e-07
g1,inverse_dynamics,grid_jax,32,collection,float32,analytical,3,validated,,323.83699999999993,72.8582,,,strict,2,0.0,0.0,0,1120,229.28516666666664,454.3564666666667,250.97879999999992,,0.0003889313607032818,1.600086509323834e-07
g1,inverse_dynamics,grid_jax,64,collection,float32,analytical,3,validated,,289.66426666666666,75.28366666666666,,,strict,2,0.0,0.0,0,2240,252.97,326.7569666666667,214.38060000000002,,0.0003889313607032818,1.5800107748675294e-07
g1,inverse_dynamics,grid_jax,128,collection,float32,analytical,3,validated,,281.1435666666667,74.90886666666667,,,strict,2,0.0,0.0,0,4480,237.0721333333333,323.3019666666666,206.23470000000003,,0.0003889313607032818,1.4767212210678252e-07
g1,inverse_dynamics,grid_jax,256,collection,float32,analytical,3,validated,,299.6938666666666,174.4298,,,strict,2,0.0,0.0,0,8960,234.5350666666667,606.9459333333333,125.26406666666662,,0.0003889313607032818,1.4297211539801208e-07
g1,inverse_dynamics,grid_jax,1024,collection,float32,analytical,3,validated,,480.29576666666657,109.22996666666668,,,strict,2,0.0,0.0,0,35840,336.4848333333333,568.2598333333333,,negative total-minus-resident in at least one repeat; recollect,0.0003889313607032818,1.385850488399666e-07
g1,inverse_dynamics,grid_native,16,collection,float32,analytical,3,validated,,50.62316666666667,,,,strict,2,0.0,0.0,0,560,50.537533333333336,50.638000000000005,,,0.0003889313607032818,1.6183726451306538e-07
g1,inverse_dynamics,grid_native,32,collection,float32,analytical,3,validated,,50.87416666666665,,,,strict,2,0.0,0.0,0,1120,50.811133333333345,50.942066666666655,,,0.0003889313607032818,1.600086509323834e-07
g1,inverse_dynamics,grid_native,64,collection,float32,analytical,3,validated,,53.82196666666666,,,,strict,2,0.0,0.0,0,2240,53.820499999999996,53.86446666666665,,,0.0003889313607032818,1.5800107748675294e-07
g1,inverse_dynamics,grid_native,128,collection,float32,analytical,3,validated,,57.18653333333334,,,,strict,2,0.0,0.0,0,4480,57.141233333333325,57.62729999999999,,,0.0003889313607032818,1.4767212210678252e-07
g1,inverse_dynamics,grid_native,256,collection,float32,analytical,3,validated,,70.61396666666666,,,,strict,2,0.0,0.0,0,8960,68.72296666666668,70.89576666666667,,,0.0003889313607032818,1.4297211539801208e-07
g1,inverse_dynamics,grid_native,1024,collection,float32,analytical,3,validated,,154.75166666666667,,,,strict,2,0.0,0.0,0,35840,148.71823333333333,156.0662,,,0.0003889313607032818,1.385850488399666e-07
g1,inverse_dynamics,grid_numpy,16,collection,float32,analytical,3,validated,,52.750833333333325,,,,strict,2,0.0,0.0,0,560,52.61166666666666,52.805299999999995,,,0.0003889313607032818,1.6183726451306538e-07
g1,inverse_dynamics,grid_numpy,32,collection,float32,analytical,3,validated,,52.80343333333334,,,,strict,2,0.0,0.0,0,1120,52.60680000000001,52.95309999999999,,,0.0003889313607032818,1.600086509323834e-07
g1,inverse_dynamics,grid_numpy,64,collection,float32,analytical,3,validated,,55.97666666666667,,,,strict,2,0.0,0.0,0,2240,55.81793333333334,56.07723333333334,,,0.0003889313607032818,1.5800107748675294e-07
g1,inverse_dynamics,grid_numpy,128,collection,float32,analytical,3,validated,,59.791999999999994,,,,strict,2,0.0,0.0,0,4480,59.67573333333333,59.79323333333334,,,0.0003889313607032818,1.4767212210678252e-07
g1,inverse_dynamics,grid_numpy,256,collection,float32,analytical,3,validated,,72.90846666666667,,,,strict,2,0.0,0.0,0,8960,72.21640000000001,73.02176666666668,,,0.0003889313607032818,1.4297211539801208e-07
g1,inverse_dynamics,grid_numpy,1024,collection,float32,analytical,3,validated,,155.23143333333334,,,,strict,2,0.0,0.0,0,35840,152.47560000000001,156.044,,,0.0003889313607032818,1.385850488399666e-07
g1,inverse_dynamics,grid_torch,16,collection,float32,analytical,3,validated,,83.77116666666666,54.554133333333326,,,strict,2,0.0,0.0,0,560,83.52253333333336,86.30690000000001,29.217033333333333,,0.0003889313607032818,1.6183726451306538e-07
g1,inverse_dynamics,grid_torch,32,collection,float32,analytical,3,validated,,85.56556666666667,53.827400000000004,,,strict,2,0.0,0.0,0,1120,84.97346666666665,85.81033333333333,31.738166666666665,,0.0003889313607032818,1.600086509323834e-07
g1,inverse_dynamics,grid_torch,64,collection,float32,analytical,3,validated,,86.29536666666665,54.3906,,,strict,2,0.0,0.0,0,2240,86.0278,88.04313333333336,31.904766666666653,,0.0003889313607032818,1.5800107748675294e-07
g1,inverse_dynamics,grid_torch,128,collection,float32,analytical,3,validated,,89.69716666666669,53.60746666666667,,,strict,2,0.0,0.0,0,4480,88.29256666666666,90.64943333333333,36.08970000000002,,0.0003889313607032818,1.4767212210678252e-07
g1,inverse_dynamics,grid_torch,256,collection,float32,analytical,3,validated,,94.93613333333334,53.45916666666667,,,strict,2,0.0,0.0,0,8960,94.01759999999999,95.14930000000001,41.47696666666668,,0.0003889313607032818,1.4297211539801208e-07
g1,inverse_dynamics,grid_torch,1024,collection,float32,analytical,3,validated,,154.1146333333333,88.53209999999997,,,strict,2,0.0,0.0,0,35840,151.75093333333334,156.69943333333333,65.58253333333333,,0.0003889313607032818,1.385850488399666e-07
g1,inverse_dynamics,mjx,16,collection,float32,simulator,3,validated,,587.4378333333334,310.0292,,,strict,2,0.00030517578125,1.2213121466046974e-07,0,560,562.867,713.6179333333333,277.4086333333334,,0.0006382578519605886,2.5888787856134323e-07
g1,inverse_dynamics,mjx,32,collection,float32,simulator,3,validated,,673.4086,346.0558666666667,,,strict,2,0.00048828125,1.4710833759633039e-07,0,1120,432.23729999999995,735.0501666666667,327.3527333333333,,0.000556799367984695,2.2700022194620742e-07
g1,inverse_dynamics,mjx,64,collection,float32,simulator,3,validated,,597.2231666666667,387.72063333333335,,,strict,2,0.000244140625,9.281209901185691e-08,0,2240,557.3729000000001,790.6315666666669,209.5025333333333,,0.000434729055484695,1.8822922862437344e-07
g1,inverse_dynamics,mjx,128,collection,float32,simulator,3,validated,,640.7795333333335,331.4139666666667,,,strict,2,0.0003662109375,9.720363087820931e-08,0,4480,558.8370333333334,672.1670666666668,309.3655666666668,,0.000495764211734695,1.9110811443354186e-07
g1,inverse_dynamics,mjx,256,collection,float32,simulator,3,validated,,679.4987999999997,502.0716,,,strict,2,0.000244140625,7.519387677372355e-08,0,8960,647.1369333333333,865.7495999999999,177.42719999999974,,0.000556799367984695,1.8188952364555077e-07
g1,inverse_dynamics,mjx,1024,collection,float32,simulator,3,validated,,924.1490333333334,569.6531,,,strict,2,0.00048828125,9.123460032412232e-08,0,35840,857.2044666666667,1045.5877,354.49593333333337,,0.000495764211734695,1.468788426949352e-07
g1,inverse_dynamics,mujoco_cpu,16,collection,float64,simulator,3,validated,,81.74723333333334,,,,strict,2,0.0,0.0,0,560,81.70649999999998,81.93473333333331,,,0.0003114599564923992,1.144305385130119e-07
g1,inverse_dynamics,mujoco_cpu,32,collection,float64,simulator,3,validated,,164.1672,,,,strict,2,0.0,0.0,0,1120,163.70636666666667,170.12893333333332,,,0.0003114599564923992,1.0861396173504017e-07
g1,inverse_dynamics,mujoco_cpu,64,collection,float64,simulator,3,validated,,347.1196666666666,,,,strict,2,0.0,0.0,0,2240,339.10123333333337,349.39696666666674,,,0.0003114599564923992,1.0023181960127017e-07
g1,inverse_dynamics,mujoco_cpu,128,collection,float64,simulator,3,validated,,721.8634000000001,,,,strict,2,0.0,0.0,0,4480,704.5926666666667,723.2653666666665,,,0.0003114599564923992,8.941803661966814e-08
g1,inverse_dynamics,mujoco_cpu,256,collection,float64,simulator,3,validated,,1455.3178666666668,,,,strict,2,0.0,0.0,0,8960,1421.4894,1457.9678333333331,,,0.0003114599564923992,7.8042871863592e-08
g1,inverse_dynamics,mujoco_cpu,1024,collection,float64,simulator,3,validated,,8397.910233333334,,,,strict,2,0.0,0.0,0,35840,8337.520766666667,8519.357600000001,,,0.0003114599564923992,6.559954585898466e-08
g1,inverse_dynamics,mujoco_warp,16,collection,float32,simulator,3,validated,,247.21433333333331,212.52010000000007,1050.5502333333336,,strict,2,6.103515625e-05,1.75910533045823e-08,0,560,246.64756666666665,247.4491,34.694233333333244,,0.0004421632384037366,2.0095208561602594e-07
g1,inverse_dynamics,mujoco_warp,32,collection,float32,simulator,3,validated,,256.127,224.01066666666665,1043.0713666666666,,strict,2,6.103515625e-05,1.826575867093205e-08,0,1120,254.86736666666673,256.8451,32.11633333333336,,0.0004421632384037366,1.9452023283791127e-07
g1,inverse_dynamics,mujoco_warp,64,collection,float32,simulator,3,validated,,273.3166,241.3093333333333,1056.7508666666668,,strict,2,6.103515625e-05,2.0112244909367465e-08,0,2240,272.8654666666667,274.34690000000006,32.00726666666668,,0.0004421632384037366,1.8420583078703122e-07
g1,inverse_dynamics,mujoco_warp,128,collection,float32,simulator,3,validated,,301.10499999999996,264.2201333333333,1098.7823333333333,,strict,2,6.103515625e-05,1.7968469476752494e-08,0,4480,300.5433666666667,302.7365333333334,36.88486666666665,,0.0004421632384037366,1.739646276835465e-07
g1,inverse_dynamics,mujoco_warp,256,collection,float32,simulator,3,validated,,327.3572666666667,287.0716333333333,1072.2129000000002,,strict,2,9.1552734375e-05,2.655032077972837e-08,0,8960,325.9508333333333,327.54196666666667,40.28563333333341,,0.0004421632384037366,1.64048574518767e-07
g1,inverse_dynamics,mujoco_warp,1024,collection,float32,simulator,3,validated,,372.05423333333334,314.5680333333333,1090.6558333333335,,strict,2,9.1552734375e-05,2.6537299050533933e-08,0,35840,371.5375333333334,390.0019666666667,57.48620000000005,,0.0004421632384037366,1.5244912964527222e-07
g1,inverse_dynamics,pinocchio,16,collection,float32,codegen,3,validated,,12.955466666666668,,,8,strict,2,0.0,0.0,0,560,12.906233333333336,13.076333333333334,,,0.00044360466040416213,1.4691614016324148e-07
g1,inverse_dynamics,pinocchio,32,collection,float32,codegen,3,validated,,14.705966666666665,,,8,strict,2,0.0,0.0,0,1120,14.525666666666668,14.862866666666665,,,0.00044360466040416213,1.484137671154163e-07
g1,inverse_dynamics,pinocchio,64,collection,float32,codegen,3,validated,,19.12273333333333,,,8,strict,2,0.0,0.0,0,2240,19.07003333333334,19.941066666666668,,,0.00044360466040416213,1.411270104661549e-07
g1,inverse_dynamics,pinocchio,128,collection,float32,codegen,3,validated,,28.189766666666664,,,8,strict,2,0.0,0.0,0,4480,27.93923333333333,28.423699999999997,,,0.00044360466040416213,1.360115464419199e-07
g1,inverse_dynamics,pinocchio,256,collection,float32,codegen,3,validated,,45.989799999999995,,,8,strict,2,0.0,0.0,0,8960,44.69280000000001,45.992299999999986,,,0.00044360466040416213,1.326888071308544e-07
g1,inverse_dynamics,pinocchio,1024,collection,float32,codegen,3,validated,,351.0442666666667,,,8,strict,2,0.0,0.0,0,35840,296.0088666666667,384.02596666666665,,,0.00044360466040416213,1.3010507307692905e-07
g1,inverse_dynamics,pinocchio_plain,16,collection,float32,standard Pinocchio API (no codegen),3,validated,,14.336300000000001,,,8,strict,2,0.0,0.0,0,560,14.332233333333335,14.488733333333334,,,0.00038083348408690654,1.5923931930896287e-07
g1,inverse_dynamics,pinocchio_plain,32,collection,float32,standard Pinocchio API (no codegen),3,validated,,18.678599999999996,,,8,strict,2,0.0,0.0,0,1120,18.5273,18.899066666666666,,,0.00038083348408690654,1.5887148890377615e-07
g1,inverse_dynamics,pinocchio_plain,64,collection,float32,standard Pinocchio API (no codegen),3,validated,,27.413699999999995,,,8,strict,2,0.0,0.0,0,2240,27.11773333333333,27.761333333333337,,,0.00038083348408690654,1.540682376644243e-07
g1,inverse_dynamics,pinocchio_plain,128,collection,float32,standard Pinocchio API (no codegen),3,validated,,44.55146666666667,,,8,strict,2,0.0,0.0,0,4480,37.11716666666667,44.607033333333334,,,0.00038083348408690654,1.4583431132041477e-07
g1,inverse_dynamics,pinocchio_plain,256,collection,float32,standard Pinocchio API (no codegen),3,validated,,78.53790000000001,,,8,strict,2,0.0,0.0,0,8960,66.70633333333335,78.82796666666667,,,0.00038083348408690654,1.4050971027955344e-07
g1,inverse_dynamics,pinocchio_plain,1024,collection,float32,standard Pinocchio API (no codegen),3,validated,,471.3274666666667,,,8,strict,2,0.0,0.0,0,35840,465.4006666666666,500.85436666666664,,,0.00038083348408690654,1.3290362147068166e-07
g1,inverse_dynamics_gradient,bard,16,collection,unknown,unknown,3,adapter_pending,selected operation not wired; not a library capability claim,,,,,strict,2,,,0,0,,,,,,
g1,inverse_dynamics_gradient,bard,32,collection,unknown,unknown,3,adapter_pending,selected operation not wired; not a library capability claim,,,,,strict,2,,,0,0,,,,,,
g1,inverse_dynamics_gradient,bard,64,collection,unknown,unknown,3,adapter_pending,selected operation not wired; not a library capability claim,,,,,strict,2,,,0,0,,,,,,
g1,inverse_dynamics_gradient,bard,128,collection,unknown,unknown,3,adapter_pending,selected operation not wired; not a library capability claim,,,,,strict,2,,,0,0,,,,,,
g1,inverse_dynamics_gradient,bard,256,collection,unknown,unknown,3,adapter_pending,selected operation not wired; not a library capability claim,,,,,strict,2,,,0,0,,,,,,
g1,inverse_dynamics_gradient,bard,1024,collection,unknown,unknown,3,adapter_pending,selected operation not wired; not a library capability claim,,,,,strict,2,,,0,0,,,,,,
g1,inverse_dynamics_gradient,frax,16,collection,unknown,unknown,3,model_mismatch,existing Frax adapter uses a six-coordinate floating base; shared quaternion fixture needs a validated conversion,,,,,strict,2,,,0,0,,,,,,
g1,inverse_dynamics_gradient,frax,32,collection,unknown,unknown,3,model_mismatch,existing Frax adapter uses a six-coordinate floating base; shared quaternion fixture needs a validated conversion,,,,,strict,2,,,0,0,,,,,,
g1,inverse_dynamics_gradient,frax,64,collection,unknown,unknown,3,model_mismatch,existing Frax adapter uses a six-coordinate floating base; shared quaternion fixture needs a validated conversion,,,,,strict,2,,,0,0,,,,,,
g1,inverse_dynamics_gradient,frax,128,collection,unknown,unknown,3,model_mismatch,existing Frax adapter uses a six-coordinate floating base; shared quaternion fixture needs a validated conversion,,,,,strict,2,,,0,0,,,,,,
g1,inverse_dynamics_gradient,frax,256,collection,unknown,unknown,3,model_mismatch,existing Frax adapter uses a six-coordinate floating base; shared quaternion fixture needs a validated conversion,,,,,strict,2,,,0,0,,,,,,
g1,inverse_dynamics_gradient,frax,1024,collection,unknown,unknown,3,model_mismatch,existing Frax adapter uses a six-coordinate floating base; shared quaternion fixture needs a validated conversion,,,,,strict,2,,,0,0,,,,,,
g1,inverse_dynamics_gradient,grid_cuda,16,collection,float32,analytical,3,validated,,139.7024663289388,125.91540018717448,,256,strict,2,0.0,0.0,0,39200,139.60120010375977,143.87380040486653,13.787066141764328,,0.00041309237940367893,3.103948827010474e-07
g1,inverse_dynamics_gradient,grid_cuda,32,collection,float32,analytical,3,validated,,143.41216659545898,125.25163370768229,,256,strict,2,0.0,0.0,0,78400,143.17529907226563,143.6276003519694,18.160532887776696,,0.00041309237940367893,2.78921204274525e-07
g1,inverse_dynamics_gradient,grid_cuda,64,collection,float32,analytical,3,validated,,165.8598663330078,125.62606658935547,,256,strict,2,0.0,0.0,0,156800,165.21863377888997,178.45146636962892,40.23379974365233,,0.00041309237940367893,2.4312182798634174e-07
g1,inverse_dynamics_gradient,grid_cuda,128,collection,float32,analytical,3,validated,,204.3043665568034,135.39770024617513,,256,strict,2,0.0,0.0,0,313600,203.3859001159668,204.36163355509441,68.90666631062825,,0.00041309237940367893,2.0789608477954394e-07
g1,inverse_dynamics_gradient,grid_cuda,256,collection,float32,analytical,3,validated,,302.5049336751302,172.63756663004557,,256,strict,2,0.0,0.0,0,627200,301.91136703491213,304.3879659016927,129.86736704508462,,0.00041309237940367893,1.8559624847904403e-07
g1,inverse_dynamics_gradient,grid_cuda,1024,collection,float32,analytical,3,validated,,1124.6738665262858,643.0274655659994,,256,strict,2,0.0,0.0,0,2508800,1122.9955675760905,1130.8691327412923,481.6464009602864,,0.00041309237940367893,1.6071306790060513e-07
g1,inverse_dynamics_gradient,grid_jax,16,collection,float32,analytical,3,validated,,440.69953333333336,220.9337,,,strict,2,0.0,0.0,0,39200,355.3154333333334,446.51980000000003,219.76583333333338,,0.00041309237940367893,3.103948827010474e-07
g1,inverse_dynamics_gradient,grid_jax,32,collection,float32,analytical,3,validated,,428.6228666666667,282.1719333333333,,,strict,2,0.0,0.0,0,78400,330.79636666666664,445.43213333333335,146.4509333333334,,0.00041309237940367893,2.78921204274525e-07
g1,inverse_dynamics_gradient,grid_jax,64,collection,float32,analytical,3,validated,,468.27196666666663,142.79366666666664,,,strict,2,0.0,0.0,0,156800,439.12676666666664,509.8121333333333,325.4783,,0.00041309237940367893,2.4312182798634174e-07
g1,inverse_dynamics_gradient,grid_jax,128,collection,float32,analytical,3,validated,,569.7553000000001,241.68153333333333,,,strict,2,0.0,0.0,0,313600,521.1187333333334,919.7359333333334,328.0737666666668,,0.00041309237940367893,2.0789608477954394e-07
g1,inverse_dynamics_gradient,grid_jax,256,collection,float32,analytical,3,validated,,928.6146666666666,353.6473333333333,,,strict,2,0.0,0.0,0,627200,916.9085333333334,952.3001999999999,574.9673333333333,,0.00041309237940367893,1.8559624847904403e-07
g1,inverse_dynamics_gradient,grid_jax,1024,collection,float32,analytical,3,validated,,2929.6739,894.8425333333332,,,strict,2,0.0,0.0,0,2508800,2706.2320000000004,2983.3597333333328,2034.8313666666666,,0.00041309237940367893,1.6071306790060513e-07
g1,inverse_dynamics_gradient,grid_native,16,collection,float32,analytical,3,validated,,159.77836666666664,,,,strict,2,0.0,0.0,0,39200,159.39696666666666,160.44733333333335,,,0.00041309237940367893,3.103948827010474e-07
g1,inverse_dynamics_gradient,grid_native,32,collection,float32,analytical,3,validated,,186.82573333333332,,,,strict,2,0.0,0.0,0,78400,186.21383333333333,187.13726666666662,,,0.00041309237940367893,2.78921204274525e-07
g1,inverse_dynamics_gradient,grid_native,64,collection,float32,analytical,3,validated,,235.99370000000002,,,,strict,2,0.0,0.0,0,156800,235.03940000000003,246.84729999999993,,,0.00041309237940367893,2.4312182798634174e-07
g1,inverse_dynamics_gradient,grid_native,128,collection,float32,analytical,3,validated,,332.5955333333334,,,,strict,2,0.0,0.0,0,313600,331.25780000000003,337.1878666666667,,,0.00041309237940367893,2.0789608477954394e-07
g1,inverse_dynamics_gradient,grid_native,256,collection,float32,analytical,3,validated,,519.7174,,,,strict,2,0.0,0.0,0,627200,515.1028666666666,526.666,,,0.00041309237940367893,1.8559624847904403e-07
g1,inverse_dynamics_gradient,grid_native,1024,collection,float32,analytical,3,validated,,1845.0412,,,,strict,2,0.0,0.0,0,2508800,1834.2173333333335,1859.4232000000004,,,0.00041309237940367893,1.6071306790060513e-07
g1,inverse_dynamics_gradient,grid_numpy,16,collection,float32,analytical,3,validated,,175.57803333333328,,,,strict,2,0.0,0.0,0,39200,175.09533333333334,175.78519999999997,,,0.00041309237940367893,3.103948827010474e-07
g1,inverse_dynamics_gradient,grid_numpy,32,collection,float32,analytical,3,validated,,215.57379999999998,,,,strict,2,0.0,0.0,0,78400,214.23500000000004,222.30043333333336,,,0.00041309237940367893,2.78921204274525e-07
g1,inverse_dynamics_gradient,grid_numpy,64,collection,float32,analytical,3,validated,,280.0648333333333,,,,strict,2,0.0,0.0,0,156800,279.27273333333335,280.17943333333335,,,0.00041309237940367893,2.4312182798634174e-07
g1,inverse_dynamics_gradient,grid_numpy,128,collection,float32,analytical,3,validated,,423.16896666666673,,,,strict,2,0.0,0.0,0,313600,422.59053333333327,455.5765,,,0.00041309237940367893,2.0789608477954394e-07
g1,inverse_dynamics_gradient,grid_numpy,256,collection,float32,analytical,3,validated,,706.3532666666664,,,,strict,2,0.0,0.0,0,627200,697.448366666667,717.7172333333333,,,0.00041309237940367893,1.8559624847904403e-07
g1,inverse_dynamics_gradient,grid_numpy,1024,collection,float32,analytical,3,validated,,3202.297966666667,,,,strict,2,0.0,0.0,0,2508800,2664.3021333333327,3627.7304999999997,,,0.00041309237940367893,1.6071306790060513e-07
g1,inverse_dynamics_gradient,grid_torch,16,collection,float32,analytical,3,validated,,152.8203333333333,104.83266666666667,,,strict,2,0.0,0.0,0,39200,152.0697,154.92186666666666,47.98766666666664,,0.00041309237940367893,3.103948827010474e-07
g1,inverse_dynamics_gradient,grid_torch,32,collection,float32,analytical,3,validated,,177.56000000000003,105.15553333333332,,,strict,2,0.0,0.0,0,78400,175.7796666666667,178.12126666666666,72.4044666666667,,0.00041309237940367893,2.78921204274525e-07
g1,inverse_dynamics_gradient,grid_torch,64,collection,float32,analytical,3,validated,,207.6861,105.12306666666669,,,strict,2,0.0,0.0,0,156800,206.12286666666668,214.55703333333335,102.56303333333332,,0.00041309237940367893,2.4312182798634174e-07
g1,inverse_dynamics_gradient,grid_torch,128,collection,float32,analytical,3,validated,,284.09553333333326,120.9195,,,strict,2,0.0,0.0,0,313600,283.91096666666664,288.92973333333333,163.17603333333327,,0.00041309237940367893,2.0789608477954394e-07
g1,inverse_dynamics_gradient,grid_torch,256,collection,float32,analytical,3,validated,,460.02056666666664,218.0583,,,strict,2,0.0,0.0,0,627200,459.6153999999999,463.6256333333334,241.96226666666664,,0.00041309237940367893,1.8559624847904403e-07
g1,inverse_dynamics_gradient,grid_torch,1024,collection,float32,analytical,3,validated,,3351.0358666666666,669.5752333333335,,,strict,2,0.0,0.0,0,2508800,3329.467433333333,3358.1816333333336,2681.460633333333,,0.00041309237940367893,1.6071306790060513e-07
g1,inverse_dynamics_gradient,mjx,16,collection,float32,autodiff,3,validated,,1060.4448666666665,779.1253666666669,,,strict,2,0.0005645751953125,2.2167852601150386e-07,0,39200,952.0491000000002,1164.4537666666665,281.3194999999996,,0.0007347056742048608,5.544941877410521e-07
g1,inverse_dynamics_gradient,mjx,32,collection,float32,autodiff,3,validated,,1652.7522000000004,1653.0239,,,strict,2,0.000274658203125,1.6499231285334027e-07,0,78400,1648.3492,1844.0596666666665,,negative total-minus-resident in at least one repeat; recollect,0.0006736705179548608,5.449763713433618e-07
g1,inverse_dynamics_gradient,mjx,64,collection,float32,autodiff,3,validated,,2140.2523333333334,1533.7041666666669,,,strict,2,0.0003662109375,2.0387364439813417e-07,0,156800,1929.7154666666668,2213.8488666666667,606.5481666666665,,0.000722521105103624,5.428637380027399e-07
g1,inverse_dynamics_gradient,mjx,128,collection,float32,autodiff,3,validated,,2582.4824333333336,2463.9455999999996,,,strict,2,0.00079345703125,3.288215601505968e-07,0,313600,2576.985133333333,3052.7740666666664,118.53683333333402,,0.0007041880960798608,5.41486117796014e-07
g1,inverse_dynamics_gradient,mjx,256,collection,float32,autodiff,3,validated,,3642.774966666667,2917.796433333334,,,strict,2,0.00048828125,2.6057797592508924e-07,0,627200,3575.042166666667,3928.2021000000004,724.978533333333,,0.000730150499634874,5.285429000353668e-07
g1,inverse_dynamics_gradient,mjx,1024,collection,float32,autodiff,3,validated,,8514.734799999998,6635.6672,,,strict,2,0.0006256103515625,2.1955152631425137e-07,0,2508800,8346.869066666664,8869.361966666667,1879.0675999999985,,0.0007652232523298608,5.03057457091816e-07
g1,inverse_dynamics_gradient,mujoco_cpu,16,collection,unknown,unknown,3,adapter_pending,no matched full tangent-space derivative adapter,,,,,strict,2,,,0,0,,,,,,
g1,inverse_dynamics_gradient,mujoco_cpu,32,collection,unknown,unknown,3,adapter_pending,no matched full tangent-space derivative adapter,,,,,strict,2,,,0,0,,,,,,
g1,inverse_dynamics_gradient,mujoco_cpu,64,collection,unknown,unknown,3,adapter_pending,no matched full tangent-space derivative adapter,,,,,strict,2,,,0,0,,,,,,
g1,inverse_dynamics_gradient,mujoco_cpu,128,collection,unknown,unknown,3,adapter_pending,no matched full tangent-space derivative adapter,,,,,strict,2,,,0,0,,,,,,
g1,inverse_dynamics_gradient,mujoco_cpu,256,collection,unknown,unknown,3,adapter_pending,no matched full tangent-space derivative adapter,,,,,strict,2,,,0,0,,,,,,
g1,inverse_dynamics_gradient,mujoco_cpu,1024,collection,unknown,unknown,3,adapter_pending,no matched full tangent-space derivative adapter,,,,,strict,2,,,0,0,,,,,,
g1,inverse_dynamics_gradient,pinocchio,16,collection,float32,codegen,3,validated,,34.25056666666667,,,8,strict,2,0.0,0.0,0,39200,34.07273333333333,34.759233333333334,,,0.0018829058260507736,1.0302104277904784e-06
g1,inverse_dynamics_gradient,pinocchio,32,collection,float32,codegen,3,validated,,56.081133333333334,,,8,strict,2,0.0,0.0,0,78400,51.14013333333334,56.49783333333335,,,0.0018829058260507736,8.843230975130523e-07
g1,inverse_dynamics_gradient,pinocchio,64,collection,float32,codegen,3,validated,,91.75203333333334,,,8,strict,2,0.0,0.0,0,156800,91.32673333333335,92.18983333333331,,,0.0018829058260507736,7.189422994810015e-07
g1,inverse_dynamics_gradient,pinocchio,128,collection,float32,codegen,3,validated,,174.0088666666667,,,8,strict,2,0.0,0.0,0,313600,170.0413333333333,321.57743333333326,,,0.0018829058260507736,5.613410445638551e-07
g1,inverse_dynamics_gradient,pinocchio,256,collection,float32,codegen,3,validated,,523.5849999999999,,,8,strict,2,0.0,0.0,0,627200,433.0605333333333,578.9804666666666,,,0.0018829058260507736,4.309422856863909e-07
g1,inverse_dynamics_gradient,pinocchio,1024,collection,float32,codegen,3,validated,,1577.8109666666667,,,8,strict,2,0.0,0.0,0,2508800,1450.9338666666665,1587.795566666667,,,0.0018829058260507736,2.6559105231791565e-07
g1,inverse_dynamics_gradient,pinocchio_plain,16,collection,float32,standard Pinocchio API (no codegen),3,validated,,38.2542,,,8,strict,2,0.0,0.0,0,39200,37.935833333333335,39.08933333333333,,,0.0008355566405384707,7.137426121221535e-07
g1,inverse_dynamics_gradient,pinocchio_plain,32,collection,float32,standard Pinocchio API (no codegen),3,validated,,65.87263333333333,,,8,strict,2,0.0,0.0,0,78400,64.96426666666666,79.41433333333333,,,0.0008355566405384707,6.162436307531384e-07
g1,inverse_dynamics_gradient,pinocchio_plain,64,collection,float32,standard Pinocchio API (no codegen),3,validated,,117.78346666666668,,,8,strict,2,0.0,0.0,0,156800,117.46533333333333,119.20370000000001,,,0.0008355566405384707,5.051227994329839e-07
g1,inverse_dynamics_gradient,pinocchio_plain,128,collection,float32,standard Pinocchio API (no codegen),3,validated,,404.21966666666674,,,8,strict,2,0.0,0.0,0,313600,221.605,420.4174333333333,,,0.0008355566405384707,4.018384198083197e-07
g1,inverse_dynamics_gradient,pinocchio_plain,256,collection,float32,standard Pinocchio API (no codegen),3,validated,,430.66613333333333,,,8,strict,2,0.0,0.0,0,627200,430.4370666666667,657.5637333333333,,,0.0008355566405384707,3.186178601895292e-07
g1,inverse_dynamics_gradient,pinocchio_plain,1024,collection,float32,standard Pinocchio API (no codegen),3,validated,,1947.1149333333335,,,8,strict,2,0.0,0.0,0,2508800,1686.8496999999998,1969.1599666666668,,,0.0008355566405384707,2.4110153158522507e-07
g1,minv,bard,16,collection,unknown,unknown,3,adapter_pending,selected operation not wired; not a library capability claim,,,,,fp32-fd-warnings,2,,,0,0,,,,,,
g1,minv,bard,32,collection,unknown,unknown,3,adapter_pending,selected operation not wired; not a library capability claim,,,,,fp32-fd-warnings,2,,,0,0,,,,,,
g1,minv,bard,64,collection,unknown,unknown,3,adapter_pending,selected operation not wired; not a library capability claim,,,,,fp32-fd-warnings,2,,,0,0,,,,,,
g1,minv,bard,128,collection,unknown,unknown,3,adapter_pending,selected operation not wired; not a library capability claim,,,,,fp32-fd-warnings,2,,,0,0,,,,,,
g1,minv,bard,256,collection,unknown,unknown,3,adapter_pending,selected operation not wired; not a library capability claim,,,,,fp32-fd-warnings,2,,,0,0,,,,,,
g1,minv,bard,1024,collection,unknown,unknown,3,adapter_pending,selected operation not wired; not a library capability claim,,,,,fp32-fd-warnings,2,,,0,0,,,,,,
g1,minv,frax,16,collection,unknown,unknown,3,model_mismatch,existing Frax adapter uses a six-coordinate floating base; shared quaternion fixture needs a validated conversion,,,,,fp32-fd-warnings,2,,,0,0,,,,,,
g1,minv,frax,32,collection,unknown,unknown,3,model_mismatch,existing Frax adapter uses a six-coordinate floating base; shared quaternion fixture needs a validated conversion,,,,,fp32-fd-warnings,2,,,0,0,,,,,,
g1,minv,frax,64,collection,unknown,unknown,3,model_mismatch,existing Frax adapter uses a six-coordinate floating base; shared quaternion fixture needs a validated conversion,,,,,fp32-fd-warnings,2,,,0,0,,,,,,
g1,minv,frax,128,collection,unknown,unknown,3,model_mismatch,existing Frax adapter uses a six-coordinate floating base; shared quaternion fixture needs a validated conversion,,,,,fp32-fd-warnings,2,,,0,0,,,,,,
g1,minv,frax,256,collection,unknown,unknown,3,model_mismatch,existing Frax adapter uses a six-coordinate floating base; shared quaternion fixture needs a validated conversion,,,,,fp32-fd-warnings,2,,,0,0,,,,,,
g1,minv,frax,1024,collection,unknown,unknown,3,model_mismatch,existing Frax adapter uses a six-coordinate floating base; shared quaternion fixture needs a validated conversion,,,,,fp32-fd-warnings,2,,,0,0,,,,,,
g1,minv,grid_cuda,16,collection,float32,analytical,3,validated,,66.75026626586914,55.55070037841797,,128,fp32-fd-warnings,2,0.0,0.0,0,19600,66.72523320515951,66.86303304036458,11.199565887451172,,0.0004947094321323675,9.131725812632451e-08
g1,minv,grid_cuda,32,collection,float32,analytical,3,validated,,68.91606623331705,55.26193364461263,,128,fp32-fd-warnings,2,0.0,0.0,0,39200,68.8247673034668,68.94806671142578,13.654132588704421,,0.0007763799112581182,1.0734797966551189e-07
g1,minv,grid_cuda,64,collection,float32,analytical,3,validated,,73.51093317667643,55.42359975179036,,128,fp32-fd-warnings,2,0.0,0.0,0,78400,73.48199996948242,73.6247334798177,18.08733342488607,,0.0007763799112581182,1.0701635937935993e-07
g1,minv,grid_cuda,128,collection,float32,analytical,3,validated,,96.4861333211263,55.998399861653645,,128,fp32-fd-warnings,2,0.0,0.0,0,156800,96.22583338419597,96.59436721801758,40.48773345947266,,0.0007763799112581182,1.0727103690144973e-07
g1,minv,grid_cuda,256,collection,float32,analytical,3,validated,,174.26229985555014,104.49709981282552,,128,fp32-fd-warnings,2,0.0,0.0,0,313600,173.75416742960613,175.3938331604004,69.76520004272462,,0.0007822057355042489,1.1030001595211627e-07
g1,minv,grid_cuda,1024,collection,float32,analytical,3,validated,,593.3824668884278,344.7996002197266,,128,fp32-fd-warnings,2,0.0,0.0,0,1254400,592.7624000549316,593.8727330525716,248.58286666870117,,0.0008985455920083041,1.1096293859976476e-07
g1,minv,grid_jax,16,collection,float32,analytical,3,validated,,208.75043333333332,94.25566666666666,,,fp32-fd-warnings,2,0.0,0.0,0,19600,188.21166666666667,245.77526666666662,,negative total-minus-resident in at least one repeat; recollect,0.0004947094321323675,9.131725812632451e-08
g1,minv,grid_jax,32,collection,float32,analytical,3,validated,,195.99123333333335,91.46416666666669,,,fp32-fd-warnings,2,0.0,0.0,0,39200,186.84533333333331,506.31076666666667,104.52706666666667,,0.0007763799112581182,1.0734797966551189e-07
g1,minv,grid_jax,64,collection,float32,analytical,3,validated,,232.11329999999998,114.46019999999999,,,fp32-fd-warnings,2,0.0,0.0,0,78400,198.76586666666668,554.1158333333333,117.6531,,0.0007763799112581182,1.0701635937935993e-07
g1,minv,grid_jax,128,collection,float32,analytical,3,validated,,382.61753333333326,83.80263333333333,,,fp32-fd-warnings,2,0.0,0.0,0,156800,253.61319999999998,663.7708333333335,298.8148999999999,,0.0007763799112581182,1.0727103690144973e-07
g1,minv,grid_jax,256,collection,float32,analytical,3,validated,,659.7857666666667,297.86713333333336,,,fp32-fd-warnings,2,0.0,0.0,0,313600,430.8214333333334,766.2939333333333,361.9186333333334,,0.0007822057355042489,1.1030001595211627e-07
g1,minv,grid_jax,1024,collection,float32,analytical,3,validated,,1667.7789000000002,514.3700333333334,,,fp32-fd-warnings,2,0.0,0.0,0,1254400,1304.3286333333333,1699.6354000000001,1153.4088666666669,,0.0008985455920083041,1.1096293859976476e-07
g1,minv,mjx,16,collection,unknown,unknown,3,adapter_pending,selected operation not wired,,,,,fp32-fd-warnings,2,,,0,0,,,,,,
g1,minv,mjx,32,collection,unknown,unknown,3,adapter_pending,selected operation not wired,,,,,fp32-fd-warnings,2,,,0,0,,,,,,
g1,minv,mjx,64,collection,unknown,unknown,3,adapter_pending,selected operation not wired,,,,,fp32-fd-warnings,2,,,0,0,,,,,,
g1,minv,mjx,128,collection,unknown,unknown,3,adapter_pending,selected operation not wired,,,,,fp32-fd-warnings,2,,,0,0,,,,,,
g1,minv,mjx,256,collection,unknown,unknown,3,adapter_pending,selected operation not wired,,,,,fp32-fd-warnings,2,,,0,0,,,,,,
g1,minv,mjx,1024,collection,unknown,unknown,3,adapter_pending,selected operation not wired,,,,,fp32-fd-warnings,2,,,0,0,,,,,,
g1,minv,mujoco_cpu,16,collection,float64,simulator,3,validated,,258.0509,,,,fp32-fd-warnings,2,0.0,0.0,0,19600,256.48479999999995,258.78753333333333,,,0.004909067711196258,7.880343478922748e-07
g1,minv,mujoco_cpu,32,collection,float64,simulator,3,validated,,525.7436333333334,,,,fp32-fd-warnings,2,0.0,0.0,0,39200,521.5674,526.1777333333333,,,0.005022531309805345,7.760925526527429e-07
g1,minv,mujoco_cpu,64,collection,float64,simulator,3,validated,,1059.5615333333333,,,,fp32-fd-warnings,2,0.0,0.0,0,78400,1055.7607666666668,1064.8602,,,0.0053457536014320794,7.597768432311408e-07
g1,minv,mujoco_cpu,128,collection,float64,simulator,3,validated,,2160.430966666667,,,,fp32-fd-warnings,2,0.0,0.0,0,156800,2148.7303,2164.382466666667,,,0.0053457536014320794,7.551695258693465e-07
g1,minv,mujoco_cpu,256,collection,float64,simulator,3,validated,,4399.959833333332,,,,fp32-fd-warnings,2,0.0,0.0,0,313600,4398.733533333334,4489.663233333334,,,0.005471042512454005,7.581202440805766e-07
g1,minv,mujoco_cpu,1024,collection,float64,simulator,3,validated,,21088.844233333333,,,,fp32-fd-warnings,2,0.0,0.0,0,1254400,20973.69586666667,21724.87516666666,,,0.005471042512454005,7.523784851011049e-07
g1,minv,mujoco_warp,16,collection,unknown,unknown,3,adapter_pending,no dense inverse-inertia output path,,,,,fp32-fd-warnings,2,,,0,0,,,,,,
g1,minv,mujoco_warp,32,collection,unknown,unknown,3,adapter_pending,no dense inverse-inertia output path,,,,,fp32-fd-warnings,2,,,0,0,,,,,,
g1,minv,mujoco_warp,64,collection,unknown,unknown,3,adapter_pending,no dense inverse-inertia output path,,,,,fp32-fd-warnings,2,,,0,0,,,,,,
g1,minv,mujoco_warp,128,collection,unknown,unknown,3,adapter_pending,no dense inverse-inertia output path,,,,,fp32-fd-warnings,2,,,0,0,,,,,,
g1,minv,mujoco_warp,256,collection,unknown,unknown,3,adapter_pending,no dense inverse-inertia output path,,,,,fp32-fd-warnings,2,,,0,0,,,,,,
g1,minv,mujoco_warp,1024,collection,unknown,unknown,3,adapter_pending,no dense inverse-inertia output path,,,,,fp32-fd-warnings,2,,,0,0,,,,,,
g1,minv,pinocchio,16,collection,float32,codegen,3,accuracy_warning,Entrywise oracle/variation gate exceeded; explicitly retained with errors reported,22.5143,,,8,fp32-fd-warnings,2,0.0,0.0,41,19600,22.502599999999997,22.63226666666667,,,0.6641074642470812,5.316981153212558e-05
g1,minv,pinocchio,32,collection,float32,codegen,3,accuracy_warning,Entrywise oracle/variation gate exceeded; explicitly retained with errors reported,34.5607,,,8,fp32-fd-warnings,2,0.0,0.0,91,39200,34.32853333333333,34.5946,,,0.6641074642470812,5.075667537261671e-05
g1,minv,pinocchio,64,collection,float32,codegen,3,accuracy_warning,Entrywise oracle/variation gate exceeded; explicitly retained with errors reported,53.52556666666667,,,8,fp32-fd-warnings,2,0.0,0.0,231,78400,51.28146666666667,57.7703,,,0.9028637711662668,5.348203513864099e-05
g1,minv,pinocchio,128,collection,float32,codegen,3,accuracy_warning,Entrywise oracle/variation gate exceeded; explicitly retained with errors reported,94.41480000000001,,,8,fp32-fd-warnings,2,0.0,0.0,493,156800,93.16176666666665,104.18596666666669,,,0.9629957332463164,5.9014920092944015e-05
g1,minv,pinocchio,256,collection,float32,codegen,3,accuracy_warning,Entrywise oracle/variation gate exceeded; explicitly retained with errors reported,365.9115333333333,,,8,fp32-fd-warnings,2,0.0,0.0,1077,313600,223.46213333333336,385.59723333333335,,,1.0896433313969283,6.093085088873996e-05
g1,minv,pinocchio,1024,collection,float32,codegen,3,accuracy_warning,Entrywise oracle/variation gate exceeded; explicitly retained with errors reported,913.6368999999999,,,8,fp32-fd-warnings,2,0.0,0.0,4544,1254400,667.6203666666665,924.3498666666668,,,1.4451003940594092,6.362995964518967e-05
g1,minv,pinocchio_plain,16,collection,float32,standard Pinocchio API (no codegen),3,accuracy_warning,Entrywise oracle/variation gate exceeded; explicitly retained with errors reported,23.710500000000007,,,8,fp32-fd-warnings,2,0.0,0.0,50,19600,23.39803333333333,23.975099999999998,,,0.5913400882513997,5.1756520382329584e-05
g1,minv,pinocchio_plain,32,collection,float32,standard Pinocchio API (no codegen),3,accuracy_warning,Entrywise oracle/variation gate exceeded; explicitly retained with errors reported,36.952666666666666,,,8,fp32-fd-warnings,2,0.0,0.0,111,39200,36.531866666666666,38.21973333333333,,,0.692200391183178,5.7190230645528304e-05
g1,minv,pinocchio_plain,64,collection,float32,standard Pinocchio API (no codegen),3,accuracy_warning,Entrywise oracle/variation gate exceeded; explicitly retained with errors reported,58.83703333333334,,,8,fp32-fd-warnings,2,0.0,0.0,307,78400,57.47306666666666,62.75786666666667,,,1.354612510179777,6.696678543411755e-05
g1,minv,pinocchio_plain,128,collection,float32,standard Pinocchio API (no codegen),3,accuracy_warning,Entrywise oracle/variation gate exceeded; explicitly retained with errors reported,103.82960000000001,,,8,fp32-fd-warnings,2,0.0,0.0,580,156800,103.42763333333333,116.80836666666666,,,1.354612510179777,6.39946347261731e-05
g1,minv,pinocchio_plain,256,collection,float32,standard Pinocchio API (no codegen),3,accuracy_warning,Entrywise oracle/variation gate exceeded; explicitly retained with errors reported,406.78380000000004,,,8,fp32-fd-warnings,2,0.0,0.0,1075,313600,192.83060000000003,427.41023333333334,,,1.354612510179777,6.33710948708204e-05
g1,minv,pinocchio_plain,1024,collection,float32,standard Pinocchio API (no codegen),3,accuracy_warning,Entrywise oracle/variation gate exceeded; explicitly retained with errors reported,1000.7495333333331,,,8,fp32-fd-warnings,2,0.0,0.0,4728,1254400,980.9849,1050.0122,,,1.572066197121785,6.54069414011846e-05
g1,nonlinear_effects,bard,16,collection,float32,library dynamics,3,validated,,2724.440766666667,2656.0847333333327,,,fp32-fd-warnings,2,6.103515625e-05,4.6160971590470095e-08,0,560,2689.879433333333,2726.2108999999996,68.35603333333438,,0.00037205823718977626,2.487830685267995e-07
g1,nonlinear_effects,bard,32,collection,float32,library dynamics,3,validated,,2760.573766666667,2697.4918666666667,,,fp32-fd-warnings,2,6.103515625e-05,4.5029748384709036e-08,0,1120,2728.955766666667,2783.9627000000005,63.08190000000013,,0.0004015262306893419,2.301032986010335e-07
g1,nonlinear_effects,bard,64,collection,float32,library dynamics,3,validated,,2778.336766666667,2712.3763999999996,,,fp32-fd-warnings,2,6.103515625e-05,5.03241438681613e-08,0,2240,2735.2817999999997,2792.2336999999998,65.96036666666714,,0.00037205823718977626,2.3329657965514593e-07
g1,nonlinear_effects,bard,128,collection,float32,library dynamics,3,validated,,2791.891333333333,2717.5807,,,fp32-fd-warnings,2,0.0,0.0,0,4480,2762.976633333333,2827.1590000000006,74.31063333333304,,0.00037205823718977626,2.06805061362735e-07
g1,nonlinear_effects,bard,256,collection,float32,library dynamics,3,validated,,2808.8549666666668,2719.7556,,,fp32-fd-warnings,2,0.0,0.0,0,8960,2771.181033333333,2822.5665000000004,89.09936666666681,,0.00037205823718977626,1.9451089867659379e-07
g1,nonlinear_effects,bard,1024,collection,float32,library dynamics,3,validated,,2841.8182333333334,2724.0801333333334,,,fp32-fd-warnings,2,0.0,0.0,0,35840,2809.1023333333337,2895.4006333333327,117.73810000000003,,0.00037205823718977626,1.7919500895301817e-07
g1,nonlinear_effects,frax,16,collection,unknown,unknown,3,model_mismatch,existing Frax adapter uses a six-coordinate floating base; shared quaternion fixture needs a validated conversion,,,,,fp32-fd-warnings,2,,,0,0,,,,,,
g1,nonlinear_effects,frax,32,collection,unknown,unknown,3,model_mismatch,existing Frax adapter uses a six-coordinate floating base; shared quaternion fixture needs a validated conversion,,,,,fp32-fd-warnings,2,,,0,0,,,,,,
g1,nonlinear_effects,frax,64,collection,unknown,unknown,3,model_mismatch,existing Frax adapter uses a six-coordinate floating base; shared quaternion fixture needs a validated conversion,,,,,fp32-fd-warnings,2,,,0,0,,,,,,
g1,nonlinear_effects,frax,128,collection,unknown,unknown,3,model_mismatch,existing Frax adapter uses a six-coordinate floating base; shared quaternion fixture needs a validated conversion,,,,,fp32-fd-warnings,2,,,0,0,,,,,,
g1,nonlinear_effects,frax,256,collection,unknown,unknown,3,model_mismatch,existing Frax adapter uses a six-coordinate floating base; shared quaternion fixture needs a validated conversion,,,,,fp32-fd-warnings,2,,,0,0,,,,,,
g1,nonlinear_effects,frax,1024,collection,unknown,unknown,3,model_mismatch,existing Frax adapter uses a six-coordinate floating base; shared quaternion fixture needs a validated conversion,,,,,fp32-fd-warnings,2,,,0,0,,,,,,
g1,nonlinear_effects,grid_cuda,16,collection,float32,analytical,3,validated,,46.06983311971029,40.07769978841146,,192,fp32-fd-warnings,2,0.0,0.0,0,560,46.010266876220705,46.100633239746095,5.992133331298831,,0.0002802296834829576,1.5169156468180166e-07
g1,nonlinear_effects,grid_cuda,32,collection,float32,analytical,3,validated,,46.15063323974609,39.69229965209961,,192,fp32-fd-warnings,2,0.0,0.0,0,1120,46.10679931640625,46.154466756184895,6.458333587646486,,0.0002802296834829576,1.5206268690255347e-07
g1,nonlinear_effects,grid_cuda,64,collection,float32,analytical,3,validated,,46.50666732788086,39.81086705525716,,192,fp32-fd-warnings,2,0.0,0.0,0,2240,46.29893341064453,46.52546641031901,6.6958002726237,,0.0002802296834829576,1.4757643647655568e-07
g1,nonlinear_effects,grid_cuda,128,collection,float32,analytical,3,validated,,46.728600056966144,39.387900288899736,,192,fp32-fd-warnings,2,0.0,0.0,0,4480,46.60266672770182,47.009666188557944,7.340699768066408,,0.0002802296834829576,1.4287877516166568e-07
g1,nonlinear_effects,grid_cuda,256,collection,float32,analytical,3,validated,,47.57136637369792,37.96333287556966,,192,fp32-fd-warnings,2,0.0,0.0,0,8960,47.416100056966144,47.85979995727539,9.608033498128258,,0.0002802296834829576,1.3982415146099902e-07
g1,nonlinear_effects,grid_cuda,1024,collection,float32,analytical,3,validated,,151.7336675008138,124.98186670939127,,192,fp32-fd-warnings,2,0.0,0.0,0,35840,151.6363998413086,151.7430669148763,26.751800791422525,,0.0002802296834829576,1.3734640986574784e-07
g1,nonlinear_effects,grid_jax,16,collection,float32,analytical,3,validated,,179.6277333333333,79.90863333333333,,,fp32-fd-warnings,2,0.0,0.0,0,560,178.58966666666663,183.2498666666667,99.71909999999998,,0.0002802296834829576,1.5169156468180166e-07
g1,nonlinear_effects,grid_jax,32,collection,float32,analytical,3,validated,,182.62400000000008,67.2617,,,fp32-fd-warnings,2,0.0,0.0,0,1120,182.56283333333332,389.5126,115.36230000000008,,0.0002802296834829576,1.5206268690255347e-07
g1,nonlinear_effects,grid_jax,64,collection,float32,analytical,3,validated,,182.3122,69.17963333333334,,,fp32-fd-warnings,2,0.0,0.0,0,2240,182.04363333333333,184.3441333333334,113.13256666666665,,0.0002802296834829576,1.4757643647655568e-07
g1,nonlinear_effects,grid_jax,128,collection,float32,analytical,3,validated,,185.14196666666663,68.27636666666666,,,fp32-fd-warnings,2,0.0,0.0,0,4480,180.87459999999996,205.13483333333338,,negative total-minus-resident in at least one repeat; recollect,0.0002802296834829576,1.4287877516166568e-07
g1,nonlinear_effects,grid_jax,256,collection,float32,analytical,3,validated,,189.5204,65.4545,,,fp32-fd-warnings,2,0.0,0.0,0,8960,187.94219999999999,211.99449999999996,124.0659,,0.0002802296834829576,1.3982415146099902e-07
g1,nonlinear_effects,grid_jax,1024,collection,float32,analytical,3,validated,,690.5852333333332,291.00690000000003,,,fp32-fd-warnings,2,0.0,0.0,0,35840,590.7253666666668,1029.7962666666667,399.5783333333332,,0.0002802296834829576,1.3734640986574784e-07
g1,nonlinear_effects,mjx,16,collection,float32,simulator inverse dynamics at zero acceleration,3,validated,,641.5603,263.78659999999996,,,fp32-fd-warnings,2,0.00030517578125,1.8421566602627601e-07,0,560,471.1400333333333,757.0055000000001,377.7737,,0.000593853232658148,3.714363296409235e-07
g1,nonlinear_effects,mjx,32,collection,float32,simulator inverse dynamics at zero acceleration,3,validated,,568.7538666666666,272.4088333333333,,,fp32-fd-warnings,2,0.0003662109375,1.6124816321931803e-07,0,1120,440.0622333333333,837.6974333333333,296.3450333333333,,0.000532818076408148,2.938801627769317e-07
g1,nonlinear_effects,mjx,64,collection,float32,simulator inverse dynamics at zero acceleration,3,validated,,525.6902333333334,422.5884666666667,,,fp32-fd-warnings,2,0.00018310546875,1.0056624154493338e-07,0,2240,489.27726666666666,813.5427333333333,103.10176666666666,,0.000532818076408148,2.4521834794824185e-07
g1,nonlinear_effects,mjx,128,collection,float32,simulator inverse dynamics at zero acceleration,3,validated,,599.6460333333332,437.09299999999996,,,fp32-fd-warnings,2,0.00030517578125,1.0197932090648157e-07,0,4480,520.2575999999999,932.7428666666666,162.55303333333325,,0.000532818076408148,2.0325627069066744e-07
g1,nonlinear_effects,mjx,256,collection,float32,simulator inverse dynamics at zero acceleration,3,validated,,592.3800333333334,551.3927333333335,,,fp32-fd-warnings,2,0.000244140625,7.555974583044379e-08,0,8960,490.25960000000015,1217.2825999999998,,negative total-minus-resident in at least one repeat; recollect,0.000532818076408148,1.7598483642649966e-07
g1,nonlinear_effects,mjx,1024,collection,float32,simulator inverse dynamics at zero acceleration,3,validated,,1049.5403333333331,608.2315333333335,,,fp32-fd-warnings,2,0.000244140625,6.466878806997091e-08,0,35840,697.7781000000001,1219.4633333333334,441.3087999999997,,0.000593853232658148,1.342236660800553e-07
g1,nonlinear_effects,mujoco_cpu,16,collection,float64,simulator inverse dynamics at zero acceleration,3,validated,,82.35569999999998,,,,fp32-fd-warnings,2,0.0,0.0,0,560,81.85043333333333,82.98510000000002,,,0.000322744076811432,1.990599147310859e-07
g1,nonlinear_effects,mujoco_cpu,32,collection,float64,simulator inverse dynamics at zero acceleration,3,validated,,164.71273333333332,,,,fp32-fd-warnings,2,0.0,0.0,0,1120,163.7763,164.84250000000003,,,0.000322744076811432,1.694136837627306e-07
g1,nonlinear_effects,mujoco_cpu,64,collection,float64,simulator inverse dynamics at zero acceleration,3,validated,,339.4021333333333,,,,fp32-fd-warnings,2,0.0,0.0,0,2240,339.1597666666667,349.3700333333334,,,0.000322744076811432,1.3749128148452615e-07
g1,nonlinear_effects,mujoco_cpu,128,collection,float64,simulator inverse dynamics at zero acceleration,3,validated,,706.9853333333333,,,,fp32-fd-warnings,2,0.0,0.0,0,4480,705.6336333333334,729.0748333333333,,,0.000322744076811432,1.1030242551134283e-07
g1,nonlinear_effects,mujoco_cpu,256,collection,float64,simulator inverse dynamics at zero acceleration,3,validated,,1431.5854333333332,,,,fp32-fd-warnings,2,0.0,0.0,0,8960,1429.8146000000004,1465.3157,,,0.000322744076811432,8.93572239835808e-08
g1,nonlinear_effects,mujoco_cpu,1024,collection,float64,simulator inverse dynamics at zero acceleration,3,validated,,8323.7682,,,,fp32-fd-warnings,2,0.0,0.0,0,35840,8317.186033333332,8552.225766666668,,,0.000322744076811432,6.938235197606265e-08
g1,nonlinear_effects,mujoco_warp,16,collection,float32,simulator inverse dynamics at zero acceleration,3,validated,,242.82233333333338,210.66163333333327,1051.8950333333332,,fp32-fd-warnings,2,1.52587890625e-05,1.4775471656119264e-08,0,560,242.78516666666667,243.74026666666668,32.160700000000105,,0.0003656127069007198,3.023344258489392e-07
g1,nonlinear_effects,mujoco_warp,32,collection,float32,simulator inverse dynamics at zero acceleration,3,validated,,253.85956666666667,223.91386666666668,1044.4817999999998,,fp32-fd-warnings,2,3.0517578125e-05,1.2884984376604554e-08,0,1120,253.5812666666667,256.2926,29.945699999999988,,0.0003656127069007198,2.633061125956538e-07
g1,nonlinear_effects,mujoco_warp,64,collection,float32,simulator inverse dynamics at zero acceleration,3,validated,,274.29560000000004,240.8691333333333,1066.9075666666668,,fp32-fd-warnings,2,6.103515625e-05,2.3831816456887374e-08,0,2240,272.8754666666666,275.0133666666667,33.42646666666673,,0.0003656127069007198,2.2235627133986603e-07
g1,nonlinear_effects,mujoco_warp,128,collection,float32,simulator inverse dynamics at zero acceleration,3,validated,,300.28723333333323,263.48283333333336,1045.496,,fp32-fd-warnings,2,6.103515625e-05,2.2628099480559726e-08,0,4480,298.66306666666674,301.3926333333333,36.80439999999987,,0.0003656127069007198,1.8892365490846813e-07
g1,nonlinear_effects,mujoco_warp,256,collection,float32,simulator inverse dynamics at zero acceleration,3,validated,,327.6031,287.12523333333326,1082.0145,,fp32-fd-warnings,2,6.103515625e-05,2.6127147071189113e-08,0,8960,324.9257333333333,327.6598000000001,40.47786666666673,,0.0003656127069007198,1.6570701994192574e-07
g1,nonlinear_effects,mujoco_warp,1024,collection,float32,simulator inverse dynamics at zero acceleration,3,validated,,371.6338666666666,314.92216666666656,1086.4546666666665,,fp32-fd-warnings,2,6.103515625e-05,2.2492070368968094e-08,0,35840,370.3934666666666,372.3111333333333,56.711700000000064,,0.0003656127069007198,1.452443473067535e-07
g1,nonlinear_effects,pinocchio,16,collection,float32,codegen RNEA at zero acceleration/velocity,3,validated,,13.39156666666667,,,8,fp32-fd-warnings,2,0.0,0.0,0,560,12.8419,13.802266666666666,,,0.00024208271082670763,1.458455410833769e-07
g1,nonlinear_effects,pinocchio,32,collection,float32,codegen RNEA at zero acceleration/velocity,3,validated,,14.532166666666665,,,8,fp32-fd-warnings,2,0.0,0.0,0,1120,14.193566666666666,14.707466666666669,,,0.00024208271082670763,1.4821030956420437e-07
g1,nonlinear_effects,pinocchio,64,collection,float32,codegen RNEA at zero acceleration/velocity,3,validated,,19.2351,,,8,fp32-fd-warnings,2,0.0,0.0,0,2240,18.475233333333335,19.3876,,,0.00024208271082670763,1.453653815914296e-07
g1,nonlinear_effects,pinocchio,128,collection,float32,codegen RNEA at zero acceleration/velocity,3,validated,,28.362000000000002,,,8,fp32-fd-warnings,2,0.0,0.0,0,4480,27.4215,29.95546666666667,,,0.00024208271082670763,1.3736750463467294e-07
g1,nonlinear_effects,pinocchio,256,collection,float32,codegen RNEA at zero acceleration/velocity,3,validated,,45.09596666666666,,,8,fp32-fd-warnings,2,0.0,0.0,0,8960,44.28276666666667,45.7745,,,0.00024208271082670763,1.327818403418365e-07
g1,nonlinear_effects,pinocchio,1024,collection,float32,codegen RNEA at zero acceleration/velocity,3,validated,,150.119,,,8,fp32-fd-warnings,2,0.0,0.0,0,35840,149.78713333333334,320.8903666666667,,,0.00024208271082670763,1.2889646208401826e-07
g1,nonlinear_effects,pinocchio_plain,16,collection,float32,standard Pinocchio API (no codegen),3,validated,,14.104899999999999,,,8,fp32-fd-warnings,2,0.0,0.0,0,560,13.924800000000001,14.190833333333332,,,0.0001879031838143419,1.2853734309172756e-07
g1,nonlinear_effects,pinocchio_plain,32,collection,float32,standard Pinocchio API (no codegen),3,validated,,18.162300000000002,,,8,fp32-fd-warnings,2,0.0,0.0,0,1120,18.080033333333336,18.263533333333335,,,0.0001879031838143419,1.3499063702615797e-07
g1,nonlinear_effects,pinocchio_plain,64,collection,float32,standard Pinocchio API (no codegen),3,validated,,26.19796666666667,,,8,fp32-fd-warnings,2,0.0,0.0,0,2240,25.951166666666662,26.273033333333334,,,0.0001879031838143419,1.3645676088976154e-07
g1,nonlinear_effects,pinocchio_plain,128,collection,float32,standard Pinocchio API (no codegen),3,validated,,41.925700000000006,,,8,fp32-fd-warnings,2,0.0,0.0,0,4480,36.605733333333326,42.64726666666666,,,0.0001879031838143419,1.341167992973622e-07
g1,nonlinear_effects,pinocchio_plain,256,collection,float32,standard Pinocchio API (no codegen),3,validated,,74.08676666666666,,,8,fp32-fd-warnings,2,0.0,0.0,0,8960,65.48196666666666,75.1528,,,0.0001879031838143419,1.3116758127684927e-07
g1,nonlinear_effects,pinocchio_plain,1024,collection,float32,standard Pinocchio API (no codegen),3,validated,,431.3952333333333,,,8,fp32-fd-warnings,2,0.0,0.0,0,35840,402.1743333333333,435.2484333333333,,,0.0001879031838143419,1.2980593821075737e-07
go2,ccrba,bard,16,collection,unknown,unknown,3,adapter_pending,no matched centroidal-momentum / Coriolis-matrix output in this library's public API,,,,,fp32-fd-warnings,2,,,0,0,,,,,,
go2,ccrba,bard,32,collection,unknown,unknown,3,adapter_pending,no matched centroidal-momentum / Coriolis-matrix output in this library's public API,,,,,fp32-fd-warnings,2,,,0,0,,,,,,
go2,ccrba,bard,64,collection,unknown,unknown,3,adapter_pending,no matched centroidal-momentum / Coriolis-matrix output in this library's public API,,,,,fp32-fd-warnings,2,,,0,0,,,,,,
go2,ccrba,bard,128,collection,unknown,unknown,3,adapter_pending,no matched centroidal-momentum / Coriolis-matrix output in this library's public API,,,,,fp32-fd-warnings,2,,,0,0,,,,,,
go2,ccrba,bard,256,collection,unknown,unknown,3,adapter_pending,no matched centroidal-momentum / Coriolis-matrix output in this library's public API,,,,,fp32-fd-warnings,2,,,0,0,,,,,,
go2,ccrba,bard,1024,collection,unknown,unknown,3,adapter_pending,no matched centroidal-momentum / Coriolis-matrix output in this library's public API,,,,,fp32-fd-warnings,2,,,0,0,,,,,,
go2,ccrba,frax,16,collection,unknown,unknown,3,adapter_pending,no matched centroidal-momentum / Coriolis-matrix output in this library's public API,,,,,fp32-fd-warnings,2,,,0,0,,,,,,
go2,ccrba,frax,32,collection,unknown,unknown,3,adapter_pending,no matched centroidal-momentum / Coriolis-matrix output in this library's public API,,,,,fp32-fd-warnings,2,,,0,0,,,,,,
go2,ccrba,frax,64,collection,unknown,unknown,3,adapter_pending,no matched centroidal-momentum / Coriolis-matrix output in this library's public API,,,,,fp32-fd-warnings,2,,,0,0,,,,,,
go2,ccrba,frax,128,collection,unknown,unknown,3,adapter_pending,no matched centroidal-momentum / Coriolis-matrix output in this library's public API,,,,,fp32-fd-warnings,2,,,0,0,,,,,,
go2,ccrba,frax,256,collection,unknown,unknown,3,adapter_pending,no matched centroidal-momentum / Coriolis-matrix output in this library's public API,,,,,fp32-fd-warnings,2,,,0,0,,,,,,
go2,ccrba,frax,1024,collection,unknown,unknown,3,adapter_pending,no matched centroidal-momentum / Coriolis-matrix output in this library's public API,,,,,fp32-fd-warnings,2,,,0,0,,,,,,
go2,ccrba,grid_cuda,16,collection,float32,analytical,3,validated,,88.89806543986002,82.89756673177084,,256,fp32-fd-warnings,2,0.0,0.0,0,1824,88.79356689453125,88.96289978027343,6.000498708089182,,3.9199444060500355e-05,2.2189462485548385e-07
go2,ccrba,grid_cuda,32,collection,float32,analytical,3,validated,,88.54926630655925,82.36233317057291,,256,fp32-fd-warnings,2,0.0,0.0,0,3648,88.5350336710612,88.71136678059896,6.186933135986337,,3.9199444060500355e-05,2.1666515844742052e-07
go2,ccrba,grid_cuda,64,collection,float32,analytical,3,validated,,89.27779947916666,82.42250061035156,,256,fp32-fd-warnings,2,0.0,0.0,0,7296,89.19029998779297,89.30716705322266,6.8552988688150975,,3.9199444060500355e-05,2.0203366459596764e-07
go2,ccrba,grid_cuda,128,collection,float32,analytical,3,validated,,89.07376658121744,81.47356669108073,,256,fp32-fd-warnings,2,0.0,0.0,0,14592,89.06823323567708,89.11200002034505,7.600199890136707,,3.9199444060500355e-05,1.8940912823497293e-07
go2,ccrba,grid_cuda,256,collection,float32,analytical,3,validated,,88.15213292439779,78.43456751505533,,256,fp32-fd-warnings,2,0.0,0.0,0,29184,88.1424664815267,88.23039957682292,9.717565409342455,,3.9199444060500355e-05,1.738326948604451e-07
go2,ccrba,grid_cuda,1024,collection,float32,analytical,3,validated,,311.24896672566734,270.720999399821,,256,fp32-fd-warnings,2,0.0,0.0,0,116736,310.9566335042318,311.65150044759116,40.52796732584636,,3.9199444060500355e-05,1.6637760386617962e-07
go2,ccrba,grid_jax,16,collection,float32,analytical,3,validated,,276.83430000000004,110.87106666666666,,,fp32-fd-warnings,2,0.0,0.0,0,1824,251.2201,313.9465,,negative total-minus-resident in at least one repeat; recollect,3.9199444060500355e-05,2.2189462485548385e-07
go2,ccrba,grid_jax,32,collection,float32,analytical,3,validated,,260.27606666666674,100.92246666666666,,,fp32-fd-warnings,2,0.0,0.0,0,3648,241.65896666666671,385.4507666666667,159.35360000000009,,3.9199444060500355e-05,2.1666515844742052e-07
go2,ccrba,grid_jax,64,collection,float32,analytical,3,validated,,279.27466666666663,136.16216666666665,,,fp32-fd-warnings,2,0.0,0.0,0,7296,260.6692,291.37809999999996,143.11249999999998,,3.9199444060500355e-05,2.0203366459596764e-07
go2,ccrba,grid_jax,128,collection,float32,analytical,3,validated,,258.9439333333333,112.27590000000001,,,fp32-fd-warnings,2,0.0,0.0,0,14592,251.9923666666667,441.4658666666666,146.66803333333328,,3.9199444060500355e-05,1.8940912823497293e-07
go2,ccrba,grid_jax,256,collection,float32,analytical,3,validated,,298.6208333333334,261.60970000000003,,,fp32-fd-warnings,2,0.0,0.0,0,29184,283.85783333333336,299.7812666666667,,negative total-minus-resident in at least one repeat; recollect,3.9199444060500355e-05,1.738326948604451e-07
go2,ccrba,grid_jax,1024,collection,float32,analytical,3,validated,,559.3892666666667,343.7128,,,fp32-fd-warnings,2,0.0,0.0,0,116736,445.19166666666666,699.1725333333331,215.67646666666667,,3.9199444060500355e-05,1.6637760386617962e-07
go2,ccrba,mjx,16,collection,unknown,unknown,3,adapter_pending,no matched centroidal-momentum / Coriolis-matrix output in this library's public API,,,,,fp32-fd-warnings,2,,,0,0,,,,,,
go2,ccrba,mjx,32,collection,unknown,unknown,3,adapter_pending,no matched centroidal-momentum / Coriolis-matrix output in this library's public API,,,,,fp32-fd-warnings,2,,,0,0,,,,,,
go2,ccrba,mjx,64,collection,unknown,unknown,3,adapter_pending,no matched centroidal-momentum / Coriolis-matrix output in this library's public API,,,,,fp32-fd-warnings,2,,,0,0,,,,,,
go2,ccrba,mjx,128,collection,unknown,unknown,3,adapter_pending,no matched centroidal-momentum / Coriolis-matrix output in this library's public API,,,,,fp32-fd-warnings,2,,,0,0,,,,,,
go2,ccrba,mjx,256,collection,unknown,unknown,3,adapter_pending,no matched centroidal-momentum / Coriolis-matrix output in this library's public API,,,,,fp32-fd-warnings,2,,,0,0,,,,,,
go2,ccrba,mjx,1024,collection,unknown,unknown,3,adapter_pending,no matched centroidal-momentum / Coriolis-matrix output in this library's public API,,,,,fp32-fd-warnings,2,,,0,0,,,,,,
go2,ccrba,mujoco_cpu,16,collection,unknown,unknown,3,adapter_pending,no matched centroidal-momentum / Coriolis-matrix output in this library's public API,,,,,fp32-fd-warnings,2,,,0,0,,,,,,
go2,ccrba,mujoco_cpu,32,collection,unknown,unknown,3,adapter_pending,no matched centroidal-momentum / Coriolis-matrix output in this library's public API,,,,,fp32-fd-warnings,2,,,0,0,,,,,,
go2,ccrba,mujoco_cpu,64,collection,unknown,unknown,3,adapter_pending,no matched centroidal-momentum / Coriolis-matrix output in this library's public API,,,,,fp32-fd-warnings,2,,,0,0,,,,,,
go2,ccrba,mujoco_cpu,128,collection,unknown,unknown,3,adapter_pending,no matched centroidal-momentum / Coriolis-matrix output in this library's public API,,,,,fp32-fd-warnings,2,,,0,0,,,,,,
go2,ccrba,mujoco_cpu,256,collection,unknown,unknown,3,adapter_pending,no matched centroidal-momentum / Coriolis-matrix output in this library's public API,,,,,fp32-fd-warnings,2,,,0,0,,,,,,
go2,ccrba,mujoco_cpu,1024,collection,unknown,unknown,3,adapter_pending,no matched centroidal-momentum / Coriolis-matrix output in this library's public API,,,,,fp32-fd-warnings,2,,,0,0,,,,,,
go2,ccrba,mujoco_warp,16,collection,unknown,unknown,3,adapter_pending,no matched centroidal-momentum / Coriolis-matrix output in this library's public API,,,,,fp32-fd-warnings,2,,,0,0,,,,,,
go2,ccrba,mujoco_warp,32,collection,unknown,unknown,3,adapter_pending,no matched centroidal-momentum / Coriolis-matrix output in this library's public API,,,,,fp32-fd-warnings,2,,,0,0,,,,,,
go2,ccrba,mujoco_warp,64,collection,unknown,unknown,3,adapter_pending,no matched centroidal-momentum / Coriolis-matrix output in this library's public API,,,,,fp32-fd-warnings,2,,,0,0,,,,,,
go2,ccrba,mujoco_warp,128,collection,unknown,unknown,3,adapter_pending,no matched centroidal-momentum / Coriolis-matrix output in this library's public API,,,,,fp32-fd-warnings,2,,,0,0,,,,,,
go2,ccrba,mujoco_warp,256,collection,unknown,unknown,3,adapter_pending,no matched centroidal-momentum / Coriolis-matrix output in this library's public API,,,,,fp32-fd-warnings,2,,,0,0,,,,,,
go2,ccrba,mujoco_warp,1024,collection,unknown,unknown,3,adapter_pending,no matched centroidal-momentum / Coriolis-matrix output in this library's public API,,,,,fp32-fd-warnings,2,,,0,0,,,,,,
go2,ccrba,pinocchio,16,collection,unknown,unknown,3,adapter_pending,no CppADCodeGen class for this operation; see pinocchio_plain,,,,,fp32-fd-warnings,2,,,0,0,,,,,,
go2,ccrba,pinocchio,32,collection,unknown,unknown,3,adapter_pending,no CppADCodeGen class for this operation; see pinocchio_plain,,,,,fp32-fd-warnings,2,,,0,0,,,,,,
go2,ccrba,pinocchio,64,collection,unknown,unknown,3,adapter_pending,no CppADCodeGen class for this operation; see pinocchio_plain,,,,,fp32-fd-warnings,2,,,0,0,,,,,,
go2,ccrba,pinocchio,128,collection,unknown,unknown,3,adapter_pending,no CppADCodeGen class for this operation; see pinocchio_plain,,,,,fp32-fd-warnings,2,,,0,0,,,,,,
go2,ccrba,pinocchio,256,collection,unknown,unknown,3,adapter_pending,no CppADCodeGen class for this operation; see pinocchio_plain,,,,,fp32-fd-warnings,2,,,0,0,,,,,,
go2,ccrba,pinocchio,1024,collection,unknown,unknown,3,adapter_pending,no CppADCodeGen class for this operation; see pinocchio_plain,,,,,fp32-fd-warnings,2,,,0,0,,,,,,
go2,ccrba,pinocchio_plain,16,collection,float32,standard Pinocchio API (no codegen),3,validated,,12.94533333333333,,,8,fp32-fd-warnings,2,0.0,0.0,0,1824,12.939966666666667,13.323599999999999,,,1.6311260466750355e-05,9.414057949007536e-08
go2,ccrba,pinocchio_plain,32,collection,float32,standard Pinocchio API (no codegen),3,validated,,14.80376666666667,,,8,fp32-fd-warnings,2,0.0,0.0,0,3648,14.801,14.864066666666664,,,1.6311260466750355e-05,1.088293188333956e-07
go2,ccrba,pinocchio_plain,64,collection,float32,standard Pinocchio API (no codegen),3,validated,,19.3052,,,8,fp32-fd-warnings,2,0.0,0.0,0,7296,19.14226666666667,20.476833333333335,,,1.6311260466750355e-05,1.1515924133455278e-07
go2,ccrba,pinocchio_plain,128,collection,float32,standard Pinocchio API (no codegen),3,validated,,28.032933333333336,,,8,fp32-fd-warnings,2,0.0,0.0,0,14592,27.974166666666665,28.411266666666673,,,1.6311260466750355e-05,1.2038465979421132e-07
go2,ccrba,pinocchio_plain,256,collection,float32,standard Pinocchio API (no codegen),3,validated,,45.66506666666667,,,8,fp32-fd-warnings,2,0.0,0.0,0,29184,41.44663333333333,46.20663333333333,,,1.6311260466750355e-05,1.2136085897660875e-07
go2,ccrba,pinocchio_plain,1024,collection,float32,standard Pinocchio API (no codegen),3,validated,,152.12993333333333,,,8,fp32-fd-warnings,2,0.0,0.0,0,116736,140.8670666666667,326.6290666666667,,,1.6311260466750355e-05,1.2961649052558746e-07
go2,coriolis_matrix,bard,16,collection,unknown,unknown,3,adapter_pending,no matched centroidal-momentum / Coriolis-matrix output in this library's public API,,,,,fp32-fd-warnings,2,,,0,0,,,,,,
go2,coriolis_matrix,bard,32,collection,unknown,unknown,3,adapter_pending,no matched centroidal-momentum / Coriolis-matrix output in this library's public API,,,,,fp32-fd-warnings,2,,,0,0,,,,,,
go2,coriolis_matrix,bard,64,collection,unknown,unknown,3,adapter_pending,no matched centroidal-momentum / Coriolis-matrix output in this library's public API,,,,,fp32-fd-warnings,2,,,0,0,,,,,,
go2,coriolis_matrix,bard,128,collection,unknown,unknown,3,adapter_pending,no matched centroidal-momentum / Coriolis-matrix output in this library's public API,,,,,fp32-fd-warnings,2,,,0,0,,,,,,
go2,coriolis_matrix,bard,256,collection,unknown,unknown,3,adapter_pending,no matched centroidal-momentum / Coriolis-matrix output in this library's public API,,,,,fp32-fd-warnings,2,,,0,0,,,,,,
go2,coriolis_matrix,bard,1024,collection,unknown,unknown,3,adapter_pending,no matched centroidal-momentum / Coriolis-matrix output in this library's public API,,,,,fp32-fd-warnings,2,,,0,0,,,,,,
go2,coriolis_matrix,frax,16,collection,unknown,unknown,3,adapter_pending,no matched centroidal-momentum / Coriolis-matrix output in this library's public API,,,,,fp32-fd-warnings,2,,,0,0,,,,,,
go2,coriolis_matrix,frax,32,collection,unknown,unknown,3,adapter_pending,no matched centroidal-momentum / Coriolis-matrix output in this library's public API,,,,,fp32-fd-warnings,2,,,0,0,,,,,,
go2,coriolis_matrix,frax,64,collection,unknown,unknown,3,adapter_pending,no matched centroidal-momentum / Coriolis-matrix output in this library's public API,,,,,fp32-fd-warnings,2,,,0,0,,,,,,
go2,coriolis_matrix,frax,128,collection,unknown,unknown,3,adapter_pending,no matched centroidal-momentum / Coriolis-matrix output in this library's public API,,,,,fp32-fd-warnings,2,,,0,0,,,,,,
go2,coriolis_matrix,frax,256,collection,unknown,unknown,3,adapter_pending,no matched centroidal-momentum / Coriolis-matrix output in this library's public API,,,,,fp32-fd-warnings,2,,,0,0,,,,,,
go2,coriolis_matrix,frax,1024,collection,unknown,unknown,3,adapter_pending,no matched centroidal-momentum / Coriolis-matrix output in this library's public API,,,,,fp32-fd-warnings,2,,,0,0,,,,,,
go2,coriolis_matrix,grid_cuda,16,collection,float32,analytical,3,validated,,71.65019989013672,68.1339335123698,,192,fp32-fd-warnings,2,0.0,0.0,0,5184,71.49290008544922,72.20740025838217,3.516266377766925,,2.8779029833003733e-05,2.039323376473897e-07
go2,coriolis_matrix,grid_cuda,32,collection,float32,analytical,3,validated,,71.73103307088216,67.77096684773763,,192,fp32-fd-warnings,2,0.0,0.0,0,10368,71.61976648966471,71.7730000813802,3.960066223144537,,2.8779029833003733e-05,2.0435789839497764e-07
go2,coriolis_matrix,grid_cuda,64,collection,float32,analytical,3,validated,,73.87486673990885,68.09199981689453,,192,fp32-fd-warnings,2,0.0,0.0,0,20736,73.7450335184733,74.07803344726562,5.782866923014325,,2.8779029833003733e-05,2.2172232357090729e-07
go2,coriolis_matrix,grid_cuda,128,collection,float32,analytical,3,validated,,75.99610010782878,67.73116709391276,,192,fp32-fd-warnings,2,0.0,0.0,0,41472,75.5881332397461,76.84733301798502,8.264933013916021,,2.8779029833003733e-05,2.26136405652014e-07
go2,coriolis_matrix,grid_cuda,256,collection,float32,analytical,3,validated,,85.26279983520507,69.1334332784017,,192,fp32-fd-warnings,2,0.0,0.0,0,82944,81.7048324584961,86.53406677246093,16.129366556803376,,2.8779029833003733e-05,2.424464879454318e-07
go2,coriolis_matrix,grid_cuda,1024,collection,float32,analytical,3,validated,,328.11783294677736,248.31506576538087,,192,fp32-fd-warnings,2,0.0,0.0,0,331776,327.5285329182943,328.5559664408366,79.80276718139649,,2.8779029833003733e-05,2.488794434594098e-07
go2,coriolis_matrix,grid_jax,16,collection,float32,analytical,3,validated,,216.4283666666667,116.32076666666666,,,fp32-fd-warnings,2,0.0,0.0,0,5184,203.30643333333336,439.74583333333334,100.10760000000005,,2.8779029833003733e-05,2.039323376473897e-07
go2,coriolis_matrix,grid_jax,32,collection,float32,analytical,3,validated,,235.29766666666666,107.91516666666666,,,fp32-fd-warnings,2,0.0,0.0,0,10368,233.1858666666667,276.5952,127.3825,,2.8779029833003733e-05,2.0435789839497764e-07
go2,coriolis_matrix,grid_jax,64,collection,float32,analytical,3,validated,,343.25836666666663,366.61463333333336,,,fp32-fd-warnings,2,0.0,0.0,0,20736,279.7995666666667,395.4692333333333,,negative total-minus-resident in at least one repeat; recollect,2.8779029833003733e-05,2.2172232357090729e-07
go2,coriolis_matrix,grid_jax,128,collection,float32,analytical,3,validated,,688.1478333333333,103.15716666666665,,,fp32-fd-warnings,2,0.0,0.0,0,41472,236.32379999999998,745.9250666666668,584.9906666666667,,2.8779029833003733e-05,2.26136405652014e-07
go2,coriolis_matrix,grid_jax,256,collection,float32,analytical,3,validated,,289.17626666666666,157.3835666666667,,,fp32-fd-warnings,2,0.0,0.0,0,82944,259.29929999999996,1113.9025666666669,,negative total-minus-resident in at least one repeat; recollect,2.8779029833003733e-05,2.424464879454318e-07
go2,coriolis_matrix,grid_jax,1024,collection,float32,analytical,3,validated,,1210.0587999999998,422.39163333333335,,,fp32-fd-warnings,2,0.0,0.0,0,331776,1201.6000999999997,1265.3198333333335,787.6671666666664,,2.8779029833003733e-05,2.488794434594098e-07
go2,coriolis_matrix,mjx,16,collection,unknown,unknown,3,adapter_pending,no matched centroidal-momentum / Coriolis-matrix output in this library's public API,,,,,fp32-fd-warnings,2,,,0,0,,,,,,
go2,coriolis_matrix,mjx,32,collection,unknown,unknown,3,adapter_pending,no matched centroidal-momentum / Coriolis-matrix output in this library's public API,,,,,fp32-fd-warnings,2,,,0,0,,,,,,
go2,coriolis_matrix,mjx,64,collection,unknown,unknown,3,adapter_pending,no matched centroidal-momentum / Coriolis-matrix output in this library's public API,,,,,fp32-fd-warnings,2,,,0,0,,,,,,
go2,coriolis_matrix,mjx,128,collection,unknown,unknown,3,adapter_pending,no matched centroidal-momentum / Coriolis-matrix output in this library's public API,,,,,fp32-fd-warnings,2,,,0,0,,,,,,
go2,coriolis_matrix,mjx,256,collection,unknown,unknown,3,adapter_pending,no matched centroidal-momentum / Coriolis-matrix output in this library's public API,,,,,fp32-fd-warnings,2,,,0,0,,,,,,
go2,coriolis_matrix,mjx,1024,collection,unknown,unknown,3,adapter_pending,no matched centroidal-momentum / Coriolis-matrix output in this library's public API,,,,,fp32-fd-warnings,2,,,0,0,,,,,,
go2,coriolis_matrix,mujoco_cpu,16,collection,unknown,unknown,3,adapter_pending,no matched centroidal-momentum / Coriolis-matrix output in this library's public API,,,,,fp32-fd-warnings,2,,,0,0,,,,,,
go2,coriolis_matrix,mujoco_cpu,32,collection,unknown,unknown,3,adapter_pending,no matched centroidal-momentum / Coriolis-matrix output in this library's public API,,,,,fp32-fd-warnings,2,,,0,0,,,,,,
go2,coriolis_matrix,mujoco_cpu,64,collection,unknown,unknown,3,adapter_pending,no matched centroidal-momentum / Coriolis-matrix output in this library's public API,,,,,fp32-fd-warnings,2,,,0,0,,,,,,
go2,coriolis_matrix,mujoco_cpu,128,collection,unknown,unknown,3,adapter_pending,no matched centroidal-momentum / Coriolis-matrix output in this library's public API,,,,,fp32-fd-warnings,2,,,0,0,,,,,,
go2,coriolis_matrix,mujoco_cpu,256,collection,unknown,unknown,3,adapter_pending,no matched centroidal-momentum / Coriolis-matrix output in this library's public API,,,,,fp32-fd-warnings,2,,,0,0,,,,,,
go2,coriolis_matrix,mujoco_cpu,1024,collection,unknown,unknown,3,adapter_pending,no matched centroidal-momentum / Coriolis-matrix output in this library's public API,,,,,fp32-fd-warnings,2,,,0,0,,,,,,
go2,coriolis_matrix,mujoco_warp,16,collection,unknown,unknown,3,adapter_pending,no matched centroidal-momentum / Coriolis-matrix output in this library's public API,,,,,fp32-fd-warnings,2,,,0,0,,,,,,
go2,coriolis_matrix,mujoco_warp,32,collection,unknown,unknown,3,adapter_pending,no matched centroidal-momentum / Coriolis-matrix output in this library's public API,,,,,fp32-fd-warnings,2,,,0,0,,,,,,
go2,coriolis_matrix,mujoco_warp,64,collection,unknown,unknown,3,adapter_pending,no matched centroidal-momentum / Coriolis-matrix output in this library's public API,,,,,fp32-fd-warnings,2,,,0,0,,,,,,
go2,coriolis_matrix,mujoco_warp,128,collection,unknown,unknown,3,adapter_pending,no matched centroidal-momentum / Coriolis-matrix output in this library's public API,,,,,fp32-fd-warnings,2,,,0,0,,,,,,
go2,coriolis_matrix,mujoco_warp,256,collection,unknown,unknown,3,adapter_pending,no matched centroidal-momentum / Coriolis-matrix output in this library's public API,,,,,fp32-fd-warnings,2,,,0,0,,,,,,
go2,coriolis_matrix,mujoco_warp,1024,collection,unknown,unknown,3,adapter_pending,no matched centroidal-momentum / Coriolis-matrix output in this library's public API,,,,,fp32-fd-warnings,2,,,0,0,,,,,,
go2,coriolis_matrix,pinocchio,16,collection,unknown,unknown,3,adapter_pending,no CppADCodeGen class for this operation; see pinocchio_plain,,,,,fp32-fd-warnings,2,,,0,0,,,,,,
go2,coriolis_matrix,pinocchio,32,collection,unknown,unknown,3,adapter_pending,no CppADCodeGen class for this operation; see pinocchio_plain,,,,,fp32-fd-warnings,2,,,0,0,,,,,,
go2,coriolis_matrix,pinocchio,64,collection,unknown,unknown,3,adapter_pending,no CppADCodeGen class for this operation; see pinocchio_plain,,,,,fp32-fd-warnings,2,,,0,0,,,,,,
go2,coriolis_matrix,pinocchio,128,collection,unknown,unknown,3,adapter_pending,no CppADCodeGen class for this operation; see pinocchio_plain,,,,,fp32-fd-warnings,2,,,0,0,,,,,,
go2,coriolis_matrix,pinocchio,256,collection,unknown,unknown,3,adapter_pending,no CppADCodeGen class for this operation; see pinocchio_plain,,,,,fp32-fd-warnings,2,,,0,0,,,,,,
go2,coriolis_matrix,pinocchio,1024,collection,unknown,unknown,3,adapter_pending,no CppADCodeGen class for this operation; see pinocchio_plain,,,,,fp32-fd-warnings,2,,,0,0,,,,,,
go2,coriolis_matrix,pinocchio_plain,16,collection,float32,standard Pinocchio API (no codegen),3,validated,,16.1254,,,8,fp32-fd-warnings,2,0.0,0.0,0,5184,16.098066666666668,16.1408,,,1.4461517281461056e-05,1.281491137698067e-07
go2,coriolis_matrix,pinocchio_plain,32,collection,float32,standard Pinocchio API (no codegen),3,validated,,23.12453333333334,,,2/8,fp32-fd-warnings,2,0.0,0.0,0,10368,22.060866666666662,52.55673333333334,,,1.4461517281461056e-05,1.3164747448055794e-07
go2,coriolis_matrix,pinocchio_plain,64,collection,float32,standard Pinocchio API (no codegen),3,validated,,33.66403333333333,,,8,fp32-fd-warnings,2,0.0,0.0,0,20736,33.571099999999994,33.697266666666664,,,1.4461517281461056e-05,1.4160287982532724e-07
go2,coriolis_matrix,pinocchio_plain,128,collection,float32,standard Pinocchio API (no codegen),3,validated,,54.97780000000001,,,8,fp32-fd-warnings,2,0.0,0.0,0,41472,54.460066666666656,55.07213333333333,,,1.4461517281461056e-05,1.506293435228769e-07
go2,coriolis_matrix,pinocchio_plain,256,collection,float32,standard Pinocchio API (no codegen),3,validated,,97.24953333333333,,,8,fp32-fd-warnings,2,0.0,0.0,0,82944,97.22253333333335,97.44566666666667,,,1.4461517281461056e-05,1.6181642487526583e-07
go2,coriolis_matrix,pinocchio_plain,1024,collection,float32,standard Pinocchio API (no codegen),3,validated,,352.52560000000005,,,8,fp32-fd-warnings,2,0.0,0.0,0,331776,351.3607,353.3415666666667,,,1.4461517281461056e-05,1.7481248313142822e-07
go2,crba,bard,16,collection,float32,library dynamics,3,validated,,1903.1254333333334,1839.8832333333332,,,fp32-fd-warnings,2,0.0,0.0,0,5184,1890.3701,1931.2104333333334,63.24220000000014,,1.8005371060780817e-06,3.7607777158769715e-08
go2,crba,bard,32,collection,float32,library dynamics,3,validated,,1936.9392333333333,1875.0836666666667,,,fp32-fd-warnings,2,0.0,0.0,0,10368,1898.216766666667,1962.4116333333334,61.85556666666662,,1.8005371060780817e-06,3.7608587698784295e-08
go2,crba,bard,64,collection,float32,library dynamics,3,validated,,1970.5642333333333,1891.5420999999997,,,fp32-fd-warnings,2,0.0,0.0,0,20736,1906.3929666666668,1996.9629666666665,79.02213333333361,,1.8005371060780817e-06,3.8427255734318084e-08
go2,crba,bard,128,collection,float32,library dynamics,3,validated,,1978.6103666666666,1897.2122666666664,,,fp32-fd-warnings,2,0.0,0.0,0,41472,1921.7475000000002,2011.8710333333336,81.39810000000011,,1.8005371060780817e-06,4.138516197952482e-08
go2,crba,bard,256,collection,float32,library dynamics,3,validated,,2001.4533333333336,1885.7883666666667,,,fp32-fd-warnings,2,0.0,0.0,0,82944,1954.7305000000003,2038.386,115.66496666666694,,2.0141601595469183e-06,3.965677417832747e-08
go2,crba,bard,1024,collection,float32,library dynamics,3,validated,,2119.2688666666663,1887.8604666666665,,,fp32-fd-warnings,2,0.0,0.0,0,331776,2079.2454666666663,2132.4691000000003,231.4083999999998,,2.0141601595469183e-06,3.7110687784242855e-08
go2,crba,frax,16,collection,unknown,unknown,3,model_mismatch,existing Frax adapter uses a six-coordinate floating base; shared quaternion fixture needs a validated conversion,,,,,fp32-fd-warnings,2,,,0,0,,,,,,
go2,crba,frax,32,collection,unknown,unknown,3,model_mismatch,existing Frax adapter uses a six-coordinate floating base; shared quaternion fixture needs a validated conversion,,,,,fp32-fd-warnings,2,,,0,0,,,,,,
go2,crba,frax,64,collection,unknown,unknown,3,model_mismatch,existing Frax adapter uses a six-coordinate floating base; shared quaternion fixture needs a validated conversion,,,,,fp32-fd-warnings,2,,,0,0,,,,,,
go2,crba,frax,128,collection,unknown,unknown,3,model_mismatch,existing Frax adapter uses a six-coordinate floating base; shared quaternion fixture needs a validated conversion,,,,,fp32-fd-warnings,2,,,0,0,,,,,,
go2,crba,frax,256,collection,unknown,unknown,3,model_mismatch,existing Frax adapter uses a six-coordinate floating base; shared quaternion fixture needs a validated conversion,,,,,fp32-fd-warnings,2,,,0,0,,,,,,
go2,crba,frax,1024,collection,unknown,unknown,3,model_mismatch,existing Frax adapter uses a six-coordinate floating base; shared quaternion fixture needs a validated conversion,,,,,fp32-fd-warnings,2,,,0,0,,,,,,
go2,crba,grid_cuda,16,collection,float32,analytical,3,validated,,19.77373326619466,13.575467173258463,,128,fp32-fd-warnings,2,0.0,0.0,0,5184,19.51833292643229,19.85823287963867,6.198266092936198,,1.8005371060780817e-06,2.469993503435823e-08
go2,crba,grid_cuda,32,collection,float32,analytical,3,validated,,20.41313273111979,13.630500030517577,,128,fp32-fd-warnings,2,0.0,0.0,0,10368,20.373499806722005,20.546100107828774,6.782632700602214,,1.8005371060780817e-06,2.7277214615459657e-08
go2,crba,grid_cuda,64,collection,float32,analytical,3,validated,,21.971299743652345,13.667333221435547,,128,fp32-fd-warnings,2,0.0,0.0,0,20736,21.74763361612956,35.48530019124349,8.303966522216799,,1.8005371060780817e-06,2.838273840228607e-08
go2,crba,grid_cuda,128,collection,float32,analytical,3,validated,,24.242566680908205,13.86266606648763,,128,fp32-fd-warnings,2,0.0,0.0,0,41472,23.53959986368815,24.456200408935548,10.379900614420574,,1.8005371060780817e-06,2.8372906217722224e-08
go2,crba,grid_cuda,256,collection,float32,analytical,3,validated,,29.491799926757814,14.14866689046224,,128,fp32-fd-warnings,2,0.0,0.0,0,82944,29.00799992879232,29.61389923095703,15.343133036295574,,1.8005371060780817e-06,2.6690062705600123e-08
go2,crba,grid_cuda,1024,collection,float32,analytical,3,validated,,101.21133346557617,23.3171999613444,,128,fp32-fd-warnings,2,0.0,0.0,0,331776,101.0093002319336,101.2267328898112,77.89413350423177,,1.8005371060780817e-06,2.5179857433984112e-08
go2,crba,grid_jax,16,collection,float32,analytical,3,validated,,118.24606666666665,38.50906666666667,,,fp32-fd-warnings,2,0.0,0.0,0,5184,115.59799999999998,118.85590000000002,79.73699999999998,,1.8005371060780817e-06,2.469993503435823e-08
go2,crba,grid_jax,32,collection,float32,analytical,3,validated,,170.4989,38.18596666666667,,,fp32-fd-warnings,2,0.0,0.0,0,10368,121.64219999999999,582.3922333333334,132.31293333333332,,1.8005371060780817e-06,2.7277214615459657e-08
go2,crba,grid_jax,64,collection,float32,analytical,3,validated,,131.68293333333332,45.37420000000001,,,fp32-fd-warnings,2,0.0,0.0,0,20736,125.88596666666668,157.7755666666666,86.30873333333332,,1.8005371060780817e-06,2.838273840228607e-08
go2,crba,grid_jax,128,collection,float32,analytical,3,validated,,150.6134,47.87339999999999,,,fp32-fd-warnings,2,0.0,0.0,0,41472,143.069,301.6813333333333,102.74000000000002,,1.8005371060780817e-06,2.8372906217722224e-08
go2,crba,grid_jax,256,collection,float32,analytical,3,validated,,242.63346666666666,47.85693333333334,,,fp32-fd-warnings,2,0.0,0.0,0,82944,194.76966666666664,248.18143333333327,194.77653333333333,,1.8005371060780817e-06,2.6690062705600123e-08
go2,crba,grid_jax,1024,collection,float32,analytical,3,validated,,578.0425333333334,48.277833333333334,,,fp32-fd-warnings,2,0.0,0.0,0,331776,455.1775999999999,839.3173999999999,529.7647000000001,,1.8005371060780817e-06,2.5179857433984112e-08
go2,crba,mjx,16,collection,float32,simulator CRB + dense mass matrix,3,validated,,308.3815666666667,228.7722333333333,,,fp32-fd-warnings,2,1.9073486328125e-06,1.1864778014718473e-07,0,5184,281.5445,474.9153,79.60933333333338,,4.171026496635477e-06,1.4236496303425151e-07
go2,crba,mjx,32,collection,float32,simulator CRB + dense mass matrix,3,validated,,381.75149999999996,118.67153333333334,,,fp32-fd-warnings,2,1.9073486328125e-06,1.1863469596252383e-07,0,10368,308.2824,490.12600000000003,263.0799666666666,,5.389361447782903e-06,1.4428196675738976e-07
go2,crba,mjx,64,collection,float32,simulator CRB + dense mass matrix,3,validated,,563.5721666666666,117.50526666666663,,,fp32-fd-warnings,2,1.9073486328125e-06,1.1866149605292894e-07,0,20736,325.0996333333333,566.7876333333334,446.0669,,5.389361447782903e-06,1.4011185614477584e-07
go2,crba,mjx,128,collection,float32,simulator CRB + dense mass matrix,3,validated,,339.61183333333327,126.26473333333334,,,fp32-fd-warnings,2,1.9073486328125e-06,1.0280268297066051e-07,0,41472,316.92249999999996,339.7814999999999,213.34709999999993,,5.389361447782903e-06,1.4622420125596305e-07
go2,crba,mjx,256,collection,float32,simulator CRB + dense mass matrix,3,validated,,402.7821333333333,126.56656666666667,,,fp32-fd-warnings,2,1.9073486328125e-06,9.389919026254771e-08,0,82944,352.1751333333333,458.87216666666666,276.21556666666663,,5.992183936598394e-06,1.4769704089778355e-07
go2,crba,mjx,1024,collection,float32,simulator CRB + dense mass matrix,3,validated,,558.2438999999999,155.34866666666667,,,fp32-fd-warnings,2,1.9073486328125e-06,7.280791243753198e-08,0,331776,542.1564,586.8727999999999,402.8952333333333,,6.032886627593825e-06,1.4839676599106187e-07
go2,crba,mujoco_cpu,16,collection,float64,simulator CRB + dense mass matrix,3,validated,,58.019133333333336,,,,fp32-fd-warnings,2,0.0,0.0,0,5184,57.8923,58.41909999999999,,,3.06820176376732e-06,8.358618779865796e-08
go2,crba,mujoco_cpu,32,collection,float64,simulator CRB + dense mass matrix,3,validated,,115.09963333333332,,,,fp32-fd-warnings,2,0.0,0.0,0,10368,114.72626666666665,115.7317,,,3.3752012917886987e-06,8.515374645132739e-08
go2,crba,mujoco_cpu,64,collection,float64,simulator CRB + dense mass matrix,3,validated,,231.0492333333333,,,,fp32-fd-warnings,2,0.0,0.0,0,20736,230.78246666666666,233.99243333333337,,,3.473595242553529e-06,8.050166408539694e-08
go2,crba,mujoco_cpu,128,collection,float64,simulator CRB + dense mass matrix,3,validated,,493.2156999999999,,,,fp32-fd-warnings,2,0.0,0.0,0,41472,491.94106666666664,496.5459333333334,,,4.252598202469926e-06,8.108963214109688e-08
go2,crba,mujoco_cpu,256,collection,float64,simulator CRB + dense mass matrix,3,validated,,1009.9246999999999,,,,fp32-fd-warnings,2,0.0,0.0,0,82944,1006.5312,1016.8548333333331,,,4.722847613436443e-06,8.481793538716346e-08
go2,crba,mujoco_cpu,1024,collection,float64,simulator CRB + dense mass matrix,3,validated,,4861.894,,,,fp32-fd-warnings,2,0.0,0.0,0,331776,4807.585400000001,5004.7447999999995,,,4.722847613436443e-06,8.158253117317454e-08
go2,crba,mujoco_warp,16,collection,float32,simulator CRB + dense mass matrix,3,validated,,84.39993333333334,48.57169999999999,196.93419999999998,,fp32-fd-warnings,2,1.1920928955078125e-07,1.8133069745687776e-09,0,5184,84.02266666666667,84.69316666666667,35.828233333333344,,4.171026496635477e-06,1.4281698852618643e-07
go2,crba,mujoco_warp,32,collection,float32,simulator CRB + dense mass matrix,3,validated,,89.52683333333334,53.010200000000005,197.03619999999998,,fp32-fd-warnings,2,7.450580596923828e-08,2.125435660200376e-09,0,10368,89.01336666666664,89.80079999999998,36.51663333333334,,5.389361447782903e-06,1.446206359524678e-07
go2,crba,mujoco_warp,64,collection,float32,simulator CRB + dense mass matrix,3,validated,,102.449,58.813433333333336,200.01010000000002,,fp32-fd-warnings,2,1.1920928955078125e-07,1.8186450126683525e-09,0,20736,102.28456666666668,103.06706666666669,43.63556666666666,,5.389361447782903e-06,1.404218307518724e-07
go2,crba,mujoco_warp,128,collection,float32,simulator CRB + dense mass matrix,3,validated,,113.57156666666667,61.06929999999999,201.61056666666667,,fp32-fd-warnings,2,1.1920928955078125e-07,2.101612306508917e-09,0,41472,112.70263333333334,114.14959999999999,52.50226666666668,,5.389361447782903e-06,1.463290254165234e-07
go2,crba,mujoco_warp,256,collection,float32,simulator CRB + dense mass matrix,3,validated,,145.39083333333335,62.124433333333336,205.55083333333332,,fp32-fd-warnings,2,1.1920928955078125e-07,1.998944630566876e-09,0,82944,139.9905,145.48806666666667,83.2664,,5.992183936598394e-06,1.4784250688663535e-07
go2,crba,mujoco_warp,1024,collection,float32,simulator CRB + dense mass matrix,3,validated,,263.6592666666667,70.1965,207.5818,,fp32-fd-warnings,2,1.4901161193847656e-07,2.0772369213556027e-09,0,331776,252.92433333333332,272.17903333333334,193.4627666666667,,6.032886627593825e-06,1.49845254738894e-07
go2,crba,pinocchio,16,collection,float32,codegen,3,validated,,12.668566666666665,,,1/8,fp32-fd-warnings,2,0.0,0.0,0,5184,12.636700000000001,12.968933333333334,,,3.921508792359418e-06,1.1722231460845694e-07
go2,crba,pinocchio,32,collection,float32,codegen,3,validated,,14.088766666666668,,,8,fp32-fd-warnings,2,0.0,0.0,0,10368,14.04026666666667,14.295866666666663,,,3.921508792359418e-06,1.1334896482916575e-07
go2,crba,pinocchio,64,collection,float32,codegen,3,validated,,17.242633333333334,,,8,fp32-fd-warnings,2,0.0,0.0,0,20736,17.136366666666667,17.30153333333333,,,3.921508792359418e-06,1.1443722842818307e-07
go2,crba,pinocchio,128,collection,float32,codegen,3,validated,,24.09633333333333,,,8,fp32-fd-warnings,2,0.0,0.0,0,41472,24.032599999999995,25.688899999999997,,,3.921508792359418e-06,1.188551213232082e-07
go2,crba,pinocchio,256,collection,float32,codegen,3,validated,,36.82836666666667,,,8,fp32-fd-warnings,2,0.0,0.0,0,82944,36.759033333333335,37.73969999999999,,,5.828857425171918e-06,1.213801879290426e-07
go2,crba,pinocchio,1024,collection,float32,codegen,3,validated,,100.77009999999997,,,8,fp32-fd-warnings,2,0.0,0.0,0,331776,100.64486666666669,114.00170000000001,,,5.828857425171918e-06,1.2099600192415266e-07
go2,crba,pinocchio_plain,16,collection,float32,standard Pinocchio API (no codegen),3,validated,,13.437833333333334,,,8,fp32-fd-warnings,2,0.0,0.0,0,5184,12.8008,13.727033333333335,,,1.3329556708407964e-07,9.91530938761564e-09
go2,crba,pinocchio_plain,32,collection,float32,standard Pinocchio API (no codegen),3,validated,,16.12933333333333,,,8,fp32-fd-warnings,2,0.0,0.0,0,10368,15.995166666666668,16.227666666666668,,,1.3401023635228881e-07,9.651633303111536e-09
go2,crba,pinocchio_plain,64,collection,float32,standard Pinocchio API (no codegen),3,validated,,22.533399999999997,,,8,fp32-fd-warnings,2,0.0,0.0,0,20736,22.497799999999998,22.534900000000004,,,1.3401023635228881e-07,9.382328056554054e-09
go2,crba,pinocchio_plain,128,collection,float32,standard Pinocchio API (no codegen),3,validated,,34.92066666666667,,,8,fp32-fd-warnings,2,0.0,0.0,0,41472,34.873533333333334,36.19906666666667,,,1.4188400934700418e-07,9.37673189269057e-09
go2,crba,pinocchio_plain,256,collection,float32,standard Pinocchio API (no codegen),3,validated,,62.38413333333334,,,8,fp32-fd-warnings,2,0.0,0.0,0,82944,60.705666666666666,63.7504,,,1.7601333675287822e-07,9.357979364539459e-09
go2,crba,pinocchio_plain,1024,collection,float32,standard Pinocchio API (no codegen),3,validated,,209.04913333333334,,,8,fp32-fd-warnings,2,0.0,0.0,0,331776,205.24653333333333,380.4309666666667,,,1.868688984107969e-07,9.509729337976253e-09
go2,end_effector_pose,bard,16,collection,unknown,unknown,3,adapter_pending,selected operation not wired; not a library capability claim,,,,,fp32-fd-warnings,2,,,0,0,,,,,,
go2,end_effector_pose,bard,32,collection,unknown,unknown,3,adapter_pending,selected operation not wired; not a library capability claim,,,,,fp32-fd-warnings,2,,,0,0,,,,,,
go2,end_effector_pose,bard,64,collection,unknown,unknown,3,adapter_pending,selected operation not wired; not a library capability claim,,,,,fp32-fd-warnings,2,,,0,0,,,,,,
go2,end_effector_pose,bard,128,collection,unknown,unknown,3,adapter_pending,selected operation not wired; not a library capability claim,,,,,fp32-fd-warnings,2,,,0,0,,,,,,
go2,end_effector_pose,bard,256,collection,unknown,unknown,3,adapter_pending,selected operation not wired; not a library capability claim,,,,,fp32-fd-warnings,2,,,0,0,,,,,,
go2,end_effector_pose,bard,1024,collection,unknown,unknown,3,adapter_pending,selected operation not wired; not a library capability claim,,,,,fp32-fd-warnings,2,,,0,0,,,,,,
go2,end_effector_pose,frax,16,collection,unknown,unknown,3,model_mismatch,existing Frax adapter uses a six-coordinate floating base; shared quaternion fixture needs a validated conversion,,,,,fp32-fd-warnings,2,,,0,0,,,,,,
go2,end_effector_pose,frax,32,collection,unknown,unknown,3,model_mismatch,existing Frax adapter uses a six-coordinate floating base; shared quaternion fixture needs a validated conversion,,,,,fp32-fd-warnings,2,,,0,0,,,,,,
go2,end_effector_pose,frax,64,collection,unknown,unknown,3,model_mismatch,existing Frax adapter uses a six-coordinate floating base; shared quaternion fixture needs a validated conversion,,,,,fp32-fd-warnings,2,,,0,0,,,,,,
go2,end_effector_pose,frax,128,collection,unknown,unknown,3,model_mismatch,existing Frax adapter uses a six-coordinate floating base; shared quaternion fixture needs a validated conversion,,,,,fp32-fd-warnings,2,,,0,0,,,,,,
go2,end_effector_pose,frax,256,collection,unknown,unknown,3,model_mismatch,existing Frax adapter uses a six-coordinate floating base; shared quaternion fixture needs a validated conversion,,,,,fp32-fd-warnings,2,,,0,0,,,,,,
go2,end_effector_pose,frax,1024,collection,unknown,unknown,3,model_mismatch,existing Frax adapter uses a six-coordinate floating base; shared quaternion fixture needs a validated conversion,,,,,fp32-fd-warnings,2,,,0,0,,,,,,
go2,end_effector_pose,grid_cuda,16,collection,float32,analytical,3,validated,,37.13803304036458,27.86806666056315,,256,fp32-fd-warnings,2,0.0,0.0,0,96,37.0934336344401,37.177999877929686,9.269966379801431,,1.3784547459039231e-07,4.331556690129974e-08
go2,end_effector_pose,grid_cuda,32,collection,float32,analytical,3,validated,,37.272865804036456,27.6753662109375,,256,fp32-fd-warnings,2,0.0,0.0,0,192,37.191366831461586,37.349266560872394,9.597499593098956,,1.3854228964049753e-07,4.3180449947904137e-08
go2,end_effector_pose,grid_cuda,64,collection,float32,analytical,3,validated,,37.83456700642903,27.747000630696615,,256,fp32-fd-warnings,2,0.0,0.0,0,384,37.7522331237793,37.95806655883789,10.087566375732418,,1.5089339999718732e-07,3.739898126745598e-08
go2,end_effector_pose,grid_cuda,128,collection,float32,analytical,3,validated,,38.356299845377606,27.723566436767577,,256,fp32-fd-warnings,2,0.0,0.0,0,768,38.26260045369466,38.36763305664063,10.63273340861003,,3.377860318121151e-07,4.0923752606478724e-08
go2,end_effector_pose,grid_cuda,256,collection,float32,analytical,3,validated,,39.273966217041014,28.038400014241535,,256,fp32-fd-warnings,2,0.0,0.0,0,1536,39.24043299357096,39.34526646931966,11.235566202799479,,3.377860318121151e-07,3.897765188807303e-08
go2,end_effector_pose,grid_cuda,1024,collection,float32,analytical,3,validated,,84.99363301595052,68.40360031127929,,256,fp32-fd-warnings,2,0.0,0.0,0,6144,84.96556599934895,85.04346644083658,16.59003270467123,,1.150394783877573e-06,4.3440660081863963e-08
go2,end_effector_pose,grid_jax,16,collection,float32,analytical,3,validated,,135.9145,57.79629999999999,,,fp32-fd-warnings,2,0.0,0.0,0,96,131.97326666666666,136.17163333333332,78.11820000000002,,1.3784547459039231e-07,4.331556690129974e-08
go2,end_effector_pose,grid_jax,32,collection,float32,analytical,3,validated,,134.99913333333333,54.17966666666666,,,fp32-fd-warnings,2,0.0,0.0,0,192,132.12416666666667,347.5430333333333,80.81946666666667,,1.3854228964049753e-07,4.3180449947904137e-08
go2,end_effector_pose,grid_jax,64,collection,float32,analytical,3,validated,,129.09076666666664,54.43096666666666,,,fp32-fd-warnings,2,0.0,0.0,0,384,128.81673333333333,135.94783333333334,74.65979999999998,,1.5089339999718732e-07,3.739898126745598e-08
go2,end_effector_pose,grid_jax,128,collection,float32,analytical,3,validated,,129.67106666666666,53.59856666666667,,,fp32-fd-warnings,2,0.0,0.0,0,768,126.87610000000001,130.22106666666664,76.07249999999999,,3.377860318121151e-07,4.0923752606478724e-08
go2,end_effector_pose,grid_jax,256,collection,float32,analytical,3,validated,,131.99306666666666,53.81586666666667,,,fp32-fd-warnings,2,0.0,0.0,0,1536,130.09426666666664,137.07556666666667,78.1772,,3.377860318121151e-07,3.897765188807303e-08
go2,end_effector_pose,grid_jax,1024,collection,float32,analytical,3,validated,,223.26916666666668,99.09633333333335,,,fp32-fd-warnings,2,0.0,0.0,0,6144,212.46169999999998,466.11636666666675,124.17283333333333,,1.150394783877573e-06,4.3440660081863963e-08
go2,end_effector_pose,mjx,16,collection,float32,simulator,3,validated,,350.1730666666666,59.750366666666665,,,fp32-fd-warnings,2,0.0,0.0,0,96,260.2191666666667,506.0586666666666,290.42269999999996,,3.202996095019728e-07,7.666219488045489e-08
go2,end_effector_pose,mjx,32,collection,float32,simulator,3,validated,,343.32706666666667,60.83473333333333,,,fp32-fd-warnings,2,0.0,0.0,0,192,265.5518666666667,370.5562,282.49233333333336,,3.202996095019728e-07,7.624490302894747e-08
go2,end_effector_pose,mjx,64,collection,float32,simulator,3,validated,,204.5129,63.082766666666664,,,fp32-fd-warnings,2,0.0,0.0,0,384,201.65526666666665,240.43076666666673,141.43013333333334,,3.202996095019728e-07,7.022139713936297e-08
go2,end_effector_pose,mjx,128,collection,float32,simulator,3,validated,,280.82773333333336,69.39776666666668,,,fp32-fd-warnings,2,0.0,0.0,0,768,271.7494333333333,448.2841333333333,211.42996666666667,,4.5699532136289633e-07,7.428414052990419e-08
go2,end_effector_pose,mjx,256,collection,float32,simulator,3,validated,,235.76693333333336,71.7592,,,fp32-fd-warnings,2,0.0,0.0,0,1536,214.29059999999998,516.0173666666667,,negative total-minus-resident in at least one repeat; recollect,5.842044670245627e-07,7.446229986940421e-08
go2,end_effector_pose,mjx,1024,collection,float32,simulator,3,validated,,278.5131666666667,70.43626666666665,,,fp32-fd-warnings,2,0.0,0.0,0,6144,265.81373333333335,311.8327,208.07690000000002,,9.907943896436677e-07,8.025194030942516e-08
go2,end_effector_pose,mujoco_cpu,16,collection,float64,simulator,3,validated,,93.31356666666666,,,,fp32-fd-warnings,2,0.0,0.0,0,96,92.9856,93.96019999999999,,,4.440892098500626e-16,1.534538739768954e-16
go2,end_effector_pose,mujoco_cpu,32,collection,float64,simulator,3,validated,,184.7741,,,,fp32-fd-warnings,2,0.0,0.0,0,192,184.69426666666666,186.32476666666665,,,8.881784197001252e-16,1.774541333791015e-16
go2,end_effector_pose,mujoco_cpu,64,collection,float64,simulator,3,validated,,369.5809666666667,,,,fp32-fd-warnings,2,0.0,0.0,0,384,367.8365,369.9519,,,8.881784197001252e-16,1.6280635339476496e-16
go2,end_effector_pose,mujoco_cpu,128,collection,float64,simulator,3,validated,,744.6778,,,,fp32-fd-warnings,2,0.0,0.0,0,768,740.4904,752.5893666666666,,,3.1086244689504383e-15,2.0303190049062607e-16
go2,end_effector_pose,mujoco_cpu,256,collection,float64,simulator,3,validated,,1532.7575666666667,,,,fp32-fd-warnings,2,0.0,0.0,0,1536,1524.4031000000002,1536.2860666666668,,,3.1086244689504383e-15,1.7507832147111622e-16
go2,end_effector_pose,mujoco_cpu,1024,collection,float64,simulator,3,validated,,6216.846099999999,,,,fp32-fd-warnings,2,0.0,0.0,0,6144,6188.214866666666,6233.720133333334,,,5.995204332975845e-15,1.857302836668983e-16
go2,end_effector_pose,mujoco_warp,16,collection,float32,simulator,3,validated,,55.37259999999999,19.51743333333333,47.45683333333333,,fp32-fd-warnings,2,0.0,0.0,0,96,54.62896666666667,55.74570000000001,35.85516666666666,,1.666155178270401e-07,6.139008103810967e-08
go2,end_effector_pose,mujoco_warp,32,collection,float32,simulator,3,validated,,55.8175,20.204366666666665,47.5217,,fp32-fd-warnings,2,0.0,0.0,0,192,55.6968,57.26136666666667,35.61313333333334,,2.1037770958631796e-07,6.291826545957909e-08
go2,end_effector_pose,mujoco_warp,64,collection,float32,simulator,3,validated,,56.041799999999995,20.5533,48.39189999999999,,fp32-fd-warnings,2,0.0,0.0,0,384,55.50516666666666,57.77259999999998,35.488499999999995,,3.3838079893655504e-07,6.461105767782536e-08
go2,end_effector_pose,mujoco_warp,128,collection,float32,simulator,3,validated,,57.448366666666665,20.73226666666666,49.18449999999999,,fp32-fd-warnings,2,0.0,0.0,0,768,56.35566666666667,58.44956666666667,36.716100000000004,,1.3423433240511429e-06,9.073795252648701e-08
go2,end_effector_pose,mujoco_warp,256,collection,float32,simulator,3,validated,,59.96443333333333,21.132900000000006,48.74736666666666,,fp32-fd-warnings,2,0.0,0.0,0,1536,59.49273333333334,60.34803333333333,38.831533333333326,,1.3423433240511429e-06,7.785950151445609e-08
go2,end_effector_pose,mujoco_warp,1024,collection,float32,simulator,3,validated,,65.21613333333333,25.405199999999997,49.5373,,fp32-fd-warnings,2,0.0,0.0,0,6144,64.9685,74.6104,39.81093333333334,,1.3423433240511429e-06,7.659522732754552e-08
go2,end_effector_pose,pinocchio,16,collection,float64,analytical direct/composed,3,validated,,12.874833333333333,,,8,fp32-fd-warnings,2,0.0,0.0,0,96,12.631599999999999,13.751466666666666,,,5.453919271758423e-08,1.6716447655230812e-08
go2,end_effector_pose,pinocchio,32,collection,float64,analytical direct/composed,3,validated,,14.646466666666667,,,8,fp32-fd-warnings,2,0.0,0.0,0,192,14.326733333333332,15.492633333333336,,,5.453919271758423e-08,1.7033317141583737e-08
go2,end_effector_pose,pinocchio,64,collection,float64,analytical direct/composed,3,validated,,19.603166666666667,,,8,fp32-fd-warnings,2,0.0,0.0,0,384,19.21876666666667,20.27056666666667,,,1.0402196259917673e-07,1.6357366243699177e-08
go2,end_effector_pose,pinocchio,128,collection,float64,analytical direct/composed,3,validated,,28.748266666666662,,,8,fp32-fd-warnings,2,0.0,0.0,0,768,28.259900000000005,29.159166666666668,,,1.438146397525486e-07,1.7901509746076757e-08
go2,end_effector_pose,pinocchio,256,collection,float64,analytical direct/composed,3,validated,,47.384933333333336,,,8,fp32-fd-warnings,2,0.0,0.0,0,1536,37.69336666666666,47.87289999999999,,,1.438146397525486e-07,1.6091051149465222e-08
go2,end_effector_pose,pinocchio,1024,collection,float64,analytical direct/composed,3,validated,,269.1678666666667,,,8,fp32-fd-warnings,2,0.0,0.0,0,6144,126.54719999999999,301.78276666666665,,,2.861048264413135e-07,1.7996304842576497e-08
go2,end_effector_pose,pinocchio_plain,16,collection,float64,analytical direct/composed,3,validated,,12.754466666666668,,,8,fp32-fd-warnings,2,0.0,0.0,0,96,12.478033333333334,12.773399999999999,,,5.453919271758423e-08,1.6716447655230812e-08
go2,end_effector_pose,pinocchio_plain,32,collection,float64,analytical direct/composed,3,validated,,14.661333333333335,,,8,fp32-fd-warnings,2,0.0,0.0,0,192,14.563499999999998,15.555733333333333,,,5.453919271758423e-08,1.7033317141583737e-08
go2,end_effector_pose,pinocchio_plain,64,collection,float64,analytical direct/composed,3,validated,,19.310999999999996,,,8,fp32-fd-warnings,2,0.0,0.0,0,384,19.058566666666664,20.085333333333335,,,1.0402196259917673e-07,1.6357366243699177e-08
go2,end_effector_pose,pinocchio_plain,128,collection,float64,analytical direct/composed,3,validated,,29.30646666666667,,,8,fp32-fd-warnings,2,0.0,0.0,0,768,29.080700000000004,29.986133333333335,,,1.438146397525486e-07,1.7901509746076757e-08
go2,end_effector_pose,pinocchio_plain,256,collection,float64,analytical direct/composed,3,validated,,37.86373333333333,,,8,fp32-fd-warnings,2,0.0,0.0,0,1536,37.354066666666654,47.4484,,,1.438146397525486e-07,1.6091051149465222e-08
go2,end_effector_pose,pinocchio_plain,1024,collection,float64,analytical direct/composed,3,validated,,127.64823333333337,,,8,fp32-fd-warnings,2,0.0,0.0,0,6144,126.8767,321.81176666666676,,,2.861048264413135e-07,1.7996304842576497e-08
go2,end_effector_pose_gradient,bard,16,collection,unknown,unknown,3,adapter_pending,selected operation not wired; not a library capability claim,,,,,fp32-fd-warnings,2,,,0,0,,,,,,
go2,end_effector_pose_gradient,bard,32,collection,unknown,unknown,3,adapter_pending,selected operation not wired; not a library capability claim,,,,,fp32-fd-warnings,2,,,0,0,,,,,,
go2,end_effector_pose_gradient,bard,64,collection,unknown,unknown,3,adapter_pending,selected operation not wired; not a library capability claim,,,,,fp32-fd-warnings,2,,,0,0,,,,,,
go2,end_effector_pose_gradient,bard,128,collection,unknown,unknown,3,adapter_pending,selected operation not wired; not a library capability claim,,,,,fp32-fd-warnings,2,,,0,0,,,,,,
go2,end_effector_pose_gradient,bard,256,collection,unknown,unknown,3,adapter_pending,selected operation not wired; not a library capability claim,,,,,fp32-fd-warnings,2,,,0,0,,,,,,
go2,end_effector_pose_gradient,bard,1024,collection,unknown,unknown,3,adapter_pending,selected operation not wired; not a library capability claim,,,,,fp32-fd-warnings,2,,,0,0,,,,,,
go2,end_effector_pose_gradient,frax,16,collection,unknown,unknown,3,model_mismatch,existing Frax adapter uses a six-coordinate floating base; shared quaternion fixture needs a validated conversion,,,,,fp32-fd-warnings,2,,,0,0,,,,,,
go2,end_effector_pose_gradient,frax,32,collection,unknown,unknown,3,model_mismatch,existing Frax adapter uses a six-coordinate floating base; shared quaternion fixture needs a validated conversion,,,,,fp32-fd-warnings,2,,,0,0,,,,,,
go2,end_effector_pose_gradient,frax,64,collection,unknown,unknown,3,model_mismatch,existing Frax adapter uses a six-coordinate floating base; shared quaternion fixture needs a validated conversion,,,,,fp32-fd-warnings,2,,,0,0,,,,,,
go2,end_effector_pose_gradient,frax,128,collection,unknown,unknown,3,model_mismatch,existing Frax adapter uses a six-coordinate floating base; shared quaternion fixture needs a validated conversion,,,,,fp32-fd-warnings,2,,,0,0,,,,,,
go2,end_effector_pose_gradient,frax,256,collection,unknown,unknown,3,model_mismatch,existing Frax adapter uses a six-coordinate floating base; shared quaternion fixture needs a validated conversion,,,,,fp32-fd-warnings,2,,,0,0,,,,,,
go2,end_effector_pose_gradient,frax,1024,collection,unknown,unknown,3,model_mismatch,existing Frax adapter uses a six-coordinate floating base; shared quaternion fixture needs a validated conversion,,,,,fp32-fd-warnings,2,,,0,0,,,,,,
go2,end_effector_pose_gradient,grid_jax,16,collection,float32,analytical,3,validated,,136.00686666666667,56.823100000000004,,,fp32-fd-warnings,2,0.0,0.0,0,1728,134.08256666666665,140.35743333333332,79.18376666666666,,2.6937706110174986e-06,2.2787549814458694e-07
go2,end_effector_pose_gradient,grid_jax,32,collection,float32,analytical,3,validated,,148.3459666666667,66.4369,,,fp32-fd-warnings,2,0.0,0.0,0,3456,134.48503333333332,151.23579999999998,81.9090666666667,,2.6937706110174986e-06,1.9247704861437637e-07
go2,end_effector_pose_gradient,grid_jax,64,collection,float32,analytical,3,validated,,136.50963333333337,57.363533333333336,,,fp32-fd-warnings,2,0.0,0.0,0,6912,134.0947,614.4661666666667,79.14610000000003,,2.6937706110174986e-06,1.7827695349014397e-07
go2,end_effector_pose_gradient,grid_jax,128,collection,float32,analytical,3,validated,,288.5392,55.738699999999994,,,fp32-fd-warnings,2,0.0,0.0,0,13824,138.06273333333334,299.85740000000004,232.8005,,4.342624521314065e-06,1.9069476590630654e-07
go2,end_effector_pose_gradient,grid_jax,256,collection,float32,analytical,3,validated,,203.47443333333334,64.52786666666665,,,fp32-fd-warnings,2,0.0,0.0,0,27648,156.79836666666668,245.08173333333335,138.94656666666668,,4.342624521314065e-06,1.8057546315119398e-07
go2,end_effector_pose_gradient,grid_jax,1024,collection,float32,analytical,3,validated,,239.25096666666667,85.29326666666667,,,fp32-fd-warnings,2,0.0,0.0,0,110592,230.9915666666667,390.7653333333334,153.9577,,2.4366100902284415e-05,4.721352963279142e-07
go2,end_effector_pose_gradient,mjx,16,collection,unknown,unknown,3,adapter_pending,selected operation not wired,,,,,fp32-fd-warnings,2,,,0,0,,,,,,
go2,end_effector_pose_gradient,mjx,32,collection,unknown,unknown,3,adapter_pending,selected operation not wired,,,,,fp32-fd-warnings,2,,,0,0,,,,,,
go2,end_effector_pose_gradient,mjx,64,collection,unknown,unknown,3,adapter_pending,selected operation not wired,,,,,fp32-fd-warnings,2,,,0,0,,,,,,
go2,end_effector_pose_gradient,mjx,128,collection,unknown,unknown,3,adapter_pending,selected operation not wired,,,,,fp32-fd-warnings,2,,,0,0,,,,,,
go2,end_effector_pose_gradient,mjx,256,collection,unknown,unknown,3,adapter_pending,selected operation not wired,,,,,fp32-fd-warnings,2,,,0,0,,,,,,
go2,end_effector_pose_gradient,mjx,1024,collection,unknown,unknown,3,adapter_pending,selected operation not wired,,,,,fp32-fd-warnings,2,,,0,0,,,,,,
go2,end_effector_pose_gradient,mujoco_cpu,16,collection,unknown,unknown,3,adapter_pending,no matched full tangent-space derivative adapter,,,,,fp32-fd-warnings,2,,,0,0,,,,,,
go2,end_effector_pose_gradient,mujoco_cpu,32,collection,unknown,unknown,3,adapter_pending,no matched full tangent-space derivative adapter,,,,,fp32-fd-warnings,2,,,0,0,,,,,,
go2,end_effector_pose_gradient,mujoco_cpu,64,collection,unknown,unknown,3,adapter_pending,no matched full tangent-space derivative adapter,,,,,fp32-fd-warnings,2,,,0,0,,,,,,
go2,end_effector_pose_gradient,mujoco_cpu,128,collection,unknown,unknown,3,adapter_pending,no matched full tangent-space derivative adapter,,,,,fp32-fd-warnings,2,,,0,0,,,,,,
go2,end_effector_pose_gradient,mujoco_cpu,256,collection,unknown,unknown,3,adapter_pending,no matched full tangent-space derivative adapter,,,,,fp32-fd-warnings,2,,,0,0,,,,,,
go2,end_effector_pose_gradient,mujoco_cpu,1024,collection,unknown,unknown,3,adapter_pending,no matched full tangent-space derivative adapter,,,,,fp32-fd-warnings,2,,,0,0,,,,,,
go2,end_effector_pose_gradient,mujoco_warp,16,collection,unknown,unknown,3,adapter_pending,no matched full tangent-space derivative adapter,,,,,fp32-fd-warnings,2,,,0,0,,,,,,
go2,end_effector_pose_gradient,mujoco_warp,32,collection,unknown,unknown,3,adapter_pending,no matched full tangent-space derivative adapter,,,,,fp32-fd-warnings,2,,,0,0,,,,,,
go2,end_effector_pose_gradient,mujoco_warp,64,collection,unknown,unknown,3,adapter_pending,no matched full tangent-space derivative adapter,,,,,fp32-fd-warnings,2,,,0,0,,,,,,
go2,end_effector_pose_gradient,mujoco_warp,128,collection,unknown,unknown,3,adapter_pending,no matched full tangent-space derivative adapter,,,,,fp32-fd-warnings,2,,,0,0,,,,,,
go2,end_effector_pose_gradient,mujoco_warp,256,collection,unknown,unknown,3,adapter_pending,no matched full tangent-space derivative adapter,,,,,fp32-fd-warnings,2,,,0,0,,,,,,
go2,end_effector_pose_gradient,mujoco_warp,1024,collection,unknown,unknown,3,adapter_pending,no matched full tangent-space derivative adapter,,,,,fp32-fd-warnings,2,,,0,0,,,,,,
go2,end_effector_pose_gradient,pinocchio,16,collection,unknown,unknown,3,adapter_pending,Pinocchio spatial kinematic derivatives are not the requested RPY pose-coordinate derivatives,,,,,fp32-fd-warnings,2,,,0,0,,,,,,
go2,end_effector_pose_gradient,pinocchio,32,collection,unknown,unknown,3,adapter_pending,Pinocchio spatial kinematic derivatives are not the requested RPY pose-coordinate derivatives,,,,,fp32-fd-warnings,2,,,0,0,,,,,,
go2,end_effector_pose_gradient,pinocchio,64,collection,unknown,unknown,3,adapter_pending,Pinocchio spatial kinematic derivatives are not the requested RPY pose-coordinate derivatives,,,,,fp32-fd-warnings,2,,,0,0,,,,,,
go2,end_effector_pose_gradient,pinocchio,128,collection,unknown,unknown,3,adapter_pending,Pinocchio spatial kinematic derivatives are not the requested RPY pose-coordinate derivatives,,,,,fp32-fd-warnings,2,,,0,0,,,,,,
go2,end_effector_pose_gradient,pinocchio,256,collection,unknown,unknown,3,adapter_pending,Pinocchio spatial kinematic derivatives are not the requested RPY pose-coordinate derivatives,,,,,fp32-fd-warnings,2,,,0,0,,,,,,
go2,end_effector_pose_gradient,pinocchio,1024,collection,unknown,unknown,3,adapter_pending,Pinocchio spatial kinematic derivatives are not the requested RPY pose-coordinate derivatives,,,,,fp32-fd-warnings,2,,,0,0,,,,,,
go2,end_effector_pose_gradient,pinocchio_plain,16,collection,unknown,unknown,3,adapter_pending,Pinocchio spatial kinematic derivatives are not the requested RPY pose-coordinate derivatives,,,,,fp32-fd-warnings,2,,,0,0,,,,,,
go2,end_effector_pose_gradient,pinocchio_plain,32,collection,unknown,unknown,3,adapter_pending,Pinocchio spatial kinematic derivatives are not the requested RPY pose-coordinate derivatives,,,,,fp32-fd-warnings,2,,,0,0,,,,,,
go2,end_effector_pose_gradient,pinocchio_plain,64,collection,unknown,unknown,3,adapter_pending,Pinocchio spatial kinematic derivatives are not the requested RPY pose-coordinate derivatives,,,,,fp32-fd-warnings,2,,,0,0,,,,,,
go2,end_effector_pose_gradient,pinocchio_plain,128,collection,unknown,unknown,3,adapter_pending,Pinocchio spatial kinematic derivatives are not the requested RPY pose-coordinate derivatives,,,,,fp32-fd-warnings,2,,,0,0,,,,,,
go2,end_effector_pose_gradient,pinocchio_plain,256,collection,unknown,unknown,3,adapter_pending,Pinocchio spatial kinematic derivatives are not the requested RPY pose-coordinate derivatives,,,,,fp32-fd-warnings,2,,,0,0,,,,,,
go2,end_effector_pose_gradient,pinocchio_plain,1024,collection,unknown,unknown,3,adapter_pending,Pinocchio spatial kinematic derivatives are not the requested RPY pose-coordinate derivatives,,,,,fp32-fd-warnings,2,,,0,0,,,,,,
go2,end_effector_pose_hessian,bard,16,collection,unknown,unknown,3,excluded_method,analytical Hessian study; no finite-difference or nested-autodiff Hessian sweep,,,,,fp32-fd-warnings,2,,,0,0,,,,,,
go2,end_effector_pose_hessian,bard,32,collection,unknown,unknown,3,excluded_method,analytical Hessian study; no finite-difference or nested-autodiff Hessian sweep,,,,,fp32-fd-warnings,2,,,0,0,,,,,,
go2,end_effector_pose_hessian,bard,64,collection,unknown,unknown,3,excluded_method,analytical Hessian study; no finite-difference or nested-autodiff Hessian sweep,,,,,fp32-fd-warnings,2,,,0,0,,,,,,
go2,end_effector_pose_hessian,bard,128,collection,unknown,unknown,3,excluded_method,analytical Hessian study; no finite-difference or nested-autodiff Hessian sweep,,,,,fp32-fd-warnings,2,,,0,0,,,,,,
go2,end_effector_pose_hessian,bard,256,collection,unknown,unknown,3,excluded_method,analytical Hessian study; no finite-difference or nested-autodiff Hessian sweep,,,,,fp32-fd-warnings,2,,,0,0,,,,,,
go2,end_effector_pose_hessian,bard,1024,collection,unknown,unknown,3,excluded_method,analytical Hessian study; no finite-difference or nested-autodiff Hessian sweep,,,,,fp32-fd-warnings,2,,,0,0,,,,,,
go2,end_effector_pose_hessian,frax,16,collection,unknown,unknown,3,excluded_method,analytical Hessian study; no finite-difference or nested-autodiff Hessian sweep,,,,,fp32-fd-warnings,2,,,0,0,,,,,,
go2,end_effector_pose_hessian,frax,32,collection,unknown,unknown,3,excluded_method,analytical Hessian study; no finite-difference or nested-autodiff Hessian sweep,,,,,fp32-fd-warnings,2,,,0,0,,,,,,
go2,end_effector_pose_hessian,frax,64,collection,unknown,unknown,3,excluded_method,analytical Hessian study; no finite-difference or nested-autodiff Hessian sweep,,,,,fp32-fd-warnings,2,,,0,0,,,,,,
go2,end_effector_pose_hessian,frax,128,collection,unknown,unknown,3,excluded_method,analytical Hessian study; no finite-difference or nested-autodiff Hessian sweep,,,,,fp32-fd-warnings,2,,,0,0,,,,,,
go2,end_effector_pose_hessian,frax,256,collection,unknown,unknown,3,excluded_method,analytical Hessian study; no finite-difference or nested-autodiff Hessian sweep,,,,,fp32-fd-warnings,2,,,0,0,,,,,,
go2,end_effector_pose_hessian,frax,1024,collection,unknown,unknown,3,excluded_method,analytical Hessian study; no finite-difference or nested-autodiff Hessian sweep,,,,,fp32-fd-warnings,2,,,0,0,,,,,,
go2,end_effector_pose_hessian,grid_jax,16,collection,float32,analytical,3,validated,,167.48176666666666,67.1525,,,fp32-fd-warnings,2,0.0,0.0,0,31104,165.47629999999998,305.1492666666666,100.32926666666665,,6.024879758115276e-05,5.7169788268392e-07
go2,end_effector_pose_hessian,grid_jax,32,collection,float32,analytical,3,validated,,374.31139999999994,57.51360000000001,,,fp32-fd-warnings,2,0.0,0.0,0,62208,193.39726666666672,432.5643333333334,316.79779999999994,,6.024879758115276e-05,6.532969572486676e-07
go2,end_effector_pose_hessian,grid_jax,64,collection,float32,analytical,3,validated,,371.7141,77.00679999999998,,,fp32-fd-warnings,2,0.0,0.0,0,124416,208.05169999999998,392.1184666666667,294.7073,,6.024879758115276e-05,7.985592236283539e-07
go2,end_effector_pose_hessian,grid_jax,128,collection,float32,analytical,3,validated,,709.0249,65.9766,,,fp32-fd-warnings,2,0.0,0.0,0,248832,594.3780333333333,790.2792666666667,643.0483,,0.00011638077013031989,1.0875549338712666e-06
go2,end_effector_pose_hessian,grid_jax,256,collection,float32,analytical,3,validated,,824.0575666666668,65.89889999999998,,,fp32-fd-warnings,2,0.0,0.0,0,497664,823.0004666666667,1069.0511333333332,758.1586666666668,,0.00011638077013031989,1.1983874050582708e-06
go2,end_effector_pose_hessian,grid_jax,1024,collection,float32,analytical,3,validated,,1673.6245333333331,122.71383333333337,,,fp32-fd-warnings,2,0.0,0.0,0,1990656,1566.3741333333335,2260.964333333333,1550.9106999999997,,0.001223715757419086,1.8677265774461175e-06
go2,end_effector_pose_hessian,mjx,16,collection,unknown,unknown,3,excluded_method,analytical Hessian study; no finite-difference or nested-autodiff Hessian sweep,,,,,fp32-fd-warnings,2,,,0,0,,,,,,
go2,end_effector_pose_hessian,mjx,32,collection,unknown,unknown,3,excluded_method,analytical Hessian study; no finite-difference or nested-autodiff Hessian sweep,,,,,fp32-fd-warnings,2,,,0,0,,,,,,
go2,end_effector_pose_hessian,mjx,64,collection,unknown,unknown,3,excluded_method,analytical Hessian study; no finite-difference or nested-autodiff Hessian sweep,,,,,fp32-fd-warnings,2,,,0,0,,,,,,
go2,end_effector_pose_hessian,mjx,128,collection,unknown,unknown,3,excluded_method,analytical Hessian study; no finite-difference or nested-autodiff Hessian sweep,,,,,fp32-fd-warnings,2,,,0,0,,,,,,
go2,end_effector_pose_hessian,mjx,256,collection,unknown,unknown,3,excluded_method,analytical Hessian study; no finite-difference or nested-autodiff Hessian sweep,,,,,fp32-fd-warnings,2,,,0,0,,,,,,
go2,end_effector_pose_hessian,mjx,1024,collection,unknown,unknown,3,excluded_method,analytical Hessian study; no finite-difference or nested-autodiff Hessian sweep,,,,,fp32-fd-warnings,2,,,0,0,,,,,,
go2,end_effector_pose_hessian,mujoco_cpu,16,collection,unknown,unknown,3,excluded_method,analytical Hessian study; no finite-difference or nested-autodiff Hessian sweep,,,,,fp32-fd-warnings,2,,,0,0,,,,,,
go2,end_effector_pose_hessian,mujoco_cpu,32,collection,unknown,unknown,3,excluded_method,analytical Hessian study; no finite-difference or nested-autodiff Hessian sweep,,,,,fp32-fd-warnings,2,,,0,0,,,,,,
go2,end_effector_pose_hessian,mujoco_cpu,64,collection,unknown,unknown,3,excluded_method,analytical Hessian study; no finite-difference or nested-autodiff Hessian sweep,,,,,fp32-fd-warnings,2,,,0,0,,,,,,
go2,end_effector_pose_hessian,mujoco_cpu,128,collection,unknown,unknown,3,excluded_method,analytical Hessian study; no finite-difference or nested-autodiff Hessian sweep,,,,,fp32-fd-warnings,2,,,0,0,,,,,,
go2,end_effector_pose_hessian,mujoco_cpu,256,collection,unknown,unknown,3,excluded_method,analytical Hessian study; no finite-difference or nested-autodiff Hessian sweep,,,,,fp32-fd-warnings,2,,,0,0,,,,,,
go2,end_effector_pose_hessian,mujoco_cpu,1024,collection,unknown,unknown,3,excluded_method,analytical Hessian study; no finite-difference or nested-autodiff Hessian sweep,,,,,fp32-fd-warnings,2,,,0,0,,,,,,
go2,end_effector_pose_hessian,mujoco_warp,16,collection,unknown,unknown,3,excluded_method,analytical Hessian study; no finite-difference or nested-autodiff Hessian sweep,,,,,fp32-fd-warnings,2,,,0,0,,,,,,
go2,end_effector_pose_hessian,mujoco_warp,32,collection,unknown,unknown,3,excluded_method,analytical Hessian study; no finite-difference or nested-autodiff Hessian sweep,,,,,fp32-fd-warnings,2,,,0,0,,,,,,
go2,end_effector_pose_hessian,mujoco_warp,64,collection,unknown,unknown,3,excluded_method,analytical Hessian study; no finite-difference or nested-autodiff Hessian sweep,,,,,fp32-fd-warnings,2,,,0,0,,,,,,
go2,end_effector_pose_hessian,mujoco_warp,128,collection,unknown,unknown,3,excluded_method,analytical Hessian study; no finite-difference or nested-autodiff Hessian sweep,,,,,fp32-fd-warnings,2,,,0,0,,,,,,
go2,end_effector_pose_hessian,mujoco_warp,256,collection,unknown,unknown,3,excluded_method,analytical Hessian study; no finite-difference or nested-autodiff Hessian sweep,,,,,fp32-fd-warnings,2,,,0,0,,,,,,
go2,end_effector_pose_hessian,mujoco_warp,1024,collection,unknown,unknown,3,excluded_method,analytical Hessian study; no finite-difference or nested-autodiff Hessian sweep,,,,,fp32-fd-warnings,2,,,0,0,,,,,,
go2,end_effector_pose_hessian,pinocchio,16,collection,unknown,unknown,3,adapter_pending,Pinocchio spatial kinematic derivatives are not the requested RPY pose-coordinate derivatives,,,,,fp32-fd-warnings,2,,,0,0,,,,,,
go2,end_effector_pose_hessian,pinocchio,32,collection,unknown,unknown,3,adapter_pending,Pinocchio spatial kinematic derivatives are not the requested RPY pose-coordinate derivatives,,,,,fp32-fd-warnings,2,,,0,0,,,,,,
go2,end_effector_pose_hessian,pinocchio,64,collection,unknown,unknown,3,adapter_pending,Pinocchio spatial kinematic derivatives are not the requested RPY pose-coordinate derivatives,,,,,fp32-fd-warnings,2,,,0,0,,,,,,
go2,end_effector_pose_hessian,pinocchio,128,collection,unknown,unknown,3,adapter_pending,Pinocchio spatial kinematic derivatives are not the requested RPY pose-coordinate derivatives,,,,,fp32-fd-warnings,2,,,0,0,,,,,,
go2,end_effector_pose_hessian,pinocchio,256,collection,unknown,unknown,3,adapter_pending,Pinocchio spatial kinematic derivatives are not the requested RPY pose-coordinate derivatives,,,,,fp32-fd-warnings,2,,,0,0,,,,,,
go2,end_effector_pose_hessian,pinocchio,1024,collection,unknown,unknown,3,adapter_pending,Pinocchio spatial kinematic derivatives are not the requested RPY pose-coordinate derivatives,,,,,fp32-fd-warnings,2,,,0,0,,,,,,
go2,end_effector_pose_hessian,pinocchio_plain,16,collection,unknown,unknown,3,adapter_pending,Pinocchio spatial kinematic derivatives are not the requested RPY pose-coordinate derivatives,,,,,fp32-fd-warnings,2,,,0,0,,,,,,
go2,end_effector_pose_hessian,pinocchio_plain,32,collection,unknown,unknown,3,adapter_pending,Pinocchio spatial kinematic derivatives are not the requested RPY pose-coordinate derivatives,,,,,fp32-fd-warnings,2,,,0,0,,,,,,
go2,end_effector_pose_hessian,pinocchio_plain,64,collection,unknown,unknown,3,adapter_pending,Pinocchio spatial kinematic derivatives are not the requested RPY pose-coordinate derivatives,,,,,fp32-fd-warnings,2,,,0,0,,,,,,
go2,end_effector_pose_hessian,pinocchio_plain,128,collection,unknown,unknown,3,adapter_pending,Pinocchio spatial kinematic derivatives are not the requested RPY pose-coordinate derivatives,,,,,fp32-fd-warnings,2,,,0,0,,,,,,
go2,end_effector_pose_hessian,pinocchio_plain,256,collection,unknown,unknown,3,adapter_pending,Pinocchio spatial kinematic derivatives are not the requested RPY pose-coordinate derivatives,,,,,fp32-fd-warnings,2,,,0,0,,,,,,
go2,end_effector_pose_hessian,pinocchio_plain,1024,collection,unknown,unknown,3,adapter_pending,Pinocchio spatial kinematic derivatives are not the requested RPY pose-coordinate derivatives,,,,,fp32-fd-warnings,2,,,0,0,,,,,,
go2,fdsva_so,bard,16,collection,unknown,unknown,3,excluded_method,analytical Hessian study; no finite-difference or nested-autodiff Hessian sweep,,,,,fp32-fd-warnings,2,,,0,0,,,,,,
go2,fdsva_so,bard,32,collection,unknown,unknown,3,excluded_method,analytical Hessian study; no finite-difference or nested-autodiff Hessian sweep,,,,,fp32-fd-warnings,2,,,0,0,,,,,,
go2,fdsva_so,bard,64,collection,unknown,unknown,3,excluded_method,analytical Hessian study; no finite-difference or nested-autodiff Hessian sweep,,,,,fp32-fd-warnings,2,,,0,0,,,,,,
go2,fdsva_so,bard,128,collection,unknown,unknown,3,excluded_method,analytical Hessian study; no finite-difference or nested-autodiff Hessian sweep,,,,,fp32-fd-warnings,2,,,0,0,,,,,,
go2,fdsva_so,bard,256,collection,unknown,unknown,3,excluded_method,analytical Hessian study; no finite-difference or nested-autodiff Hessian sweep,,,,,fp32-fd-warnings,2,,,0,0,,,,,,
go2,fdsva_so,bard,1024,collection,unknown,unknown,3,excluded_method,analytical Hessian study; no finite-difference or nested-autodiff Hessian sweep,,,,,fp32-fd-warnings,2,,,0,0,,,,,,
go2,fdsva_so,frax,16,collection,unknown,unknown,3,excluded_method,analytical Hessian study; no finite-difference or nested-autodiff Hessian sweep,,,,,fp32-fd-warnings,2,,,0,0,,,,,,
go2,fdsva_so,frax,32,collection,unknown,unknown,3,excluded_method,analytical Hessian study; no finite-difference or nested-autodiff Hessian sweep,,,,,fp32-fd-warnings,2,,,0,0,,,,,,
go2,fdsva_so,frax,64,collection,unknown,unknown,3,excluded_method,analytical Hessian study; no finite-difference or nested-autodiff Hessian sweep,,,,,fp32-fd-warnings,2,,,0,0,,,,,,
go2,fdsva_so,frax,128,collection,unknown,unknown,3,excluded_method,analytical Hessian study; no finite-difference or nested-autodiff Hessian sweep,,,,,fp32-fd-warnings,2,,,0,0,,,,,,
go2,fdsva_so,frax,256,collection,unknown,unknown,3,excluded_method,analytical Hessian study; no finite-difference or nested-autodiff Hessian sweep,,,,,fp32-fd-warnings,2,,,0,0,,,,,,
go2,fdsva_so,frax,1024,collection,unknown,unknown,3,excluded_method,analytical Hessian study; no finite-difference or nested-autodiff Hessian sweep,,,,,fp32-fd-warnings,2,,,0,0,,,,,,
go2,fdsva_so,grid_cuda,16,collection,float32,analytical,3,accuracy_warning,Entrywise oracle/variation gate exceeded; explicitly retained with errors reported,630.9745000203451,553.285433959961,,384,fp32-fd-warnings,2,0.0,0.0,1,373248,627.9378328959148,630.999367014567,77.6890660603841,,0.005157829468089403,6.665125439660288e-06
go2,fdsva_so,grid_cuda,32,collection,float32,analytical,3,accuracy_warning,Entrywise oracle/variation gate exceeded; explicitly retained with errors reported,697.1874661763509,552.3584002176921,,384,fp32-fd-warnings,2,0.0,0.0,1,746496,696.1712336222331,698.5821332295735,144.82906595865882,,0.005157829468089403,8.465606224147836e-06
go2,fdsva_so,grid_cuda,64,collection,float32,analytical,3,accuracy_warning,Entrywise oracle/variation gate exceeded; explicitly retained with errors reported,831.235666402181,551.6611333211263,,384,fp32-fd-warnings,2,0.0,0.0,1,1492992,830.2009002685547,832.734001159668,279.5745330810547,,0.005157829468089403,8.602658272307286e-06
go2,fdsva_so,grid_cuda,128,collection,float32,analytical,3,accuracy_warning,Entrywise oracle/variation gate exceeded; explicitly retained with errors reported,1118.2650662740073,563.8143341064454,,384,fp32-fd-warnings,2,0.0,0.0,1,2985984,1113.3268333435058,1120.8964332580567,554.4507321675619,,0.005157829468089403,8.556850448764206e-06
go2,fdsva_so,grid_cuda,256,collection,float32,analytical,3,accuracy_warning,Entrywise oracle/variation gate exceeded; explicitly retained with errors reported,1772.025733947754,678.9337333679199,,384,fp32-fd-warnings,2,0.0,0.0,1,5971968,1770.5560005187988,1772.5045672098795,1093.092000579834,,0.005157829468089403,8.544556958966531e-06
go2,fdsva_so,grid_cuda,1024,collection,float32,analytical,3,accuracy_warning,Entrywise oracle/variation gate exceeded; explicitly retained with errors reported,7065.7195340474445,2660.7956339518228,,384,fp32-fd-warnings,2,0.0,0.0,1,23887872,7062.426033528646,7074.067199452718,4404.923900095622,,0.005157829468089403,8.634187311212508e-06
go2,fdsva_so,grid_jax,16,collection,float32,analytical,3,accuracy_warning,Entrywise oracle/variation gate exceeded; explicitly retained with errors reported,1233.2420999999997,735.2405000000001,,,fp32-fd-warnings,2,0.0,0.0,1,373248,1161.9079000000004,1582.2020666666665,498.0015999999996,,0.005157829468089403,6.665125439660288e-06
go2,fdsva_so,grid_jax,32,collection,float32,analytical,3,accuracy_warning,Entrywise oracle/variation gate exceeded; explicitly retained with errors reported,1745.479933333333,828.977,,,fp32-fd-warnings,2,0.0,0.0,1,746496,1727.2257333333332,1919.0672666666665,916.5029333333331,,0.005157829468089403,8.465606224147836e-06
go2,fdsva_so,grid_jax,64,collection,float32,analytical,3,accuracy_warning,Entrywise oracle/variation gate exceeded; explicitly retained with errors reported,2270.5405333333333,868.0246666666668,,,fp32-fd-warnings,2,0.0,0.0,1,1492992,1958.6937333333333,2675.1179666666662,1402.5158666666666,,0.005157829468089403,8.602658272307286e-06
go2,fdsva_so,grid_jax,128,collection,float32,analytical,3,accuracy_warning,Entrywise oracle/variation gate exceeded; explicitly retained with errors reported,3334.8129333333336,1056.8526666666667,,,fp32-fd-warnings,2,0.0,0.0,1,2985984,3328.3341,3528.2144666666663,2277.960266666667,,0.005157829468089403,8.556850448764206e-06
go2,fdsva_so,grid_jax,256,collection,float32,analytical,3,accuracy_warning,Entrywise oracle/variation gate exceeded; explicitly retained with errors reported,5087.870533333335,1042.4980666666665,,,fp32-fd-warnings,2,0.0,0.0,1,5971968,5087.5726,5143.673033333334,4045.372466666668,,0.005157829468089403,8.544556958966531e-06
go2,fdsva_so,grid_jax,1024,collection,float32,analytical,3,accuracy_warning,Entrywise oracle/variation gate exceeded; explicitly retained with errors reported,18363.54636666667,3547.6987333333336,,,fp32-fd-warnings,2,0.0,0.0,1,23887872,17859.6353,18709.479733333334,14815.847633333335,,0.005157829468089403,8.634187311212508e-06
go2,fdsva_so,mjx,16,collection,unknown,unknown,3,excluded_method,analytical Hessian study; no finite-difference or nested-autodiff Hessian sweep,,,,,fp32-fd-warnings,2,,,0,0,,,,,,
go2,fdsva_so,mjx,32,collection,unknown,unknown,3,excluded_method,analytical Hessian study; no finite-difference or nested-autodiff Hessian sweep,,,,,fp32-fd-warnings,2,,,0,0,,,,,,
go2,fdsva_so,mjx,64,collection,unknown,unknown,3,excluded_method,analytical Hessian study; no finite-difference or nested-autodiff Hessian sweep,,,,,fp32-fd-warnings,2,,,0,0,,,,,,
go2,fdsva_so,mjx,128,collection,unknown,unknown,3,excluded_method,analytical Hessian study; no finite-difference or nested-autodiff Hessian sweep,,,,,fp32-fd-warnings,2,,,0,0,,,,,,
go2,fdsva_so,mjx,256,collection,unknown,unknown,3,excluded_method,analytical Hessian study; no finite-difference or nested-autodiff Hessian sweep,,,,,fp32-fd-warnings,2,,,0,0,,,,,,
go2,fdsva_so,mjx,1024,collection,unknown,unknown,3,excluded_method,analytical Hessian study; no finite-difference or nested-autodiff Hessian sweep,,,,,fp32-fd-warnings,2,,,0,0,,,,,,
go2,fdsva_so,mujoco_cpu,16,collection,unknown,unknown,3,excluded_method,analytical Hessian study; no finite-difference or nested-autodiff Hessian sweep,,,,,fp32-fd-warnings,2,,,0,0,,,,,,
go2,fdsva_so,mujoco_cpu,32,collection,unknown,unknown,3,excluded_method,analytical Hessian study; no finite-difference or nested-autodiff Hessian sweep,,,,,fp32-fd-warnings,2,,,0,0,,,,,,
go2,fdsva_so,mujoco_cpu,64,collection,unknown,unknown,3,excluded_method,analytical Hessian study; no finite-difference or nested-autodiff Hessian sweep,,,,,fp32-fd-warnings,2,,,0,0,,,,,,
go2,fdsva_so,mujoco_cpu,128,collection,unknown,unknown,3,excluded_method,analytical Hessian study; no finite-difference or nested-autodiff Hessian sweep,,,,,fp32-fd-warnings,2,,,0,0,,,,,,
go2,fdsva_so,mujoco_cpu,256,collection,unknown,unknown,3,excluded_method,analytical Hessian study; no finite-difference or nested-autodiff Hessian sweep,,,,,fp32-fd-warnings,2,,,0,0,,,,,,
go2,fdsva_so,mujoco_cpu,1024,collection,unknown,unknown,3,excluded_method,analytical Hessian study; no finite-difference or nested-autodiff Hessian sweep,,,,,fp32-fd-warnings,2,,,0,0,,,,,,
go2,fdsva_so,mujoco_warp,16,collection,unknown,unknown,3,excluded_method,analytical Hessian study; no finite-difference or nested-autodiff Hessian sweep,,,,,fp32-fd-warnings,2,,,0,0,,,,,,
go2,fdsva_so,mujoco_warp,32,collection,unknown,unknown,3,excluded_method,analytical Hessian study; no finite-difference or nested-autodiff Hessian sweep,,,,,fp32-fd-warnings,2,,,0,0,,,,,,
go2,fdsva_so,mujoco_warp,64,collection,unknown,unknown,3,excluded_method,analytical Hessian study; no finite-difference or nested-autodiff Hessian sweep,,,,,fp32-fd-warnings,2,,,0,0,,,,,,
go2,fdsva_so,mujoco_warp,128,collection,unknown,unknown,3,excluded_method,analytical Hessian study; no finite-difference or nested-autodiff Hessian sweep,,,,,fp32-fd-warnings,2,,,0,0,,,,,,
go2,fdsva_so,mujoco_warp,256,collection,unknown,unknown,3,excluded_method,analytical Hessian study; no finite-difference or nested-autodiff Hessian sweep,,,,,fp32-fd-warnings,2,,,0,0,,,,,,
go2,fdsva_so,mujoco_warp,1024,collection,unknown,unknown,3,excluded_method,analytical Hessian study; no finite-difference or nested-autodiff Hessian sweep,,,,,fp32-fd-warnings,2,,,0,0,,,,,,
go2,fdsva_so,pinocchio,16,collection,float64,analytical direct/composed,3,validated,,430.02856666666673,,,8,fp32-fd-warnings,2,0.0,0.0,0,373248,429.71266666666656,475.6335666666666,,,0.00010572048370249831,1.1408733394945504e-07
go2,fdsva_so,pinocchio,32,collection,float64,analytical direct/composed,3,validated,,789.7133666666668,,,8,fp32-fd-warnings,2,0.0,0.0,0,746496,758.2756333333333,796.5501666666667,,,0.00010572048370249831,1.195875701044879e-07
go2,fdsva_so,pinocchio,64,collection,float64,analytical direct/composed,3,validated,,1441.0154666666667,,,8,fp32-fd-warnings,2,0.0,0.0,0,1492992,1032.7983333333334,1477.2137666666667,,,0.00010572048370249831,1.1861198193422882e-07
go2,fdsva_so,pinocchio,128,collection,float64,analytical direct/composed,3,validated,,2437.7410333333332,,,8,fp32-fd-warnings,2,0.0,0.0,0,2985984,2425.3193,2796.6823333333336,,,0.00010572048370249831,1.2140201984478038e-07
go2,fdsva_so,pinocchio,256,collection,float64,analytical direct/composed,3,validated,,5788.405133333333,,,8,fp32-fd-warnings,2,0.0,0.0,0,5971968,5529.242799999999,6330.443199999999,,,0.00010572048370249831,1.2660908141070697e-07
go2,fdsva_so,pinocchio,1024,collection,float64,analytical direct/composed,3,validated,,20644.18356666667,,,8,fp32-fd-warnings,2,0.0,0.0,0,23887872,20462.7634,23973.402100000003,,,0.00010572048370249831,1.273483526762081e-07
go2,fdsva_so,pinocchio_plain,16,collection,float64,analytical direct/composed,3,validated,,458.4240666666667,,,8,fp32-fd-warnings,2,0.0,0.0,0,373248,453.5382666666667,497.60476666666665,,,0.00010572048370249831,1.1408733394945504e-07
go2,fdsva_so,pinocchio_plain,32,collection,float64,analytical direct/composed,3,validated,,760.3820999999999,,,8,fp32-fd-warnings,2,0.0,0.0,0,746496,743.8015666666666,768.0921333333333,,,0.00010572048370249831,1.195875701044879e-07
go2,fdsva_so,pinocchio_plain,64,collection,float64,analytical direct/composed,3,validated,,1456.9304666666665,,,8,fp32-fd-warnings,2,0.0,0.0,0,1492992,1437.1006333333337,1464.2035333333333,,,0.00010572048370249831,1.1861198193422882e-07
go2,fdsva_so,pinocchio_plain,128,collection,float64,analytical direct/composed,3,validated,,2787.183200000001,,,8,fp32-fd-warnings,2,0.0,0.0,0,2985984,2785.1684999999993,2797.8486666666668,,,0.00010572048370249831,1.2140201984478038e-07
go2,fdsva_so,pinocchio_plain,256,collection,float64,analytical direct/composed,3,validated,,6392.544200000001,,,8,fp32-fd-warnings,2,0.0,0.0,0,5971968,6342.265366666666,6396.930466666668,,,0.00010572048370249831,1.2660908141070697e-07
go2,fdsva_so,pinocchio_plain,1024,collection,float64,analytical direct/composed,3,validated,,23535.056766666672,,,8,fp32-fd-warnings,2,0.0,0.0,0,23887872,23469.22246666667,23998.3179,,,0.00010572048370249831,1.273483526762081e-07
go2,forward_dynamics,bard,16,collection,float32,library dynamics,3,validated,,3665.351166666667,3599.9093333333326,,,fp32-fd-warnings,2,1.430511474609375e-06,7.043392357359136e-10,0,288,3658.7080999999994,3685.374633333333,65.44183333333422,,0.0002750294087263683,3.117933274103424e-07
go2,forward_dynamics,bard,32,collection,float32,library dynamics,3,validated,,3693.519633333333,3639.7462333333337,,,fp32-fd-warnings,2,1.430511474609375e-06,8.782221459420488e-10,0,576,3692.208533333333,3703.1735333333336,53.77339999999913,,0.00024875229718190894,2.5490200157546486e-07
go2,forward_dynamics,bard,64,collection,float32,library dynamics,3,validated,,3768.241699999999,3712.8163666666674,,,fp32-fd-warnings,2,1.430511474609375e-06,1.1282291503108577e-09,0,1152,3722.4192333333335,3770.2353,,negative total-minus-resident in at least one repeat; recollect,0.00024875229718190894,2.16631548368866e-07
go2,forward_dynamics,bard,128,collection,float32,library dynamics,3,validated,,3779.632433333333,3723.5147333333325,,,fp32-fd-warnings,2,0.0,0.0,0,2304,3775.472166666666,3784.812,56.117700000000696,,0.00024875229718190894,1.8252066500084322e-07
go2,forward_dynamics,bard,256,collection,float32,library dynamics,3,validated,,3789.189733333333,3721.469266666667,,,fp32-fd-warnings,2,0.0,0.0,0,4608,3776.9360999999994,3791.2031999999995,67.7204666666662,,0.00024875229718190894,1.5017279988374043e-07
go2,forward_dynamics,bard,1024,collection,float32,library dynamics,3,validated,,3815.7754333333332,3738.9488666666666,,,fp32-fd-warnings,2,0.0,0.0,0,18432,3758.734633333333,3816.411833333333,76.82656666666662,,0.00024875229718190894,1.2065510887773653e-07
go2,forward_dynamics,frax,16,collection,unknown,unknown,3,model_mismatch,existing Frax adapter uses a six-coordinate floating base; shared quaternion fixture needs a validated conversion,,,,,fp32-fd-warnings,2,,,0,0,,,,,,
go2,forward_dynamics,frax,32,collection,unknown,unknown,3,model_mismatch,existing Frax adapter uses a six-coordinate floating base; shared quaternion fixture needs a validated conversion,,,,,fp32-fd-warnings,2,,,0,0,,,,,,
go2,forward_dynamics,frax,64,collection,unknown,unknown,3,model_mismatch,existing Frax adapter uses a six-coordinate floating base; shared quaternion fixture needs a validated conversion,,,,,fp32-fd-warnings,2,,,0,0,,,,,,
go2,forward_dynamics,frax,128,collection,unknown,unknown,3,model_mismatch,existing Frax adapter uses a six-coordinate floating base; shared quaternion fixture needs a validated conversion,,,,,fp32-fd-warnings,2,,,0,0,,,,,,
go2,forward_dynamics,frax,256,collection,unknown,unknown,3,model_mismatch,existing Frax adapter uses a six-coordinate floating base; shared quaternion fixture needs a validated conversion,,,,,fp32-fd-warnings,2,,,0,0,,,,,,
go2,forward_dynamics,frax,1024,collection,unknown,unknown,3,model_mismatch,existing Frax adapter uses a six-coordinate floating base; shared quaternion fixture needs a validated conversion,,,,,fp32-fd-warnings,2,,,0,0,,,,,,
go2,forward_dynamics,grid_cuda,16,collection,float32,analytical,3,validated,,39.677466837565106,30.414933013916016,,128,fp32-fd-warnings,2,0.0,0.0,0,288,39.64216664632161,39.69776611328125,9.26253382364909,,0.00034028042750833265,4.0679103495126045e-07
go2,forward_dynamics,grid_cuda,32,collection,float32,analytical,3,validated,,39.73603337605794,30.167166646321615,,128,fp32-fd-warnings,2,0.0,0.0,0,576,39.70839996337891,39.74536692301432,9.568866729736325,,0.00034028042750833265,3.393312533154649e-07
go2,forward_dynamics,grid_cuda,64,collection,float32,analytical,3,validated,,40.355333455403645,30.299200185139973,,128,fp32-fd-warnings,2,0.0,0.0,0,1152,40.350433349609375,40.425499725341794,10.056133270263672,,0.00034028042750833265,2.848141178760633e-07
go2,forward_dynamics,grid_cuda,128,collection,float32,analytical,3,validated,,40.72799987792969,30.164766947428387,,128,fp32-fd-warnings,2,0.0,0.0,0,2304,40.707166544596355,40.76203384399414,10.563232930501304,,0.00034028042750833265,2.3413137460162087e-07
go2,forward_dynamics,grid_cuda,256,collection,float32,analytical,3,validated,,42.261233520507815,30.996166229248047,,128,fp32-fd-warnings,2,0.0,0.0,0,4608,42.20760014851888,42.3711664835612,11.265067291259768,,0.00034028042750833265,1.9511590520079799e-07
go2,forward_dynamics,grid_cuda,1024,collection,float32,analytical,3,validated,,77.03210016886393,60.898433176676434,,128,fp32-fd-warnings,2,0.0,0.0,0,18432,76.59929987589518,77.14253336588541,16.1336669921875,,0.00034028042750833265,1.5621155068476534e-07
go2,forward_dynamics,grid_jax,16,collection,float32,analytical,3,validated,,218.48453333333336,63.619866666666674,,,fp32-fd-warnings,2,0.0,0.0,0,288,210.94696666666667,255.5067666666667,154.8646666666667,,0.00034028042750833265,4.0679103495126045e-07
go2,forward_dynamics,grid_jax,32,collection,float32,analytical,3,validated,,222.3538333333333,62.999199999999995,,,fp32-fd-warnings,2,0.0,0.0,0,576,217.09563333333335,238.3179333333333,159.3546333333333,,0.00034028042750833265,3.393312533154649e-07
go2,forward_dynamics,grid_jax,64,collection,float32,analytical,3,validated,,239.7531333333333,76.5773,,,fp32-fd-warnings,2,0.0,0.0,0,1152,218.09093333333334,364.1873,163.1758333333333,,0.00034028042750833265,2.848141178760633e-07
go2,forward_dynamics,grid_jax,128,collection,float32,analytical,3,validated,,218.74933333333337,64.95213333333334,,,fp32-fd-warnings,2,0.0,0.0,0,2304,217.11710000000002,221.21996666666666,153.79720000000003,,0.00034028042750833265,2.3413137460162087e-07
go2,forward_dynamics,grid_jax,256,collection,float32,analytical,3,validated,,236.33700000000002,88.01053333333331,,,fp32-fd-warnings,2,0.0,0.0,0,4608,224.4217333333333,288.56440000000003,,negative total-minus-resident in at least one repeat; recollect,0.00034028042750833265,1.9511590520079799e-07
go2,forward_dynamics,grid_jax,1024,collection,float32,analytical,3,validated,,335.10946666666666,96.78086666666667,,,fp32-fd-warnings,2,0.0,0.0,0,18432,287.0248666666667,460.4479,238.3286,,0.00034028042750833265,1.5621155068476534e-07
go2,forward_dynamics,mjx,16,collection,float32,simulator,3,validated,,508.1074333333333,406.4739,,,fp32-fd-warnings,2,0.00054931640625,6.368146571290808e-07,0,288,464.57346666666655,608.1575666666668,101.63353333333328,,0.0017399058350520136,1.422140805814082e-06
go2,forward_dynamics,mjx,32,collection,float32,simulator,3,validated,,556.0828,424.1546000000001,,,fp32-fd-warnings,2,0.000762939453125,5.686792890377603e-07,0,576,403.81546666666674,750.5477000000002,,negative total-minus-resident in at least one repeat; recollect,0.0017399058350520136,1.3303049318565491e-06
go2,forward_dynamics,mjx,64,collection,float32,simulator,3,validated,,528.9793000000001,343.2199666666666,,,fp32-fd-warnings,2,0.00054931640625,4.988792763833819e-07,0,1152,361.87493333333333,685.0015666666667,,negative total-minus-resident in at least one repeat; recollect,0.0017399058350520136,1.2896820883533156e-06
go2,forward_dynamics,mjx,128,collection,float32,simulator,3,validated,,426.7653,387.0365,,,fp32-fd-warnings,2,0.000701904296875,4.935351394381615e-07,0,2304,355.5541666666667,641.1363666666667,39.728800000000035,,0.0017399058350520136,1.2796085636322316e-06
go2,forward_dynamics,mjx,256,collection,float32,simulator,3,validated,,781.7113333333334,482.5852666666667,,,fp32-fd-warnings,2,0.000823974609375,5.040456243397383e-07,0,4608,658.6367000000001,837.1863000000001,299.1260666666667,,0.0018009409913020136,1.2563070609618442e-06
go2,forward_dynamics,mjx,1024,collection,float32,simulator,3,validated,,1074.3283999999999,661.5162000000001,,,fp32-fd-warnings,2,0.0008544921875,4.709102071513148e-07,0,18432,690.4150333333333,1302.5941000000005,412.81219999999973,,0.0017399058350520136,1.239294342400426e-06
go2,forward_dynamics,mujoco_cpu,16,collection,float64,simulator,3,validated,,59.938666666666656,,,,fp32-fd-warnings,2,0.0,0.0,0,288,59.87813333333334,59.984100000000005,,,0.0011411413153155081,1.0485647691017803e-06
go2,forward_dynamics,mujoco_cpu,32,collection,float64,simulator,3,validated,,119.91043333333332,,,,fp32-fd-warnings,2,0.0,0.0,0,576,118.9355,120.19236666666667,,,0.0011411413153155081,9.56940467441983e-07
go2,forward_dynamics,mujoco_cpu,64,collection,float64,simulator,3,validated,,246.6740333333333,,,,fp32-fd-warnings,2,0.0,0.0,0,1152,245.3806666666667,249.4561666666667,,,0.0011411413153155081,8.812236180139371e-07
go2,forward_dynamics,mujoco_cpu,128,collection,float64,simulator,3,validated,,517.8906666666667,,,,fp32-fd-warnings,2,0.0,0.0,0,2304,517.7428666666667,519.5844666666666,,,0.0011411413153155081,8.175474643485791e-07
go2,forward_dynamics,mujoco_cpu,256,collection,float64,simulator,3,validated,,1052.2806333333333,,,,fp32-fd-warnings,2,0.0,0.0,0,4608,1046.2699333333335,1054.9714,,,0.0011411413153155081,7.842309975579321e-07
go2,forward_dynamics,mujoco_cpu,1024,collection,float64,simulator,3,validated,,5880.1921,,,,fp32-fd-warnings,2,0.0,0.0,0,18432,5823.381166666665,5896.157366666667,,,0.0011411413153155081,7.511434357652343e-07
go2,forward_dynamics,mujoco_warp,16,collection,float32,simulator,3,validated,,209.47093333333336,179.12089999999995,1170.9023333333337,,fp32-fd-warnings,2,9.1552734375e-05,7.001040756667804e-08,0,288,208.50590000000003,211.31253333333336,30.350033333333414,,0.0016788706788020136,1.4934128172578432e-06
go2,forward_dynamics,mujoco_warp,32,collection,float32,simulator,3,validated,,217.58826666666664,187.4528333333333,1160.9441333333334,,fp32-fd-warnings,2,0.00048828125,3.7904874198091305e-07,0,576,217.53706666666668,217.62806666666668,30.13543333333334,,0.0016788706788020136,1.454666100357413e-06
go2,forward_dynamics,mujoco_warp,64,collection,float32,simulator,3,validated,,224.9569333333333,192.95910000000003,1196.627,,fp32-fd-warnings,2,0.00042724609375,2.9761184462620394e-07,0,1152,224.57006666666663,225.5207666666667,31.99783333333326,,0.0016788706788020136,1.3301138767663894e-06
go2,forward_dynamics,mujoco_warp,128,collection,float32,simulator,3,validated,,231.6621,200.2862,1188.5998666666667,,fp32-fd-warnings,2,0.00042724609375,2.346777713856509e-07,0,2304,231.5254,233.60286666666667,31.3759,,0.0016788706788020136,1.2577844452754073e-06
go2,forward_dynamics,mujoco_warp,256,collection,float32,simulator,3,validated,,241.28333333333336,205.26330000000002,1197.1237666666666,,fp32-fd-warnings,2,0.0006103515625,2.1140218551294622e-07,0,4608,240.34173333333334,241.4354,36.020033333333345,,0.0016788706788020136,1.234454066928952e-06
go2,forward_dynamics,mujoco_warp,1024,collection,float32,simulator,3,validated,,271.3308666666667,223.1235,1208.1917999999998,,fp32-fd-warnings,2,0.00067138671875,1.8592463040740366e-07,0,18432,269.9767333333333,272.07373333333334,48.20736666666667,,0.0016788706788020136,1.2111697492828849e-06
go2,forward_dynamics,pinocchio,16,collection,float32,codegen Minv/RNEA composition,3,validated,,15.167166666666667,,,8,fp32-fd-warnings,2,0.0,0.0,0,288,14.509733333333335,15.882299999999999,,,0.0011571018455924786,1.1768624478653273e-06
go2,forward_dynamics,pinocchio,32,collection,float32,codegen Minv/RNEA composition,3,validated,,19.265700000000002,,,8,fp32-fd-warnings,2,0.0,0.0,0,576,19.22686666666667,19.322066666666668,,,0.0011571018455924786,1.1422203679294276e-06
go2,forward_dynamics,pinocchio,64,collection,float32,codegen Minv/RNEA composition,3,validated,,28.54896666666667,,,8,fp32-fd-warnings,2,0.0,0.0,0,1152,28.311566666666668,28.552833333333336,,,0.0011571018455924786,1.3418304600012851e-06
go2,forward_dynamics,pinocchio,128,collection,float32,codegen Minv/RNEA composition,3,validated,,46.68913333333334,,,8,fp32-fd-warnings,2,0.0,0.0,0,2304,41.75613333333333,46.73096666666666,,,0.0011571018455924786,1.60469937326821e-06
go2,forward_dynamics,pinocchio,256,collection,float32,codegen Minv/RNEA composition,3,validated,,82.64133333333332,,,8,fp32-fd-warnings,2,0.0,0.0,0,4608,76.36046666666667,83.34683333333334,,,0.0013550378447604317,1.572549045923553e-06
go2,forward_dynamics,pinocchio,1024,collection,float32,codegen Minv/RNEA composition,3,validated,,485.254,,,8,fp32-fd-warnings,2,0.0,0.0,0,18432,269.2635,493.81446666666676,,,0.001695869668012051,1.5962340889131096e-06
go2,forward_dynamics,pinocchio_plain,16,collection,float32,standard Pinocchio API (no codegen),3,validated,,15.658800000000001,,,8,fp32-fd-warnings,2,0.0,0.0,0,288,15.449200000000001,15.674800000000001,,,0.0006818652512379231,7.057260891099657e-07
go2,forward_dynamics,pinocchio_plain,32,collection,float32,standard Pinocchio API (no codegen),3,validated,,21.206000000000003,,,8,fp32-fd-warnings,2,0.0,0.0,0,576,21.08343333333334,21.618966666666665,,,0.0006818652512379231,5.749984540304801e-07
go2,forward_dynamics,pinocchio_plain,64,collection,float32,standard Pinocchio API (no codegen),3,validated,,31.96046666666667,,,8,fp32-fd-warnings,2,0.0,0.0,0,1152,31.847,32.331,,,0.0006818652512379231,4.717690427094286e-07
go2,forward_dynamics,pinocchio_plain,128,collection,float32,standard Pinocchio API (no codegen),3,validated,,49.03463333333334,,,8,fp32-fd-warnings,2,0.0,0.0,0,2304,48.9052,49.141066666666674,,,0.0006818652512379231,3.6718177757170893e-07
go2,forward_dynamics,pinocchio_plain,256,collection,float32,standard Pinocchio API (no codegen),3,validated,,88.17753333333334,,,8,fp32-fd-warnings,2,0.0,0.0,0,4608,88.00403333333334,88.32713333333336,,,0.0006818652512379231,2.779564465197568e-07
go2,forward_dynamics,pinocchio_plain,1024,collection,float32,standard Pinocchio API (no codegen),3,validated,,506.3739,,,8,fp32-fd-warnings,2,0.0,0.0,0,18432,318.6700666666666,511.33309999999994,,,0.0006818652512379231,1.7928937636593896e-07
go2,forward_dynamics_gradient,bard,16,collection,unknown,unknown,3,adapter_pending,selected operation not wired; not a library capability claim,,,,,fp32-fd-warnings,2,,,0,0,,,,,,
go2,forward_dynamics_gradient,bard,32,collection,unknown,unknown,3,adapter_pending,selected operation not wired; not a library capability claim,,,,,fp32-fd-warnings,2,,,0,0,,,,,,
go2,forward_dynamics_gradient,bard,64,collection,unknown,unknown,3,adapter_pending,selected operation not wired; not a library capability claim,,,,,fp32-fd-warnings,2,,,0,0,,,,,,
go2,forward_dynamics_gradient,bard,128,collection,unknown,unknown,3,adapter_pending,selected operation not wired; not a library capability claim,,,,,fp32-fd-warnings,2,,,0,0,,,,,,
go2,forward_dynamics_gradient,bard,256,collection,unknown,unknown,3,adapter_pending,selected operation not wired; not a library capability claim,,,,,fp32-fd-warnings,2,,,0,0,,,,,,
go2,forward_dynamics_gradient,bard,1024,collection,unknown,unknown,3,adapter_pending,selected operation not wired; not a library capability claim,,,,,fp32-fd-warnings,2,,,0,0,,,,,,
go2,forward_dynamics_gradient,frax,16,collection,unknown,unknown,3,model_mismatch,existing Frax adapter uses a six-coordinate floating base; shared quaternion fixture needs a validated conversion,,,,,fp32-fd-warnings,2,,,0,0,,,,,,
go2,forward_dynamics_gradient,frax,32,collection,unknown,unknown,3,model_mismatch,existing Frax adapter uses a six-coordinate floating base; shared quaternion fixture needs a validated conversion,,,,,fp32-fd-warnings,2,,,0,0,,,,,,
go2,forward_dynamics_gradient,frax,64,collection,unknown,unknown,3,model_mismatch,existing Frax adapter uses a six-coordinate floating base; shared quaternion fixture needs a validated conversion,,,,,fp32-fd-warnings,2,,,0,0,,,,,,
go2,forward_dynamics_gradient,frax,128,collection,unknown,unknown,3,model_mismatch,existing Frax adapter uses a six-coordinate floating base; shared quaternion fixture needs a validated conversion,,,,,fp32-fd-warnings,2,,,0,0,,,,,,
go2,forward_dynamics_gradient,frax,256,collection,unknown,unknown,3,model_mismatch,existing Frax adapter uses a six-coordinate floating base; shared quaternion fixture needs a validated conversion,,,,,fp32-fd-warnings,2,,,0,0,,,,,,
go2,forward_dynamics_gradient,frax,1024,collection,unknown,unknown,3,model_mismatch,existing Frax adapter uses a six-coordinate floating base; shared quaternion fixture needs a validated conversion,,,,,fp32-fd-warnings,2,,,0,0,,,,,,
go2,forward_dynamics_gradient,grid_cuda,16,collection,float32,analytical,3,validated,,63.0663335164388,52.919166819254556,,256,fp32-fd-warnings,2,0.0,0.0,0,10368,63.06453348795573,63.07739969889323,10.147166697184247,,0.0011974287898510738,1.6180010910886192e-06
go2,forward_dynamics_gradient,grid_cuda,32,collection,float32,analytical,3,validated,,63.86719970703125,52.52506663004557,,256,fp32-fd-warnings,2,0.0,0.0,0,20736,63.82546691894531,63.89163309733073,11.342133076985675,,0.0011974287898510738,1.532592889627725e-06
go2,forward_dynamics_gradient,grid_cuda,64,collection,float32,analytical,3,validated,,66.59629999796549,52.8257329305013,,256,fp32-fd-warnings,2,0.0,0.0,0,41472,66.56593373616536,66.67426681518555,13.770567067464185,,0.0011974287898510738,1.5876433635748892e-06
go2,forward_dynamics_gradient,grid_cuda,128,collection,float32,analytical,3,validated,,71.20063298543295,52.519266510009764,,256,fp32-fd-warnings,2,0.0,0.0,0,82944,71.12483291625976,71.45463358561197,18.681366475423182,,0.0011974287898510738,1.6274943772005409e-06
go2,forward_dynamics_gradient,grid_cuda,256,collection,float32,analytical,3,validated,,98.13563385009766,56.206767018636064,,256,fp32-fd-warnings,2,0.0,0.0,0,165888,97.687966410319,98.50623321533203,41.9288668314616,,0.0011974287898510738,1.6421354512560181e-06
go2,forward_dynamics_gradient,grid_cuda,1024,collection,float32,analytical,3,validated,,334.32730026245116,198.7511001586914,,256,fp32-fd-warnings,2,0.0,0.0,0,663552,333.2752329508464,335.5033999125163,135.57620010375976,,0.0011974287898510738,1.7300715507655409e-06
go2,forward_dynamics_gradient,grid_jax,16,collection,float32,analytical,3,validated,,246.95926666666662,117.19166666666668,,,fp32-fd-warnings,2,0.0,0.0,0,10368,245.71819999999997,325.36260000000004,,negative total-minus-resident in at least one repeat; recollect,0.0011974287898510738,1.6180010910886192e-06
go2,forward_dynamics_gradient,grid_jax,32,collection,float32,analytical,3,validated,,248.2725333333333,88.1038,,,fp32-fd-warnings,2,0.0,0.0,0,20736,240.0339,368.0893333333333,160.1687333333333,,0.0011974287898510738,1.532592889627725e-06
go2,forward_dynamics_gradient,grid_jax,64,collection,float32,analytical,3,validated,,286.3482666666667,110.22309999999999,,,fp32-fd-warnings,2,0.0,0.0,0,41472,273.5259666666667,315.9576333333334,176.1251666666667,,0.0011974287898510738,1.5876433635748892e-06
go2,forward_dynamics_gradient,grid_jax,128,collection,float32,analytical,3,validated,,305.9846,97.26913333333331,,,fp32-fd-warnings,2,0.0,0.0,0,82944,270.4463,317.4295,208.71546666666669,,0.0011974287898510738,1.6274943772005409e-06
go2,forward_dynamics_gradient,grid_jax,256,collection,float32,analytical,3,validated,,407.21573333333333,92.60906666666668,,,fp32-fd-warnings,2,0.0,0.0,0,165888,369.91463333333326,500.1924666666667,314.6066666666667,,0.0011974287898510738,1.6421354512560181e-06
go2,forward_dynamics_gradient,grid_jax,1024,collection,float32,analytical,3,validated,,1024.9948,427.8899666666666,,,fp32-fd-warnings,2,0.0,0.0,0,663552,884.3028333333333,1181.5405666666666,597.1048333333333,,0.0011974287898510738,1.7300715507655409e-06
go2,forward_dynamics_gradient,mjx,16,collection,float32,autodiff,3,validated,,1685.3369333333333,969.7968333333334,,,fp32-fd-warnings,2,0.0009894166141748428,2.1519612167486e-06,0,10368,964.1218666666666,1688.5263666666667,715.5400999999998,,0.0012584639461010738,3.1184626572529336e-06
go2,forward_dynamics_gradient,mjx,32,collection,float32,autodiff,3,accuracy_warning,Entrywise oracle/variation gate exceeded; explicitly retained with errors reported,1667.9571333333336,965.9533333333334,,,fp32-fd-warnings,2,0.0009365081787109375,2.058556359894804e-06,1,20736,1308.1636333333333,1673.1847666666665,702.0038000000002,,0.00141764475773698,2.89189961368312e-06
go2,forward_dynamics_gradient,mjx,64,collection,float32,autodiff,3,accuracy_warning,Entrywise oracle/variation gate exceeded; explicitly retained with errors reported,1696.5922333333333,1224.4814333333336,,,fp32-fd-warnings,2,0.0008697509765625,1.6997541886580307e-06,1,41472,1486.1052333333328,1832.8274999999996,472.1107999999997,,0.0013194991023510738,2.841741905625435e-06
go2,forward_dynamics_gradient,mjx,128,collection,float32,autodiff,3,validated,,1831.8767999999995,1328.7609333333337,,,fp32-fd-warnings,2,0.0009613791480660439,1.7969473942485848e-06,0,82944,1271.1566,2020.9022000000004,503.11586666666585,,0.0012584639461010738,2.786098214945243e-06
go2,forward_dynamics_gradient,mjx,256,collection,float32,autodiff,3,validated,,2258.9216666666666,1660.4851,,,fp32-fd-warnings,2,0.0009369850158691406,1.8099694954836099e-06,0,165888,1871.5441333333333,2311.47,598.4365666666665,,0.0012279463679760738,2.5909974059341097e-06
go2,forward_dynamics_gradient,mjx,1024,collection,float32,autodiff,3,validated,,4167.677166666666,3424.4464666666668,,,fp32-fd-warnings,2,0.00103759765625,1.814871619846213e-06,0,663552,3985.6810666666665,4310.805133333333,743.2306999999996,,0.0014929639330603095,2.581998433191127e-06
go2,forward_dynamics_gradient,mujoco_cpu,16,collection,unknown,unknown,3,adapter_pending,no matched full tangent-space derivative adapter,,,,,fp32-fd-warnings,2,,,0,0,,,,,,
go2,forward_dynamics_gradient,mujoco_cpu,32,collection,unknown,unknown,3,adapter_pending,no matched full tangent-space derivative adapter,,,,,fp32-fd-warnings,2,,,0,0,,,,,,
go2,forward_dynamics_gradient,mujoco_cpu,64,collection,unknown,unknown,3,adapter_pending,no matched full tangent-space derivative adapter,,,,,fp32-fd-warnings,2,,,0,0,,,,,,
go2,forward_dynamics_gradient,mujoco_cpu,128,collection,unknown,unknown,3,adapter_pending,no matched full tangent-space derivative adapter,,,,,fp32-fd-warnings,2,,,0,0,,,,,,
go2,forward_dynamics_gradient,mujoco_cpu,256,collection,unknown,unknown,3,adapter_pending,no matched full tangent-space derivative adapter,,,,,fp32-fd-warnings,2,,,0,0,,,,,,
go2,forward_dynamics_gradient,mujoco_cpu,1024,collection,unknown,unknown,3,adapter_pending,no matched full tangent-space derivative adapter,,,,,fp32-fd-warnings,2,,,0,0,,,,,,
go2,forward_dynamics_gradient,mujoco_warp,16,collection,unknown,unknown,3,adapter_pending,no matched full tangent-space derivative adapter,,,,,fp32-fd-warnings,2,,,0,0,,,,,,
go2,forward_dynamics_gradient,mujoco_warp,32,collection,unknown,unknown,3,adapter_pending,no matched full tangent-space derivative adapter,,,,,fp32-fd-warnings,2,,,0,0,,,,,,
go2,forward_dynamics_gradient,mujoco_warp,64,collection,unknown,unknown,3,adapter_pending,no matched full tangent-space derivative adapter,,,,,fp32-fd-warnings,2,,,0,0,,,,,,
go2,forward_dynamics_gradient,mujoco_warp,128,collection,unknown,unknown,3,adapter_pending,no matched full tangent-space derivative adapter,,,,,fp32-fd-warnings,2,,,0,0,,,,,,
go2,forward_dynamics_gradient,mujoco_warp,256,collection,unknown,unknown,3,adapter_pending,no matched full tangent-space derivative adapter,,,,,fp32-fd-warnings,2,,,0,0,,,,,,
go2,forward_dynamics_gradient,mujoco_warp,1024,collection,unknown,unknown,3,adapter_pending,no matched full tangent-space derivative adapter,,,,,fp32-fd-warnings,2,,,0,0,,,,,,
go2,forward_dynamics_gradient,pinocchio,16,collection,float32,codegen Minv/RNEA composition,3,accuracy_warning,Entrywise oracle/variation gate exceeded; explicitly retained with errors reported,25.717466666666667,,,8,fp32-fd-warnings,2,0.0,0.0,1,10368,25.609166666666667,25.741033333333334,,,0.00151204274226302,4.390576837774084e-06
go2,forward_dynamics_gradient,pinocchio,32,collection,float32,codegen Minv/RNEA composition,3,accuracy_warning,Entrywise oracle/variation gate exceeded; explicitly retained with errors reported,40.4445,,,8,fp32-fd-warnings,2,0.0,0.0,1,20736,40.2976,40.647033333333326,,,0.00151204274226302,4.625250403114126e-06
go2,forward_dynamics_gradient,pinocchio,64,collection,float32,codegen Minv/RNEA composition,3,accuracy_warning,Entrywise oracle/variation gate exceeded; explicitly retained with errors reported,63.07616666666667,,,8,fp32-fd-warnings,2,0.0,0.0,1,41472,62.37616666666667,69.81436666666667,,,0.00151204274226302,5.302071097883971e-06
go2,forward_dynamics_gradient,pinocchio,128,collection,float32,codegen Minv/RNEA composition,3,accuracy_warning,Entrywise oracle/variation gate exceeded; explicitly retained with errors reported,112.51020000000001,,,8,fp32-fd-warnings,2,0.0,0.0,1,82944,111.41419999999998,129.72923333333335,,,0.0018949850311003047,6.07287791159284e-06
go2,forward_dynamics_gradient,pinocchio,256,collection,float32,codegen Minv/RNEA composition,3,accuracy_warning,Entrywise oracle/variation gate exceeded; explicitly retained with errors reported,426.2480000000001,,,8,fp32-fd-warnings,2,0.0,0.0,1,165888,422.81336666666664,446.1602000000001,,,0.0018949850311003047,6.848637218761985e-06
go2,forward_dynamics_gradient,pinocchio,1024,collection,float32,codegen Minv/RNEA composition,3,accuracy_warning,Entrywise oracle/variation gate exceeded; explicitly retained with errors reported,994.9347333333335,,,8,fp32-fd-warnings,2,0.0,0.0,1,663552,808.9024333333333,997.9350333333333,,,0.0018949850311003047,7.775944750730375e-06
go2,forward_dynamics_gradient,pinocchio_plain,16,collection,float32,standard Pinocchio API (no codegen),3,validated,,27.3426,,,8,fp32-fd-warnings,2,0.0,0.0,0,10368,27.140533333333334,27.519400000000005,,,0.0019332967768832532,3.863020818082044e-06
go2,forward_dynamics_gradient,pinocchio_plain,32,collection,float32,standard Pinocchio API (no codegen),3,validated,,44.254099999999994,,,8,fp32-fd-warnings,2,0.0,0.0,0,20736,43.61903333333333,64.2539,,,0.0019332967768832532,4.0452591722982655e-06
go2,forward_dynamics_gradient,pinocchio_plain,64,collection,float32,standard Pinocchio API (no codegen),3,validated,,71.06396666666666,,,8,fp32-fd-warnings,2,0.0,0.0,0,41472,70.2298,76.2346,,,0.0019332967768832532,4.994838289832921e-06
go2,forward_dynamics_gradient,pinocchio_plain,128,collection,float32,standard Pinocchio API (no codegen),3,validated,,126.8936,,,8,fp32-fd-warnings,2,0.0,0.0,0,82944,126.72046666666667,140.86123333333333,,,0.0019332967768832532,5.603763784274448e-06
go2,forward_dynamics_gradient,pinocchio_plain,256,collection,float32,standard Pinocchio API (no codegen),3,validated,,241.14466666666667,,,8,fp32-fd-warnings,2,0.0,0.0,0,165888,239.9663333333333,458.2456,,,0.0019332967768832532,6.3461374478472e-06
go2,forward_dynamics_gradient,pinocchio_plain,1024,collection,float32,standard Pinocchio API (no codegen),3,validated,,925.7621999999998,,,8,fp32-fd-warnings,2,0.0,0.0,0,663552,925.5002999999999,1248.7031,,,0.0019332967768832532,6.933650768287167e-06
go2,generalized_gravity,bard,16,collection,float32,library dynamics,3,validated,,1779.2836666666667,1715.6260333333335,,,fp32-fd-warnings,2,3.814697265625e-05,6.840997891763203e-08,0,288,1777.9421333333335,1821.2182333333335,63.65763333333325,,5.635210482068942e-05,1.4402805146706304e-07
go2,generalized_gravity,bard,32,collection,float32,library dynamics,3,validated,,1817.6511333333335,1755.2651333333336,,,fp32-fd-warnings,2,3.814697265625e-05,7.204411960364401e-08,0,576,1785.198566666667,1840.1697666666664,62.38599999999997,,5.635210482068942e-05,1.3764658374009343e-07
go2,generalized_gravity,bard,64,collection,float32,library dynamics,3,validated,,1825.2180333333336,1762.3022666666666,,,fp32-fd-warnings,2,3.814697265625e-05,6.463993546134864e-08,0,1152,1799.054033333333,1853.309066666667,62.91576666666697,,5.635210482068942e-05,1.325222769768254e-07
go2,generalized_gravity,bard,128,collection,float32,library dynamics,3,validated,,1836.2203666666662,1817.7821666666666,,,fp32-fd-warnings,2,0.0,0.0,0,2304,1804.6569000000002,1871.1841,18.438199999999597,,4.4272878881201905e-05,1.2584719635583663e-07
go2,generalized_gravity,bard,256,collection,float32,library dynamics,3,validated,,1881.3332666666663,1805.0508000000004,,,fp32-fd-warnings,2,0.0,0.0,0,4608,1877.4208999999998,1924.0074,76.28246666666587,,4.672310959108472e-05,1.2936424018564582e-07
go2,generalized_gravity,bard,1024,collection,float32,library dynamics,3,validated,,1911.3838,1824.8260333333333,,,fp32-fd-warnings,2,0.0,0.0,0,18432,1906.2205000000001,1953.1334333333334,86.5577666666668,,6.492835902349725e-05,1.3437627920518681e-07
go2,generalized_gravity,frax,16,collection,unknown,unknown,3,model_mismatch,existing Frax adapter uses a six-coordinate floating base; shared quaternion fixture needs a validated conversion,,,,,fp32-fd-warnings,2,,,0,0,,,,,,
go2,generalized_gravity,frax,32,collection,unknown,unknown,3,model_mismatch,existing Frax adapter uses a six-coordinate floating base; shared quaternion fixture needs a validated conversion,,,,,fp32-fd-warnings,2,,,0,0,,,,,,
go2,generalized_gravity,frax,64,collection,unknown,unknown,3,model_mismatch,existing Frax adapter uses a six-coordinate floating base; shared quaternion fixture needs a validated conversion,,,,,fp32-fd-warnings,2,,,0,0,,,,,,
go2,generalized_gravity,frax,128,collection,unknown,unknown,3,model_mismatch,existing Frax adapter uses a six-coordinate floating base; shared quaternion fixture needs a validated conversion,,,,,fp32-fd-warnings,2,,,0,0,,,,,,
go2,generalized_gravity,frax,256,collection,unknown,unknown,3,model_mismatch,existing Frax adapter uses a six-coordinate floating base; shared quaternion fixture needs a validated conversion,,,,,fp32-fd-warnings,2,,,0,0,,,,,,
go2,generalized_gravity,frax,1024,collection,unknown,unknown,3,model_mismatch,existing Frax adapter uses a six-coordinate floating base; shared quaternion fixture needs a validated conversion,,,,,fp32-fd-warnings,2,,,0,0,,,,,,
go2,generalized_gravity,grid_cuda,16,collection,float32,analytical,3,validated,,27.968900044759113,22.04623311360677,,128,fp32-fd-warnings,2,0.0,0.0,0,288,27.907067108154298,27.986966196695963,5.922666931152342,,3.5967961480309896e-05,1.0436246132877282e-07
go2,generalized_gravity,grid_cuda,32,collection,float32,analytical,3,validated,,27.959700520833334,21.915700022379557,,128,fp32-fd-warnings,2,0.0,0.0,0,576,27.920633443196614,28.020999908447266,6.0440004984537765,,3.5967961480309896e-05,1.0459098745164552e-07
go2,generalized_gravity,grid_cuda,64,collection,float32,analytical,3,validated,,28.400767008463543,21.936433410644533,,128,fp32-fd-warnings,2,0.0,0.0,0,1152,28.400333404541016,28.4611333211263,6.46433359781901,,3.5967961480309896e-05,1.0630285277757863e-07
go2,generalized_gravity,grid_cuda,128,collection,float32,analytical,3,validated,,28.679866790771484,21.810533396402995,,128,fp32-fd-warnings,2,0.0,0.0,0,2304,28.669400024414063,28.68780008951823,6.869333394368489,,3.5967961480309896e-05,1.0726028212040016e-07
go2,generalized_gravity,grid_cuda,256,collection,float32,analytical,3,validated,,28.95700022379557,21.327633666992188,,128,fp32-fd-warnings,2,0.0,0.0,0,4608,28.849166615804037,29.0590337117513,7.629366556803383,,3.5967961480309896e-05,1.0497768957136708e-07
go2,generalized_gravity,grid_cuda,1024,collection,float32,analytical,3,validated,,49.33863296508789,32.73980026245117,,128,fp32-fd-warnings,2,0.0,0.0,0,18432,48.10076700846354,50.77210057576497,16.59883270263672,,5.2100159393830836e-05,1.0389568449023069e-07
go2,generalized_gravity,grid_jax,16,collection,float32,analytical,3,validated,,126.7162,50.848600000000005,,,fp32-fd-warnings,2,0.0,0.0,0,288,122.84696666666667,175.58466666666664,75.8676,,3.5967961480309896e-05,1.0436246132877282e-07
go2,generalized_gravity,grid_jax,32,collection,float32,analytical,3,validated,,129.08873333333332,47.49313333333334,,,fp32-fd-warnings,2,0.0,0.0,0,576,126.03666666666666,150.8375,81.59559999999999,,3.5967961480309896e-05,1.0459098745164552e-07
go2,generalized_gravity,grid_jax,64,collection,float32,analytical,3,validated,,150.01816666666667,48.87666666666666,,,fp32-fd-warnings,2,0.0,0.0,0,1152,125.49009999999998,159.36526666666668,101.14150000000001,,3.5967961480309896e-05,1.0630285277757863e-07
go2,generalized_gravity,grid_jax,128,collection,float32,analytical,3,validated,,146.0364,55.79476666666667,,,fp32-fd-warnings,2,0.0,0.0,0,2304,124.4304333333333,355.5105666666667,90.24163333333331,,3.5967961480309896e-05,1.0726028212040016e-07
go2,generalized_gravity,grid_jax,256,collection,float32,analytical,3,validated,,135.34956666666668,83.83706666666667,,,fp32-fd-warnings,2,0.0,0.0,0,4608,126.38873333333335,152.69123333333334,,negative total-minus-resident in at least one repeat; recollect,3.5967961480309896e-05,1.0497768957136708e-07
go2,generalized_gravity,grid_jax,1024,collection,float32,analytical,3,validated,,150.1293,59.53896666666666,,,fp32-fd-warnings,2,0.0,0.0,0,18432,146.16236666666666,256.5858,90.59033333333335,,5.2100159393830836e-05,1.0389568449023069e-07
go2,generalized_gravity,mjx,16,collection,float32,simulator inverse dynamics at zero velocity and acceleration,3,validated,,351.29046666666665,146.8708,,,fp32-fd-warnings,2,1.2516975402832031e-06,3.95813328869751e-09,0,288,328.1025666666667,444.71623333333326,204.41966666666664,,3.2373562959264746e-05,1.4866537503913056e-07
go2,generalized_gravity,mjx,32,collection,float32,simulator inverse dynamics at zero velocity and acceleration,3,validated,,381.7204666666667,125.12983333333335,,,fp32-fd-warnings,2,1.430511474609375e-06,4.215482458725369e-09,0,576,310.24100000000004,467.31983333333335,256.59063333333336,,3.3749689322348786e-05,1.4808122830496068e-07
go2,generalized_gravity,mjx,64,collection,float32,simulator inverse dynamics at zero velocity and acceleration,3,validated,,397.39560000000006,125.1819,,,fp32-fd-warnings,2,2.384185791015625e-06,4.323274283554139e-09,0,1152,331.57093333333336,498.6143,272.2137000000001,,3.885927478108897e-05,1.513631266687305e-07
go2,generalized_gravity,mjx,128,collection,float32,simulator inverse dynamics at zero velocity and acceleration,3,validated,,407.9492333333333,182.63950000000003,,,fp32-fd-warnings,2,1.7881393432617188e-06,3.983408273961997e-09,0,2304,350.82363333333336,592.1522000000001,225.3097333333333,,3.885927478108897e-05,1.485704890917551e-07
go2,generalized_gravity,mjx,256,collection,float32,simulator inverse dynamics at zero velocity and acceleration,3,validated,,430.61623333333324,224.14383333333336,,,fp32-fd-warnings,2,2.2649765014648438e-06,3.754826568893938e-09,0,4608,394.8882333333334,502.3249333333334,206.47239999999988,,4.498685831322291e-05,1.49293217855515e-07
go2,generalized_gravity,mjx,1024,collection,float32,simulator inverse dynamics at zero velocity and acceleration,3,validated,,519.9222666666666,246.73783333333333,,,fp32-fd-warnings,2,2.6226043701171875e-06,3.795051480241414e-09,0,18432,458.6181333333334,835.9576333333332,273.18443333333323,,4.498685831322291e-05,1.4620404081663036e-07
go2,generalized_gravity,mujoco_cpu,16,collection,float64,simulator inverse dynamics at zero velocity and acceleration,3,validated,,65.64320000000001,,,,fp32-fd-warnings,2,0.0,0.0,0,288,63.236133333333335,65.70779999999999,,,1.0552273892017183e-05,4.3851303796712004e-08
go2,generalized_gravity,mujoco_cpu,32,collection,float64,simulator inverse dynamics at zero velocity and acceleration,3,validated,,130.67826666666667,,,,fp32-fd-warnings,2,0.0,0.0,0,576,125.59996666666667,130.92273333333333,,,1.6555361327164064e-05,4.60201595860704e-08
go2,generalized_gravity,mujoco_cpu,64,collection,float64,simulator inverse dynamics at zero velocity and acceleration,3,validated,,266.6123,,,,fp32-fd-warnings,2,0.0,0.0,0,1152,257.64096666666666,269.5198666666667,,,1.7037985713841408e-05,4.4582754512082256e-08
go2,generalized_gravity,mujoco_cpu,128,collection,float64,simulator inverse dynamics at zero velocity and acceleration,3,validated,,548.7930666666666,,,,fp32-fd-warnings,2,0.0,0.0,0,2304,545.9845333333334,558.6336666666667,,,1.7037985713841408e-05,4.625818889457276e-08
go2,generalized_gravity,mujoco_cpu,256,collection,float64,simulator inverse dynamics at zero velocity and acceleration,3,validated,,1114.4428,,,,fp32-fd-warnings,2,0.0,0.0,0,4608,1108.2629666666664,1136.2059666666669,,,2.3165569245975348e-05,4.664389778649699e-08
go2,generalized_gravity,mujoco_cpu,1024,collection,float64,simulator inverse dynamics at zero velocity and acceleration,3,validated,,5905.564966666669,,,,fp32-fd-warnings,2,0.0,0.0,0,18432,5806.171799999999,5924.066866666667,,,2.3165569245975348e-05,4.5096220359820654e-08
go2,generalized_gravity,mujoco_warp,16,collection,float32,simulator inverse dynamics at zero velocity and acceleration,3,validated,,148.4298666666667,117.65973333333335,742.3286333333333,,fp32-fd-warnings,2,4.76837158203125e-07,1.0978484135401002e-09,0,288,148.29213333333337,149.23476666666664,30.770133333333348,,3.2373562959264746e-05,1.4880265636273139e-07
go2,generalized_gravity,mujoco_warp,32,collection,float32,simulator inverse dynamics at zero velocity and acceleration,3,validated,,158.29056666666665,124.81246666666667,759.5501333333334,,fp32-fd-warnings,2,7.152557373046875e-07,1.3431711462499938e-09,0,576,158.13299999999998,159.98803333333336,33.47809999999998,,3.3749689322348786e-05,1.480882519111765e-07
go2,generalized_gravity,mujoco_warp,64,collection,float32,simulator inverse dynamics at zero velocity and acceleration,3,validated,,172.84799999999998,135.8575333333333,770.2101333333334,,fp32-fd-warnings,2,5.960464477539062e-07,1.2597204831889632e-09,0,1152,172.1461666666667,173.32336666666666,36.99046666666669,,3.885927478108897e-05,1.5139203178563647e-07
go2,generalized_gravity,mujoco_warp,128,collection,float32,simulator inverse dynamics at zero velocity and acceleration,3,validated,,176.38026666666664,141.20299999999997,773.8645333333334,,fp32-fd-warnings,2,7.152557373046875e-07,1.252782990761012e-09,0,2304,175.3142,176.6789,35.17726666666667,,3.885927478108897e-05,1.4857584896978057e-07
go2,generalized_gravity,mujoco_warp,256,collection,float32,simulator inverse dynamics at zero velocity and acceleration,3,validated,,179.17733333333334,144.27976666666666,760.8522333333333,,fp32-fd-warnings,2,1.646578311920166e-06,1.576295057211982e-09,0,4608,178.6807,179.67773333333332,34.89756666666668,,4.498685831322291e-05,1.4931596552405305e-07
go2,generalized_gravity,mujoco_warp,1024,collection,float32,simulator inverse dynamics at zero velocity and acceleration,3,validated,,209.20773333333335,160.17059999999998,753.7786333333335,,fp32-fd-warnings,2,1.646578311920166e-06,1.4125755911038538e-09,0,18432,208.8989333333333,216.24636666666666,49.03713333333337,,4.498685831322291e-05,1.4620859988664816e-07
go2,generalized_gravity,pinocchio,16,collection,float32,codegen RNEA at zero acceleration/velocity,3,validated,,7.271333333333332,,,1,fp32-fd-warnings,2,0.0,0.0,0,288,7.0979,8.386099999999999,,,2.4094146368724978e-05,9.214166765437766e-08
go2,generalized_gravity,pinocchio,32,collection,float32,codegen RNEA at zero acceleration/velocity,3,validated,,11.742866666666668,,,1,fp32-fd-warnings,2,0.0,0.0,0,576,11.728666666666665,12.145733333333334,,,2.6553216670777147e-05,9.059602762703274e-08
go2,generalized_gravity,pinocchio,64,collection,float32,codegen RNEA at zero acceleration/velocity,3,validated,,13.390099999999997,,,8,fp32-fd-warnings,2,0.0,0.0,0,1152,13.367300000000002,14.867366666666667,,,2.6553216670777147e-05,8.648981711405295e-08
go2,generalized_gravity,pinocchio,128,collection,float32,codegen RNEA at zero acceleration/velocity,3,validated,,16.14386666666667,,,8,fp32-fd-warnings,2,0.0,0.0,0,2304,15.926200000000001,16.24813333333333,,,3.0104445102097088e-05,9.352286015475937e-08
go2,generalized_gravity,pinocchio,256,collection,float32,codegen RNEA at zero acceleration/velocity,3,validated,,22.018900000000006,,,8,fp32-fd-warnings,2,0.0,0.0,0,4608,22.0157,22.023400000000002,,,3.063779054457427e-05,9.628983678186252e-08
go2,generalized_gravity,pinocchio,1024,collection,float32,codegen RNEA at zero acceleration/velocity,3,validated,,50.675,,,8,fp32-fd-warnings,2,0.0,0.0,0,18432,50.277100000000004,56.05063333333332,,,3.842423092237368e-05,9.873853137970044e-08
go2,generalized_gravity,pinocchio_plain,16,collection,float32,standard Pinocchio API (no codegen),3,validated,,11.340133333333332,,,1,fp32-fd-warnings,2,0.0,0.0,0,288,11.23603333333333,11.4085,,,2.4094146368724978e-05,9.180429724986531e-08
go2,generalized_gravity,pinocchio_plain,32,collection,float32,standard Pinocchio API (no codegen),3,validated,,13.210233333333337,,,8,fp32-fd-warnings,2,0.0,0.0,0,576,12.950366666666666,13.645733333333334,,,2.4094146368724978e-05,8.3515908972499e-08
go2,generalized_gravity,pinocchio_plain,64,collection,float32,standard Pinocchio API (no codegen),3,validated,,15.288099999999998,,,8,fp32-fd-warnings,2,0.0,0.0,0,1152,15.005333333333333,15.767333333333333,,,2.4094146368724978e-05,8.189767417862124e-08
go2,generalized_gravity,pinocchio_plain,128,collection,float32,standard Pinocchio API (no codegen),3,validated,,20.984166666666663,,,8,fp32-fd-warnings,2,0.0,0.0,0,2304,20.566766666666663,21.102133333333335,,,3.043144266712261e-05,9.36938843702023e-08
go2,generalized_gravity,pinocchio_plain,256,collection,float32,standard Pinocchio API (no codegen),3,validated,,31.833899999999996,,,8,fp32-fd-warnings,2,0.0,0.0,0,4608,31.357000000000003,33.828900000000004,,,3.826718507582427e-05,9.746724434314093e-08
go2,generalized_gravity,pinocchio_plain,1024,collection,float32,standard Pinocchio API (no codegen),3,validated,,87.50110000000001,,,8,fp32-fd-warnings,2,0.0,0.0,0,18432,87.02493333333332,87.98499999999999,,,4.5294866239942166e-05,1.004156944337485e-07
go2,idsva_so,bard,16,collection,unknown,unknown,3,excluded_method,analytical Hessian study; no finite-difference or nested-autodiff Hessian sweep,,,,,strict,2,,,0,0,,,,,,
go2,idsva_so,bard,32,collection,unknown,unknown,3,excluded_method,analytical Hessian study; no finite-difference or nested-autodiff Hessian sweep,,,,,strict,2,,,0,0,,,,,,
go2,idsva_so,bard,64,collection,unknown,unknown,3,excluded_method,analytical Hessian study; no finite-difference or nested-autodiff Hessian sweep,,,,,strict,2,,,0,0,,,,,,
go2,idsva_so,bard,128,collection,unknown,unknown,3,excluded_method,analytical Hessian study; no finite-difference or nested-autodiff Hessian sweep,,,,,strict,2,,,0,0,,,,,,
go2,idsva_so,bard,256,collection,unknown,unknown,3,excluded_method,analytical Hessian study; no finite-difference or nested-autodiff Hessian sweep,,,,,strict,2,,,0,0,,,,,,
go2,idsva_so,bard,1024,collection,unknown,unknown,3,excluded_method,analytical Hessian study; no finite-difference or nested-autodiff Hessian sweep,,,,,strict,2,,,0,0,,,,,,
go2,idsva_so,frax,16,collection,unknown,unknown,3,excluded_method,analytical Hessian study; no finite-difference or nested-autodiff Hessian sweep,,,,,strict,2,,,0,0,,,,,,
go2,idsva_so,frax,32,collection,unknown,unknown,3,excluded_method,analytical Hessian study; no finite-difference or nested-autodiff Hessian sweep,,,,,strict,2,,,0,0,,,,,,
go2,idsva_so,frax,64,collection,unknown,unknown,3,excluded_method,analytical Hessian study; no finite-difference or nested-autodiff Hessian sweep,,,,,strict,2,,,0,0,,,,,,
go2,idsva_so,frax,128,collection,unknown,unknown,3,excluded_method,analytical Hessian study; no finite-difference or nested-autodiff Hessian sweep,,,,,strict,2,,,0,0,,,,,,
go2,idsva_so,frax,256,collection,unknown,unknown,3,excluded_method,analytical Hessian study; no finite-difference or nested-autodiff Hessian sweep,,,,,strict,2,,,0,0,,,,,,
go2,idsva_so,frax,1024,collection,unknown,unknown,3,excluded_method,analytical Hessian study; no finite-difference or nested-autodiff Hessian sweep,,,,,strict,2,,,0,0,,,,,,
go2,idsva_so,grid_cuda,16,collection,float32,analytical,3,validated,,507.94450022379556,430.64439926147463,,256,strict,2,0.0,0.0,0,373248,507.63590037027996,508.3457669576009,77.30010096232093,,7.354692664218732e-05,2.5690830247712937e-06
go2,idsva_so,grid_cuda,32,collection,float32,analytical,3,validated,,575.6747006734212,443.8372667948405,,256,strict,2,0.0,0.0,0,746496,575.4154001871744,580.0173998514812,131.83743387858067,,7.354692664218732e-05,2.5871158700242344e-06
go2,idsva_so,grid_cuda,64,collection,float32,analytical,3,validated,,711.8368326822916,430.74126688639325,,256,strict,2,0.0,0.0,0,1492992,709.5198664347331,716.2510670979817,281.0955657958984,,0.00011893045780198008,2.7097650563011454e-06
go2,idsva_so,grid_cuda,128,collection,float32,analytical,3,validated,,983.4077326456705,435.91599934895834,,256,strict,2,0.0,0.0,0,2985984,983.1359657287597,986.9850336710612,547.4917332967123,,0.00011893045780198008,2.7872830250907326e-06
go2,idsva_so,grid_cuda,256,collection,float32,analytical,3,validated,,1583.4659332275392,476.51746699015297,,256,strict,2,0.0,0.0,0,5971968,1578.5952336629232,1584.4073333740234,1106.9484662373861,,0.00012442193302319993,2.8903789932438153e-06
go2,idsva_so,grid_cuda,1024,collection,float32,analytical,3,validated,,5575.930332692465,1167.4004330952962,,256,strict,2,0.0,0.0,0,23887872,5547.266400146485,5663.592367045085,4408.529899597168,,0.00015056257507239934,2.9397343022171633e-06
go2,idsva_so,grid_jax,16,collection,float32,analytical,3,validated,,1099.3110333333336,713.8942000000001,,,strict,2,0.0,0.0,0,373248,977.9410333333332,1431.5197333333333,385.41683333333356,,7.354692664218732e-05,2.5690830247712937e-06
go2,idsva_so,grid_jax,32,collection,float32,analytical,3,validated,,1666.2421000000002,606.5872333333333,,,strict,2,0.0,0.0,0,746496,1256.0204666666666,1730.4660000000003,1059.6548666666667,,7.354692664218732e-05,2.5871158700242344e-06
go2,idsva_so,grid_jax,64,collection,float32,analytical,3,validated,,2125.2245333333335,748.8449333333334,,,strict,2,0.0,0.0,0,1492992,2038.9541666666662,2270.646133333333,1376.3796000000002,,0.00011893045780198008,2.7097650563011454e-06
go2,idsva_so,grid_jax,128,collection,float32,analytical,3,validated,,2993.918166666666,602.4291666666667,,,strict,2,0.0,0.0,0,2985984,2749.6350999999995,2996.8154333333327,2391.488999999999,,0.00011893045780198008,2.7872830250907326e-06
go2,idsva_so,grid_jax,256,collection,float32,analytical,3,validated,,7144.939199999999,705.8364666666668,,,strict,2,0.0,0.0,0,5971968,5605.786633333334,7187.792366666666,6439.102733333332,,0.00012442193302319993,2.8903789932438153e-06
go2,idsva_so,grid_jax,1024,collection,float32,analytical,3,validated,,18995.997466666668,1769.9888999999998,,,strict,2,0.0,0.0,0,23887872,18891.57326666667,19170.996000000003,17226.008566666667,,0.00015056257507239934,2.9397343022171633e-06
go2,idsva_so,mujoco_cpu,16,collection,unknown,unknown,3,excluded_method,analytical Hessian study; no finite-difference or nested-autodiff Hessian sweep,,,,,strict,2,,,0,0,,,,,,
go2,idsva_so,mujoco_cpu,32,collection,unknown,unknown,3,excluded_method,analytical Hessian study; no finite-difference or nested-autodiff Hessian sweep,,,,,strict,2,,,0,0,,,,,,
go2,idsva_so,mujoco_cpu,64,collection,unknown,unknown,3,excluded_method,analytical Hessian study; no finite-difference or nested-autodiff Hessian sweep,,,,,strict,2,,,0,0,,,,,,
go2,idsva_so,mujoco_cpu,128,collection,unknown,unknown,3,excluded_method,analytical Hessian study; no finite-difference or nested-autodiff Hessian sweep,,,,,strict,2,,,0,0,,,,,,
go2,idsva_so,mujoco_cpu,256,collection,unknown,unknown,3,excluded_method,analytical Hessian study; no finite-difference or nested-autodiff Hessian sweep,,,,,strict,2,,,0,0,,,,,,
go2,idsva_so,mujoco_cpu,1024,collection,unknown,unknown,3,excluded_method,analytical Hessian study; no finite-difference or nested-autodiff Hessian sweep,,,,,strict,2,,,0,0,,,,,,
go2,idsva_so,pinocchio,16,collection,float64,analytical direct/composed,3,validated,,88.01220000000002,,,8,strict,2,0.0,0.0,0,373248,83.44666666666667,88.89576666666666,,,3.707676614794764e-05,1.4211851121141022e-07
go2,idsva_so,pinocchio,32,collection,float64,analytical direct/composed,3,validated,,187.44850000000002,,,8,strict,2,0.0,0.0,0,746496,159.89476666666664,368.00800000000004,,,3.707676614794764e-05,1.4339498464831284e-07
go2,idsva_so,pinocchio,64,collection,float64,analytical direct/composed,3,validated,,508.3678666666667,,,8,strict,2,0.0,0.0,0,1492992,308.3403666666666,553.5649333333333,,,3.707676614794764e-05,1.4117687182336868e-07
go2,idsva_so,pinocchio,128,collection,float64,analytical direct/composed,3,validated,,920.3126333333332,,,8,strict,2,0.0,0.0,0,2985984,915.9425666666666,954.1774333333334,,,4.805926380413439e-05,1.4837638680135874e-07
go2,idsva_so,pinocchio,256,collection,float64,analytical direct/composed,3,validated,,2403.316533333333,,,8,strict,2,0.0,0.0,0,5971968,2045.5909333333334,2985.5956,,,4.8388851595859705e-05,1.623374749094278e-07
go2,idsva_so,pinocchio,1024,collection,float64,analytical direct/composed,3,validated,,8656.770933333331,,,8,strict,2,0.0,0.0,0,23887872,8587.168566666667,8976.685033333333,,,5.423293049489075e-05,1.6661576973352815e-07
go2,idsva_so,pinocchio_plain,16,collection,float64,analytical direct/composed,3,validated,,217.59973333333338,,,8,strict,2,0.0,0.0,0,373248,97.10726666666666,264.0309333333334,,,3.707676614794764e-05,1.4211851121141022e-07
go2,idsva_so,pinocchio_plain,32,collection,float64,analytical direct/composed,3,validated,,183.19590000000002,,,8,strict,2,0.0,0.0,0,746496,182.7978,406.9179000000001,,,3.707676614794764e-05,1.4339498464831284e-07
go2,idsva_so,pinocchio_plain,64,collection,float64,analytical direct/composed,3,validated,,513.2652333333334,,,8,strict,2,0.0,0.0,0,1492992,505.1446,525.4481,,,3.707676614794764e-05,1.4117687182336868e-07
go2,idsva_so,pinocchio_plain,128,collection,float64,analytical direct/composed,3,validated,,904.6366999999998,,,8,strict,2,0.0,0.0,0,2985984,903.3205666666668,920.9862666666667,,,4.805926380413439e-05,1.4837638680135874e-07
go2,idsva_so,pinocchio_plain,256,collection,float64,analytical direct/composed,3,validated,,2668.7362666666672,,,8,strict,2,0.0,0.0,0,5971968,2417.626633333333,2700.441233333333,,,4.8388851595859705e-05,1.623374749094278e-07
go2,idsva_so,pinocchio_plain,1024,collection,float64,analytical direct/composed,3,validated,,9983.874866666667,,,8,strict,2,0.0,0.0,0,23887872,8709.679066666666,11060.214,,,5.423293049489075e-05,1.6661576973352815e-07
go2,inverse_dynamics,bard,16,collection,float32,library dynamics,3,validated,,1795.6032,1730.450033333333,,,strict,2,3.814697265625e-05,1.750051712838531e-08,0,288,1795.2839666666666,1801.601,65.15316666666695,,0.00012003486244793748,1.0390991505319455e-07
go2,inverse_dynamics,bard,32,collection,float32,library dynamics,3,validated,,1816.2712666666666,1763.4733333333331,,,strict,2,3.814697265625e-05,1.9458070103282195e-08,0,576,1802.1886666666664,1838.8998,52.7979333333335,,0.00012003486244793748,1.0456283291571857e-07
go2,inverse_dynamics,bard,64,collection,float32,library dynamics,3,validated,,1820.4220999999998,1764.9030666666665,,,strict,2,3.814697265625e-05,2.8329572707799586e-08,0,1152,1811.5056000000002,1849.9576333333332,55.519033333333255,,0.00012003486244793748,1.0836806724254554e-07
go2,inverse_dynamics,bard,128,collection,float32,library dynamics,3,validated,,1841.4797,1771.6392333333336,,,strict,2,0.0,0.0,0,2304,1826.0402,1850.0365666666667,69.84046666666654,,0.00012003486244793748,1.1277506033242711e-07
go2,inverse_dynamics,bard,256,collection,float32,library dynamics,3,validated,,1839.253,1766.587266666667,,,strict,2,0.0,0.0,0,4608,1817.7700666666667,1856.9754333333333,72.66573333333304,,0.00012003486244793748,1.1652089108159424e-07
go2,inverse_dynamics,bard,1024,collection,float32,library dynamics,3,validated,,1853.9358333333332,1769.594433333333,,,strict,2,0.0,0.0,0,18432,1839.4496000000001,1867.4066333333333,84.34140000000025,,0.00012003486244793748,1.2569346097988455e-07
go2,inverse_dynamics,frax,16,collection,unknown,unknown,3,model_mismatch,existing Frax adapter uses a six-coordinate floating base; shared quaternion fixture needs a validated conversion,,,,,strict,2,,,0,0,,,,,,
go2,inverse_dynamics,frax,32,collection,unknown,unknown,3,model_mismatch,existing Frax adapter uses a six-coordinate floating base; shared quaternion fixture needs a validated conversion,,,,,strict,2,,,0,0,,,,,,
go2,inverse_dynamics,frax,64,collection,unknown,unknown,3,model_mismatch,existing Frax adapter uses a six-coordinate floating base; shared quaternion fixture needs a validated conversion,,,,,strict,2,,,0,0,,,,,,
go2,inverse_dynamics,frax,128,collection,unknown,unknown,3,model_mismatch,existing Frax adapter uses a six-coordinate floating base; shared quaternion fixture needs a validated conversion,,,,,strict,2,,,0,0,,,,,,
go2,inverse_dynamics,frax,256,collection,unknown,unknown,3,model_mismatch,existing Frax adapter uses a six-coordinate floating base; shared quaternion fixture needs a validated conversion,,,,,strict,2,,,0,0,,,,,,
go2,inverse_dynamics,frax,1024,collection,unknown,unknown,3,model_mismatch,existing Frax adapter uses a six-coordinate floating base; shared quaternion fixture needs a validated conversion,,,,,strict,2,,,0,0,,,,,,
go2,inverse_dynamics,grid_cuda,16,collection,float32,analytical,3,validated,,34.000099182128906,23.33566691080729,,128,strict,2,0.0,0.0,0,288,33.958566919962564,34.034899648030596,10.664432271321616,,5.864219167506235e-05,5.098295895802214e-08
go2,inverse_dynamics,grid_cuda,32,collection,float32,analytical,3,validated,,34.18996696472168,23.119033813476562,,128,strict,2,0.0,0.0,0,576,34.02020047505697,34.19503351847331,11.070933151245114,,5.864219167506235e-05,5.6355829526752234e-08
go2,inverse_dynamics,grid_cuda,64,collection,float32,analytical,3,validated,,34.774166361490884,23.20179951985677,,128,strict,2,0.0,0.0,0,1152,34.679566065470375,34.89313329060872,11.572366841634114,,5.864219167506235e-05,6.389643897271212e-08
go2,inverse_dynamics,grid_cuda,128,collection,float32,analytical,3,validated,,34.93526611328125,23.100232696533205,,128,strict,2,0.0,0.0,0,2304,34.756233088175456,34.99166653951009,11.835033416748047,,5.864219167506235e-05,7.414678805317688e-08
go2,inverse_dynamics,grid_cuda,256,collection,float32,analytical,3,validated,,35.54923362731934,22.288833236694337,,128,strict,2,0.0,0.0,0,4608,35.12173347473144,35.561499786376956,13.260400390625001,,5.864219167506235e-05,8.591264129014329e-08
go2,inverse_dynamics,grid_cuda,1024,collection,float32,analytical,3,validated,,56.387200037638344,35.55693397521973,,128,strict,2,0.0,0.0,0,18432,56.26923370361328,56.388767623901366,20.830266062418616,,5.864219167506235e-05,9.783402529792552e-08
go2,inverse_dynamics,grid_jax,16,collection,float32,analytical,3,validated,,233.1729333333333,65.49716666666664,,,strict,2,0.0,0.0,0,288,231.1523,235.09986666666663,167.67576666666668,,5.864219167506235e-05,5.098295895802214e-08
go2,inverse_dynamics,grid_jax,32,collection,float32,analytical,3,validated,,263.5304333333333,68.2127,,,strict,2,0.0,0.0,0,576,258.4449333333333,276.02053333333333,195.3177333333333,,5.864219167506235e-05,5.6355829526752234e-08
go2,inverse_dynamics,grid_jax,64,collection,float32,analytical,3,validated,,239.60073333333332,67.91193333333334,,,strict,2,0.0,0.0,0,1152,232.7092666666667,317.6487333333333,171.6888,,5.864219167506235e-05,6.389643897271212e-08
go2,inverse_dynamics,grid_jax,128,collection,float32,analytical,3,validated,,246.62179999999998,68.00703333333334,,,strict,2,0.0,0.0,0,2304,229.85620000000003,260.82043333333337,178.61476666666664,,5.864219167506235e-05,7.414678805317688e-08
go2,inverse_dynamics,grid_jax,256,collection,float32,analytical,3,validated,,240.20890000000006,66.80890000000001,,,strict,2,0.0,0.0,0,4608,238.65703333333335,247.01446666666664,173.40000000000003,,5.864219167506235e-05,8.591264129014329e-08
go2,inverse_dynamics,grid_jax,1024,collection,float32,analytical,3,validated,,338.0133333333333,89.24923333333336,,,strict,2,0.0,0.0,0,18432,289.4882666666667,338.09483333333327,248.76409999999996,,5.864219167506235e-05,9.783402529792552e-08
go2,inverse_dynamics,grid_native,16,collection,float32,analytical,3,validated,,32.83203333333333,,,,strict,2,0.0,0.0,0,288,32.7449,32.976,,,5.864219167506235e-05,5.098295895802214e-08
go2,inverse_dynamics,grid_native,32,collection,float32,analytical,3,validated,,33.08156666666666,,,,strict,2,0.0,0.0,0,576,33.0671,34.37166666666667,,,5.864219167506235e-05,5.6355829526752234e-08
go2,inverse_dynamics,grid_native,64,collection,float32,analytical,3,validated,,33.907133333333334,,,,strict,2,0.0,0.0,0,1152,33.79796666666667,33.91763333333334,,,5.864219167506235e-05,6.389643897271212e-08
go2,inverse_dynamics,grid_native,128,collection,float32,analytical,3,validated,,37.299933333333335,,,,strict,2,0.0,0.0,0,2304,37.228833333333334,37.31666666666668,,,5.864219167506235e-05,7.414678805317688e-08
go2,inverse_dynamics,grid_native,256,collection,float32,analytical,3,validated,,41.784933333333335,,,,strict,2,0.0,0.0,0,4608,41.723633333333325,42.02363333333334,,,5.864219167506235e-05,8.591264129014329e-08
go2,inverse_dynamics,grid_native,1024,collection,float32,analytical,3,validated,,85.4848,,,,strict,2,0.0,0.0,0,18432,85.07930000000002,86.03400000000002,,,5.864219167506235e-05,9.783402529792552e-08
go2,inverse_dynamics,grid_numpy,16,collection,float32,analytical,3,validated,,34.87033333333333,,,,strict,2,0.0,0.0,0,288,34.86853333333333,34.90123333333333,,,5.864219167506235e-05,5.098295895802214e-08
go2,inverse_dynamics,grid_numpy,32,collection,float32,analytical,3,validated,,34.956266666666664,,,,strict,2,0.0,0.0,0,576,34.934266666666666,35.06686666666667,,,5.864219167506235e-05,5.6355829526752234e-08
go2,inverse_dynamics,grid_numpy,64,collection,float32,analytical,3,validated,,35.83223333333333,,,,strict,2,0.0,0.0,0,1152,35.738899999999994,35.890433333333334,,,5.864219167506235e-05,6.389643897271212e-08
go2,inverse_dynamics,grid_numpy,128,collection,float32,analytical,3,validated,,39.18456666666667,,,,strict,2,0.0,0.0,0,2304,39.041633333333344,39.20913333333333,,,5.864219167506235e-05,7.414678805317688e-08
go2,inverse_dynamics,grid_numpy,256,collection,float32,analytical,3,validated,,44.0494,,,,strict,2,0.0,0.0,0,4608,43.94989999999999,44.06056666666667,,,5.864219167506235e-05,8.591264129014329e-08
go2,inverse_dynamics,grid_numpy,1024,collection,float32,analytical,3,validated,,87.26053333333333,,,,strict,2,0.0,0.0,0,18432,84.63846666666667,87.50643333333332,,,5.864219167506235e-05,9.783402529792552e-08
go2,inverse_dynamics,grid_torch,16,collection,float32,analytical,3,validated,,68.74043333333334,37.117533333333334,,,strict,2,0.0,0.0,0,288,68.24579999999999,71.2772,31.62290000000001,,5.864219167506235e-05,5.098295895802214e-08
go2,inverse_dynamics,grid_torch,32,collection,float32,analytical,3,validated,,70.0721,37.10456666666666,,,strict,2,0.0,0.0,0,576,69.22126666666666,71.20096666666667,32.96753333333334,,5.864219167506235e-05,5.6355829526752234e-08
go2,inverse_dynamics,grid_torch,64,collection,float32,analytical,3,validated,,71.72270000000002,38.9969,,,strict,2,0.0,0.0,0,1152,70.65990000000001,72.27496666666666,32.72580000000002,,5.864219167506235e-05,6.389643897271212e-08
go2,inverse_dynamics,grid_torch,128,collection,float32,analytical,3,validated,,72.85246666666669,38.54693333333333,,,strict,2,0.0,0.0,0,2304,71.30986666666668,73.3219,34.30553333333336,,5.864219167506235e-05,7.414678805317688e-08
go2,inverse_dynamics,grid_torch,256,collection,float32,analytical,3,validated,,75.89163333333333,37.72696666666666,,,strict,2,0.0,0.0,0,4608,74.4565,76.709,38.16466666666667,,5.864219167506235e-05,8.591264129014329e-08
go2,inverse_dynamics,grid_torch,1024,collection,float32,analytical,3,validated,,103.27193333333334,51.4949,,,strict,2,0.0,0.0,0,18432,101.48436666666666,104.71313333333335,51.777033333333335,,5.864219167506235e-05,9.783402529792552e-08
go2,inverse_dynamics,mjx,16,collection,float32,simulator,3,validated,,307.1015,149.04136666666665,,,strict,2,0.0001220703125,1.1673744949041996e-07,0,288,300.0030666666667,325.5068333333333,158.06013333333334,,0.0005041967617671617,2.746815833965949e-07
go2,inverse_dynamics,mjx,32,collection,float32,simulator,3,validated,,282.0169333333334,130.3921,,,strict,2,0.0001220703125,1.1247693536974716e-07,0,576,279.6467666666666,336.6315333333333,151.62483333333338,,0.0005041967617671617,2.651155736721788e-07
go2,inverse_dynamics,mjx,64,collection,float32,simulator,3,validated,,312.4206666666667,126.9957,,,strict,2,7.62939453125e-05,5.0286440819740724e-08,0,1152,286.4584666666667,320.10833333333335,185.4249666666667,,0.0005041967617671617,2.4912544285542185e-07
go2,inverse_dynamics,mjx,128,collection,float32,simulator,3,validated,,350.0459333333332,170.74173333333334,,,strict,2,6.103515625e-05,5.5702121669019914e-08,0,2304,335.65546666666654,356.82449999999994,179.30419999999987,,0.0005041967617671617,2.2717576198875247e-07
go2,inverse_dynamics,mjx,256,collection,float32,simulator,3,validated,,337.0525666666667,176.18676666666667,,,strict,2,6.103515625e-05,5.8644451267965074e-08,0,4608,333.57880000000006,342.00913333333335,160.8658,,0.0005041967617671617,1.9899220786157306e-07
go2,inverse_dynamics,mjx,1024,collection,float32,simulator,3,validated,,476.5708000000001,251.32533333333333,,,strict,2,4.57763671875e-05,7.92886871978406e-08,0,18432,456.38533333333334,483.72003333333333,225.24546666666674,,0.0005041967617671617,1.4556085946895178e-07
go2,inverse_dynamics,mujoco_cpu,16,collection,float64,simulator,3,validated,,63.75109999999999,,,,strict,2,0.0,0.0,0,288,63.24953333333334,65.16326666666666,,,1.0572158799959652e-05,1.3407684451602692e-08
go2,inverse_dynamics,mujoco_cpu,32,collection,float64,simulator,3,validated,,125.95773333333335,,,,strict,2,0.0,0.0,0,576,125.81036666666667,130.20343333333335,,,1.6388807296152663e-05,1.8388866705991434e-08
go2,inverse_dynamics,mujoco_cpu,64,collection,float64,simulator,3,validated,,262.06336666666664,,,,strict,2,0.0,0.0,0,1152,256.92420000000004,269.49386666666663,,,1.6987857975436782e-05,2.3036540802681606e-08
go2,inverse_dynamics,mujoco_cpu,128,collection,float64,simulator,3,validated,,545.5497999999999,,,,strict,2,0.0,0.0,0,2304,538.9941,559.3758999999999,,,1.6987857975436782e-05,2.985147396500624e-08
go2,inverse_dynamics,mujoco_cpu,256,collection,float64,simulator,3,validated,,1110.2360333333336,,,,strict,2,0.0,0.0,0,4608,1098.7219333333335,1134.3899666666669,,,2.297828899600063e-05,3.5117367343956837e-08
go2,inverse_dynamics,mujoco_cpu,1024,collection,float64,simulator,3,validated,,5799.3317,,,,strict,2,0.0,0.0,0,18432,5789.7212,5898.5566333333345,,,2.297828899600063e-05,4.029111248699973e-08
go2,inverse_dynamics,mujoco_warp,16,collection,float32,simulator,3,validated,,148.442,118.22513333333335,756.4778333333333,,strict,2,6.103515625e-05,2.8983386604403e-08,0,288,148.42686666666668,166.82816666666668,30.21686666666666,,0.00038212644926716166,2.0665130096579154e-07
go2,inverse_dynamics,mujoco_warp,32,collection,float32,simulator,3,validated,,157.91346666666666,124.81709999999998,733.9324333333334,,strict,2,6.103515625e-05,3.1516069430373835e-08,0,576,157.78993333333332,159.77246666666667,33.09636666666668,,0.00038212644926716166,2.0043441024456844e-07
go2,inverse_dynamics,mujoco_warp,64,collection,float32,simulator,3,validated,,172.34009999999998,136.0868,749.9613333333334,,strict,2,6.103515625e-05,2.8489751742213827e-08,0,1152,172.17253333333335,173.6693333333333,36.25329999999997,,0.00038212644926716166,1.905093749896169e-07
go2,inverse_dynamics,mujoco_warp,128,collection,float32,simulator,3,validated,,175.4187333333334,141.12576666666664,746.6266666666666,,strict,2,6.103515625e-05,2.992104807352845e-08,0,2304,174.70229999999998,175.55969999999994,34.29296666666676,,0.00038212644926716166,1.7643889795764632e-07
go2,inverse_dynamics,mujoco_warp,256,collection,float32,simulator,3,validated,,178.38176666666666,144.4623333333333,741.5589000000001,,strict,2,6.103515625e-05,3.1448616803010914e-08,0,4608,178.1776,179.44290000000004,33.91943333333336,,0.00038212644926716166,1.5743844130900156e-07
go2,inverse_dynamics,mujoco_warp,1024,collection,float32,simulator,3,validated,,210.47703333333337,160.4482666666667,745.1937999999999,,strict,2,6.103515625e-05,2.8092306370600978e-08,0,18432,208.27046666666672,210.60193333333336,50.028766666666655,,0.00038212644926716166,1.2960961472588183e-07
go2,inverse_dynamics,pinocchio,16,collection,float32,codegen,3,validated,,10.187800000000003,,,1,strict,2,0.0,0.0,0,288,10.098933333333333,10.477233333333333,,,0.00012003486244793748,8.030189176527852e-08
go2,inverse_dynamics,pinocchio,32,collection,float32,codegen,3,validated,,13.568366666666662,,,1/8,strict,2,0.0,0.0,0,576,13.243033333333333,15.8465,,,0.00012003486244793748,8.141055852652455e-08
go2,inverse_dynamics,pinocchio,64,collection,float32,codegen,3,validated,,14.822666666666667,,,8,strict,2,0.0,0.0,0,1152,14.550633333333334,17.038866666666664,,,0.00012003486244793748,8.505917376336397e-08
go2,inverse_dynamics,pinocchio,128,collection,float32,codegen,3,validated,,17.680533333333337,,,8,strict,2,0.0,0.0,0,2304,17.571833333333338,17.972699999999996,,,0.00012003486244793748,8.861597539130399e-08
go2,inverse_dynamics,pinocchio,256,collection,float32,codegen,3,validated,,23.570999999999994,,,8,strict,2,0.0,0.0,0,4608,23.4714,24.09776666666666,,,0.00012003486244793748,9.11343683893715e-08
go2,inverse_dynamics,pinocchio,1024,collection,float32,codegen,3,validated,,58.036300000000004,,,8,strict,2,0.0,0.0,0,18432,57.203966666666666,58.74703333333333,,,0.00012003486244793748,9.578727462030025e-08
go2,inverse_dynamics,pinocchio_plain,16,collection,float32,standard Pinocchio API (no codegen),3,validated,,13.417266666666668,,,8,strict,2,0.0,0.0,0,288,13.317433333333335,13.705633333333337,,,0.00012003486244793748,7.276091464587316e-08
go2,inverse_dynamics,pinocchio_plain,32,collection,float32,standard Pinocchio API (no codegen),3,validated,,15.270100000000001,,,8,strict,2,0.0,0.0,0,576,15.254166666666665,17.491899999999998,,,0.00012003486244793748,7.453087964046458e-08
go2,inverse_dynamics,pinocchio_plain,64,collection,float32,standard Pinocchio API (no codegen),3,validated,,19.138433333333335,,,8,strict,2,0.0,0.0,0,1152,18.896933333333333,19.478066666666667,,,0.00012003486244793748,7.715549308496879e-08
go2,inverse_dynamics,pinocchio_plain,128,collection,float32,standard Pinocchio API (no codegen),3,validated,,26.94586666666667,,,8,strict,2,0.0,0.0,0,2304,26.793566666666667,29.071033333333336,,,0.00012003486244793748,8.610052599981494e-08
go2,inverse_dynamics,pinocchio_plain,256,collection,float32,standard Pinocchio API (no codegen),3,validated,,42.18496666666667,,,8,strict,2,0.0,0.0,0,4608,42.11203333333332,42.37886666666667,,,0.00012003486244793748,9.069579875658317e-08
go2,inverse_dynamics,pinocchio_plain,1024,collection,float32,standard Pinocchio API (no codegen),3,validated,,135.41726666666668,,,8,strict,2,0.0,0.0,0,18432,135.27806666666666,137.14386666666667,,,0.00012003486244793748,9.746048422555997e-08
go2,inverse_dynamics_gradient,bard,16,collection,unknown,unknown,3,adapter_pending,selected operation not wired; not a library capability claim,,,,,strict,2,,,0,0,,,,,,
go2,inverse_dynamics_gradient,bard,32,collection,unknown,unknown,3,adapter_pending,selected operation not wired; not a library capability claim,,,,,strict,2,,,0,0,,,,,,
go2,inverse_dynamics_gradient,bard,64,collection,unknown,unknown,3,adapter_pending,selected operation not wired; not a library capability claim,,,,,strict,2,,,0,0,,,,,,
go2,inverse_dynamics_gradient,bard,128,collection,unknown,unknown,3,adapter_pending,selected operation not wired; not a library capability claim,,,,,strict,2,,,0,0,,,,,,
go2,inverse_dynamics_gradient,bard,256,collection,unknown,unknown,3,adapter_pending,selected operation not wired; not a library capability claim,,,,,strict,2,,,0,0,,,,,,
go2,inverse_dynamics_gradient,bard,1024,collection,unknown,unknown,3,adapter_pending,selected operation not wired; not a library capability claim,,,,,strict,2,,,0,0,,,,,,
go2,inverse_dynamics_gradient,frax,16,collection,unknown,unknown,3,model_mismatch,existing Frax adapter uses a six-coordinate floating base; shared quaternion fixture needs a validated conversion,,,,,strict,2,,,0,0,,,,,,
go2,inverse_dynamics_gradient,frax,32,collection,unknown,unknown,3,model_mismatch,existing Frax adapter uses a six-coordinate floating base; shared quaternion fixture needs a validated conversion,,,,,strict,2,,,0,0,,,,,,
go2,inverse_dynamics_gradient,frax,64,collection,unknown,unknown,3,model_mismatch,existing Frax adapter uses a six-coordinate floating base; shared quaternion fixture needs a validated conversion,,,,,strict,2,,,0,0,,,,,,
go2,inverse_dynamics_gradient,frax,128,collection,unknown,unknown,3,model_mismatch,existing Frax adapter uses a six-coordinate floating base; shared quaternion fixture needs a validated conversion,,,,,strict,2,,,0,0,,,,,,
go2,inverse_dynamics_gradient,frax,256,collection,unknown,unknown,3,model_mismatch,existing Frax adapter uses a six-coordinate floating base; shared quaternion fixture needs a validated conversion,,,,,strict,2,,,0,0,,,,,,
go2,inverse_dynamics_gradient,frax,1024,collection,unknown,unknown,3,model_mismatch,existing Frax adapter uses a six-coordinate floating base; shared quaternion fixture needs a validated conversion,,,,,strict,2,,,0,0,,,,,,
go2,inverse_dynamics_gradient,grid_cuda,16,collection,float32,analytical,3,validated,,45.592767079671226,35.0591002146403,,128,strict,2,0.0,0.0,0,10368,45.571733220418295,45.68206659952799,10.533666865030924,,2.4094146397146687e-05,1.1827002334921274e-07
go2,inverse_dynamics_gradient,grid_cuda,32,collection,float32,analytical,3,validated,,46.697933197021484,35.01803334554037,,128,strict,2,0.0,0.0,0,20736,46.567233657836915,46.82960027058919,11.679899851481117,,2.4094146397146687e-05,1.0292725709133683e-07
go2,inverse_dynamics_gradient,grid_cuda,64,collection,float32,analytical,3,validated,,49.42783342997233,34.97623278299967,,128,strict,2,0.0,0.0,0,41472,49.381233342488606,49.552900060017905,14.451600646972658,,2.427048838171686e-05,9.850858630842727e-08
go2,inverse_dynamics_gradient,grid_cuda,128,collection,float32,analytical,3,validated,,53.609733200073244,34.84339993794759,,128,strict,2,0.0,0.0,0,82944,53.60353342692057,53.86719970703125,18.766333262125656,,3.0104445102097088e-05,9.883146643090084e-08
go2,inverse_dynamics_gradient,grid_cuda,256,collection,float32,analytical,3,validated,,79.04273351033528,36.44103317260742,,128,strict,2,0.0,0.0,0,165888,78.31896667480468,80.20856691996256,42.60170033772786,,3.47251553876049e-05,1.0026877145884914e-07
go2,inverse_dynamics_gradient,grid_cuda,1024,collection,float32,analytical,3,validated,,258.00330034891766,116.80003369649252,,128,strict,2,0.0,0.0,0,663552,257.4120004018148,259.1704999287923,141.20326665242516,,4.185132851830531e-05,9.949596272089524e-08
go2,inverse_dynamics_gradient,grid_jax,16,collection,float32,analytical,3,validated,,229.59186666666665,79.91573333333332,,,strict,2,0.0,0.0,0,10368,222.41690000000003,233.90099999999998,149.67613333333333,,2.4094146397146687e-05,1.1827002334921274e-07
go2,inverse_dynamics_gradient,grid_jax,32,collection,float32,analytical,3,validated,,232.90773333333334,69.49983333333333,,,strict,2,0.0,0.0,0,20736,230.60379999999998,572.4388333333333,163.4079,,2.4094146397146687e-05,1.0292725709133683e-07
go2,inverse_dynamics_gradient,grid_jax,64,collection,float32,analytical,3,validated,,268.30163333333337,80.42966666666668,,,strict,2,0.0,0.0,0,41472,247.56163333333333,276.93913333333336,187.8719666666667,,2.427048838171686e-05,9.850858630842727e-08
go2,inverse_dynamics_gradient,grid_jax,128,collection,float32,analytical,3,validated,,302.4651666666667,80.88843333333334,,,strict,2,0.0,0.0,0,82944,293.00269999999995,333.6396666666667,221.57673333333332,,3.0104445102097088e-05,9.883146643090084e-08
go2,inverse_dynamics_gradient,grid_jax,256,collection,float32,analytical,3,validated,,351.9113666666666,92.49323333333331,,,strict,2,0.0,0.0,0,165888,322.9757666666667,359.32619999999986,259.4181333333333,,3.47251553876049e-05,1.0026877145884914e-07
go2,inverse_dynamics_gradient,grid_jax,1024,collection,float32,analytical,3,validated,,877.7674999999999,194.07769999999996,,,strict,2,0.0,0.0,0,663552,852.7228666666665,894.2336333333333,683.6898,,4.185132851830531e-05,9.949596272089524e-08
go2,inverse_dynamics_gradient,grid_native,16,collection,float32,analytical,3,validated,,55.935366666666646,,,,strict,2,0.0,0.0,0,10368,55.8898,56.120533333333334,,,2.4094146397146687e-05,1.1827002334921274e-07
go2,inverse_dynamics_gradient,grid_native,32,collection,float32,analytical,3,validated,,62.90436666666666,,,,strict,2,0.0,0.0,0,20736,61.85933333333333,63.094699999999996,,,2.4094146397146687e-05,1.0292725709133683e-07
go2,inverse_dynamics_gradient,grid_native,64,collection,float32,analytical,3,validated,,72.88723333333334,,,,strict,2,0.0,0.0,0,41472,71.1607,74.85633333333334,,,2.427048838171686e-05,9.850858630842727e-08
go2,inverse_dynamics_gradient,grid_native,128,collection,float32,analytical,3,validated,,107.31526666666667,,,,strict,2,0.0,0.0,0,82944,103.2914,108.10206666666666,,,3.0104445102097088e-05,9.883146643090084e-08
go2,inverse_dynamics_gradient,grid_native,256,collection,float32,analytical,3,validated,,162.83093333333335,,,,strict,2,0.0,0.0,0,165888,156.7995,163.59376666666665,,,3.47251553876049e-05,1.0026877145884914e-07
go2,inverse_dynamics_gradient,grid_native,1024,collection,float32,analytical,3,validated,,503.09956666666665,,,,strict,2,0.0,0.0,0,663552,499.1112,506.5048666666666,,,4.185132851830531e-05,9.949596272089524e-08
go2,inverse_dynamics_gradient,grid_numpy,16,collection,float32,analytical,3,validated,,66.06796666666666,,,,strict,2,0.0,0.0,0,10368,65.24640000000001,67.40283333333333,,,2.4094146397146687e-05,1.1827002334921274e-07
go2,inverse_dynamics_gradient,grid_numpy,32,collection,float32,analytical,3,validated,,73.7657,,,,strict,2,0.0,0.0,0,20736,73.4529,74.24446666666668,,,2.4094146397146687e-05,1.0292725709133683e-07
go2,inverse_dynamics_gradient,grid_numpy,64,collection,float32,analytical,3,validated,,90.87696666666668,,,,strict,2,0.0,0.0,0,41472,86.44156666666666,91.11370000000001,,,2.427048838171686e-05,9.850858630842727e-08
go2,inverse_dynamics_gradient,grid_numpy,128,collection,float32,analytical,3,validated,,142.89216666666664,,,,strict,2,0.0,0.0,0,82944,130.50353333333334,143.0672,,,3.0104445102097088e-05,9.883146643090084e-08
go2,inverse_dynamics_gradient,grid_numpy,256,collection,float32,analytical,3,validated,,221.76853333333332,,,,strict,2,0.0,0.0,0,165888,207.8773,223.40433333333334,,,3.47251553876049e-05,1.0026877145884914e-07
go2,inverse_dynamics_gradient,grid_numpy,1024,collection,float32,analytical,3,validated,,711.3269333333334,,,,strict,2,0.0,0.0,0,663552,708.0825666666666,720.1107333333333,,,4.185132851830531e-05,9.949596272089524e-08
go2,inverse_dynamics_gradient,grid_torch,16,collection,float32,analytical,3,validated,,85.15009999999998,44.53836666666667,,,strict,2,0.0,0.0,0,10368,84.4092,85.8197,40.61173333333331,,2.4094146397146687e-05,1.1827002334921274e-07
go2,inverse_dynamics_gradient,grid_torch,32,collection,float32,analytical,3,validated,,90.3325,44.4683,,,strict,2,0.0,0.0,0,20736,88.01490000000003,90.33293333333334,45.8642,,2.4094146397146687e-05,1.0292725709133683e-07
go2,inverse_dynamics_gradient,grid_torch,64,collection,float32,analytical,3,validated,,99.3846,44.436266666666675,,,strict,2,0.0,0.0,0,41472,97.96249999999999,100.16720000000001,54.94833333333333,,2.427048838171686e-05,9.850858630842727e-08
go2,inverse_dynamics_gradient,grid_torch,128,collection,float32,analytical,3,validated,,125.67816666666667,44.71169999999999,,,strict,2,0.0,0.0,0,82944,123.42153333333333,126.84673333333332,80.96646666666668,,3.0104445102097088e-05,9.883146643090084e-08
go2,inverse_dynamics_gradient,grid_torch,256,collection,float32,analytical,3,validated,,170.66023333333337,47.31330000000001,,,strict,2,0.0,0.0,0,165888,165.91550000000004,172.31076666666664,123.34693333333335,,3.47251553876049e-05,1.0026877145884914e-07
go2,inverse_dynamics_gradient,grid_torch,1024,collection,float32,analytical,3,validated,,420.43773333333337,124.13673333333332,,,strict,2,0.0,0.0,0,663552,409.03499999999997,427.0973333333333,296.30100000000004,,4.185132851830531e-05,9.949596272089524e-08
go2,inverse_dynamics_gradient,mjx,16,collection,float32,autodiff,3,validated,,756.4097999999999,587.2009666666668,,,strict,2,4.38690185546875e-05,5.267628024102901e-07,0,10368,621.0581999999999,930.9189,169.20883333333313,,8.33867024709889e-05,8.991446644173558e-07
go2,inverse_dynamics_gradient,mjx,32,collection,float32,autodiff,3,validated,,906.4897333333334,709.8969333333333,,,strict,2,4.57763671875e-05,4.0648109040753106e-07,0,20736,884.3295999999999,1108.1992666666665,196.59280000000012,,7.19426106741139e-05,8.923095057615128e-07
go2,inverse_dynamics_gradient,mjx,64,collection,float32,autodiff,3,validated,,1113.7616666666665,631.2559,,,strict,2,4.482269287109375e-05,5.56806808722452e-07,0,41472,1051.5062666666668,1248.0916000000004,482.50576666666655,,7.51818190707354e-05,9.778232431398567e-07
go2,inverse_dynamics_gradient,mjx,128,collection,float32,autodiff,3,validated,,1282.4513666666667,888.9297666666666,,,strict,2,4.673004150390625e-05,6.444513599441531e-07,0,82944,1201.412466666667,1314.1068666666667,393.52160000000003,,6.75524245394854e-05,1.06667259854747e-06
go2,inverse_dynamics_gradient,mjx,256,collection,float32,autodiff,3,validated,,1345.4074666666666,998.3916,,,strict,2,4.291534423828125e-05,6.541652257937906e-07,0,165888,1183.2369333333334,1598.0056,347.0158666666665,,6.81279134084889e-05,1.1012029721810765e-06
go2,inverse_dynamics_gradient,mjx,1024,collection,float32,autodiff,3,validated,,3185.7915999999996,2382.3456333333334,,,strict,2,6.866455078125e-05,6.582728601835647e-07,0,663552,3134.959233333333,3433.3633,803.4459666666662,,8.757958518401665e-05,1.1657940124053735e-06
go2,inverse_dynamics_gradient,mujoco_cpu,16,collection,unknown,unknown,3,adapter_pending,no matched full tangent-space derivative adapter,,,,,strict,2,,,0,0,,,,,,
go2,inverse_dynamics_gradient,mujoco_cpu,32,collection,unknown,unknown,3,adapter_pending,no matched full tangent-space derivative adapter,,,,,strict,2,,,0,0,,,,,,
go2,inverse_dynamics_gradient,mujoco_cpu,64,collection,unknown,unknown,3,adapter_pending,no matched full tangent-space derivative adapter,,,,,strict,2,,,0,0,,,,,,
go2,inverse_dynamics_gradient,mujoco_cpu,128,collection,unknown,unknown,3,adapter_pending,no matched full tangent-space derivative adapter,,,,,strict,2,,,0,0,,,,,,
go2,inverse_dynamics_gradient,mujoco_cpu,256,collection,unknown,unknown,3,adapter_pending,no matched full tangent-space derivative adapter,,,,,strict,2,,,0,0,,,,,,
go2,inverse_dynamics_gradient,mujoco_cpu,1024,collection,unknown,unknown,3,adapter_pending,no matched full tangent-space derivative adapter,,,,,strict,2,,,0,0,,,,,,
go2,inverse_dynamics_gradient,pinocchio,16,collection,float32,codegen,3,validated,,18.15866666666667,,,8,strict,2,0.0,0.0,0,10368,18.153133333333336,18.252533333333336,,,3.635557588133054e-05,1.7977978033127544e-07
go2,inverse_dynamics_gradient,pinocchio,32,collection,float32,codegen,3,validated,,26.292066666666663,,,8,strict,2,0.0,0.0,0,20736,26.217899999999997,26.559666666666665,,,3.771331040525183e-05,1.4937882508531856e-07
go2,inverse_dynamics_gradient,pinocchio,64,collection,float32,codegen,3,validated,,42.1222,,,8,strict,2,0.0,0.0,0,41472,42.06596666666667,42.2519,,,3.771331040525183e-05,1.5333612141813536e-07
go2,inverse_dynamics_gradient,pinocchio,128,collection,float32,codegen,3,validated,,70.1876,,,8,strict,2,0.0,0.0,0,82944,67.59346666666666,74.0886,,,3.771331040525183e-05,1.597046539454011e-07
go2,inverse_dynamics_gradient,pinocchio,256,collection,float32,codegen,3,validated,,136.3174,,,8,strict,2,0.0,0.0,0,165888,122.6017,330.61479999999995,,,4.284302680446217e-05,1.6874571932270667e-07
go2,inverse_dynamics_gradient,pinocchio,1024,collection,float32,codegen,3,validated,,697.0809333333333,,,8,strict,2,0.0,0.0,0,663552,451.8225,712.0837666666667,,,5.190838302837619e-05,1.7621734623732093e-07
go2,inverse_dynamics_gradient,pinocchio_plain,16,collection,float32,standard Pinocchio API (no codegen),3,validated,,22.109833333333327,,,8,strict,2,0.0,0.0,0,10368,22.10496666666667,22.407699999999995,,,4.6314486976228864e-05,1.9001654496150944e-07
go2,inverse_dynamics_gradient,pinocchio_plain,32,collection,float32,standard Pinocchio API (no codegen),3,validated,,33.80233333333333,,,8,strict,2,0.0,0.0,0,20736,33.528733333333335,34.116233333333334,,,4.6314486976228864e-05,1.559480224247335e-07
go2,inverse_dynamics_gradient,pinocchio_plain,64,collection,float32,standard Pinocchio API (no codegen),3,validated,,56.746,,,8,strict,2,0.0,0.0,0,41472,56.190999999999995,57.06933333333333,,,4.6314486976228864e-05,1.4077917284867691e-07
go2,inverse_dynamics_gradient,pinocchio_plain,128,collection,float32,standard Pinocchio API (no codegen),3,validated,,99.74403333333333,,,8,strict,2,0.0,0.0,0,82944,98.86983333333332,102.60526666666667,,,4.6314486976228864e-05,1.4993968756405828e-07
go2,inverse_dynamics_gradient,pinocchio_plain,256,collection,float32,standard Pinocchio API (no codegen),3,validated,,186.9408666666667,,,8,strict,2,0.0,0.0,0,165888,186.57116666666667,351.6464,,,5.632088101492627e-05,1.5886816261607602e-07
go2,inverse_dynamics_gradient,pinocchio_plain,1024,collection,float32,standard Pinocchio API (no codegen),3,validated,,965.8252000000001,,,8,strict,2,0.0,0.0,0,663552,716.7937666666668,995.6669666666669,,,5.632088101492627e-05,1.7331838668919128e-07
go2,minv,bard,16,collection,unknown,unknown,3,adapter_pending,selected operation not wired; not a library capability claim,,,,,fp32-fd-warnings,2,,,0,0,,,,,,
go2,minv,bard,32,collection,unknown,unknown,3,adapter_pending,selected operation not wired; not a library capability claim,,,,,fp32-fd-warnings,2,,,0,0,,,,,,
go2,minv,bard,64,collection,unknown,unknown,3,adapter_pending,selected operation not wired; not a library capability claim,,,,,fp32-fd-warnings,2,,,0,0,,,,,,
go2,minv,bard,128,collection,unknown,unknown,3,adapter_pending,selected operation not wired; not a library capability claim,,,,,fp32-fd-warnings,2,,,0,0,,,,,,
go2,minv,bard,256,collection,unknown,unknown,3,adapter_pending,selected operation not wired; not a library capability claim,,,,,fp32-fd-warnings,2,,,0,0,,,,,,
go2,minv,bard,1024,collection,unknown,unknown,3,adapter_pending,selected operation not wired; not a library capability claim,,,,,fp32-fd-warnings,2,,,0,0,,,,,,
go2,minv,frax,16,collection,unknown,unknown,3,model_mismatch,existing Frax adapter uses a six-coordinate floating base; shared quaternion fixture needs a validated conversion,,,,,fp32-fd-warnings,2,,,0,0,,,,,,
go2,minv,frax,32,collection,unknown,unknown,3,model_mismatch,existing Frax adapter uses a six-coordinate floating base; shared quaternion fixture needs a validated conversion,,,,,fp32-fd-warnings,2,,,0,0,,,,,,
go2,minv,frax,64,collection,unknown,unknown,3,model_mismatch,existing Frax adapter uses a six-coordinate floating base; shared quaternion fixture needs a validated conversion,,,,,fp32-fd-warnings,2,,,0,0,,,,,,
go2,minv,frax,128,collection,unknown,unknown,3,model_mismatch,existing Frax adapter uses a six-coordinate floating base; shared quaternion fixture needs a validated conversion,,,,,fp32-fd-warnings,2,,,0,0,,,,,,
go2,minv,frax,256,collection,unknown,unknown,3,model_mismatch,existing Frax adapter uses a six-coordinate floating base; shared quaternion fixture needs a validated conversion,,,,,fp32-fd-warnings,2,,,0,0,,,,,,
go2,minv,frax,1024,collection,unknown,unknown,3,model_mismatch,existing Frax adapter uses a six-coordinate floating base; shared quaternion fixture needs a validated conversion,,,,,fp32-fd-warnings,2,,,0,0,,,,,,
go2,minv,grid_cuda,16,collection,float32,analytical,3,validated,,35.36106669108073,25.75846684773763,,128,fp32-fd-warnings,2,0.0,0.0,0,5184,35.35973307291667,35.438300069173174,9.6025998433431,,8.368805833924853e-05,8.402921741097688e-08
go2,minv,grid_cuda,32,collection,float32,analytical,3,validated,,35.96520004272461,25.6318000793457,,128,fp32-fd-warnings,2,0.0,0.0,0,10368,35.91806666056315,36.03689982096354,10.333399963378909,,8.368805833924853e-05,8.02005255122975e-08
go2,minv,grid_cuda,64,collection,float32,analytical,3,validated,,37.4693000793457,25.673733266194663,,128,fp32-fd-warnings,2,0.0,0.0,0,20736,37.44933319091797,37.5267333984375,11.795566813151037,,8.368805833924853e-05,7.885610534518077e-08
go2,minv,grid_cuda,128,collection,float32,analytical,3,validated,,39.97303288777669,25.63673324584961,,128,fp32-fd-warnings,2,0.0,0.0,0,41472,39.91813379923503,40.010433197021484,14.33629964192708,,8.368805833924853e-05,8.251695391880357e-08
go2,minv,grid_cuda,256,collection,float32,analytical,3,validated,,45.33279978434245,26.164400227864583,,128,fp32-fd-warnings,2,0.0,0.0,0,82944,45.287200419108075,45.58939921061198,19.168399556477866,,8.368805833924853e-05,8.0606778269526e-08
go2,minv,grid_cuda,1024,collection,float32,analytical,3,validated,,120.37319971720378,43.55869979858399,,128,fp32-fd-warnings,2,0.0,0.0,0,331776,119.56996714274088,120.86096700032552,76.81449991861979,,8.368805833924853e-05,8.034138614745444e-08
go2,minv,grid_jax,16,collection,float32,analytical,3,validated,,195.2764,54.921200000000006,,,fp32-fd-warnings,2,0.0,0.0,0,5184,158.5608333333333,408.7775,140.3552,,8.368805833924853e-05,8.402921741097688e-08
go2,minv,grid_jax,32,collection,float32,analytical,3,validated,,134.73006666666666,93.99423333333333,,,fp32-fd-warnings,2,0.0,0.0,0,10368,133.38823333333332,210.49670000000003,40.73583333333333,,8.368805833924853e-05,8.02005255122975e-08
go2,minv,grid_jax,64,collection,float32,analytical,3,validated,,675.0999999999999,54.59803333333333,,,fp32-fd-warnings,2,0.0,0.0,0,20736,145.62983333333335,737.4070333333334,620.5019666666666,,8.368805833924853e-05,7.885610534518077e-08
go2,minv,grid_jax,128,collection,float32,analytical,3,validated,,294.80490000000003,60.95143333333333,,,fp32-fd-warnings,2,0.0,0.0,0,41472,161.53336666666667,833.4110999999999,233.8534666666667,,8.368805833924853e-05,8.251695391880357e-08
go2,minv,grid_jax,256,collection,float32,analytical,3,validated,,591.7938666666666,159.49699999999996,,,fp32-fd-warnings,2,0.0,0.0,0,82944,458.8380333333334,599.2556333333334,432.2968666666667,,8.368805833924853e-05,8.0606778269526e-08
go2,minv,grid_jax,1024,collection,float32,analytical,3,validated,,762.0397333333334,72.66046666666666,,,fp32-fd-warnings,2,0.0,0.0,0,331776,552.9538,816.3003,689.3792666666667,,8.368805833924853e-05,8.034138614745444e-08
go2,minv,mjx,16,collection,unknown,unknown,3,adapter_pending,selected operation not wired,,,,,fp32-fd-warnings,2,,,0,0,,,,,,
go2,minv,mjx,32,collection,unknown,unknown,3,adapter_pending,selected operation not wired,,,,,fp32-fd-warnings,2,,,0,0,,,,,,
go2,minv,mjx,64,collection,unknown,unknown,3,adapter_pending,selected operation not wired,,,,,fp32-fd-warnings,2,,,0,0,,,,,,
go2,minv,mjx,128,collection,unknown,unknown,3,adapter_pending,selected operation not wired,,,,,fp32-fd-warnings,2,,,0,0,,,,,,
go2,minv,mjx,256,collection,unknown,unknown,3,adapter_pending,selected operation not wired,,,,,fp32-fd-warnings,2,,,0,0,,,,,,
go2,minv,mjx,1024,collection,unknown,unknown,3,adapter_pending,selected operation not wired,,,,,fp32-fd-warnings,2,,,0,0,,,,,,
go2,minv,mujoco_cpu,16,collection,float64,simulator,3,validated,,140.14256666666668,,,,fp32-fd-warnings,2,0.0,0.0,0,5184,139.71,140.93366666666668,,,0.0010638936247460151,1.0365927984291796e-06
go2,minv,mujoco_cpu,32,collection,float64,simulator,3,validated,,282.3833,,,,fp32-fd-warnings,2,0.0,0.0,0,10368,280.4284666666666,291.23433333333327,,,0.0010638936247460151,9.364339437375011e-07
go2,minv,mujoco_cpu,64,collection,float64,simulator,3,validated,,572.3393000000001,,,,fp32-fd-warnings,2,0.0,0.0,0,20736,571.2132333333334,584.2033,,,0.0010638936247460151,8.547853362652695e-07
go2,minv,mujoco_cpu,128,collection,float64,simulator,3,validated,,1160.3673333333334,,,,fp32-fd-warnings,2,0.0,0.0,0,41472,1159.5322666666666,1189.9945666666667,,,0.0010638936247460151,8.032867961760563e-07
go2,minv,mujoco_cpu,256,collection,float64,simulator,3,validated,,2336.010366666667,,,,fp32-fd-warnings,2,0.0,0.0,0,82944,2329.3498999999997,2390.084366666667,,,0.0010638936247460151,7.725475503114154e-07
go2,minv,mujoco_cpu,1024,collection,float64,simulator,3,validated,,11675.036333333335,,,,fp32-fd-warnings,2,0.0,0.0,0,331776,11660.903066666664,11869.470033333335,,,0.0010638936247460151,7.458899209055345e-07
go2,minv,mujoco_warp,16,collection,unknown,unknown,3,adapter_pending,no dense inverse-inertia output path,,,,,fp32-fd-warnings,2,,,0,0,,,,,,
go2,minv,mujoco_warp,32,collection,unknown,unknown,3,adapter_pending,no dense inverse-inertia output path,,,,,fp32-fd-warnings,2,,,0,0,,,,,,
go2,minv,mujoco_warp,64,collection,unknown,unknown,3,adapter_pending,no dense inverse-inertia output path,,,,,fp32-fd-warnings,2,,,0,0,,,,,,
go2,minv,mujoco_warp,128,collection,unknown,unknown,3,adapter_pending,no dense inverse-inertia output path,,,,,fp32-fd-warnings,2,,,0,0,,,,,,
go2,minv,mujoco_warp,256,collection,unknown,unknown,3,adapter_pending,no dense inverse-inertia output path,,,,,fp32-fd-warnings,2,,,0,0,,,,,,
go2,minv,mujoco_warp,1024,collection,unknown,unknown,3,adapter_pending,no dense inverse-inertia output path,,,,,fp32-fd-warnings,2,,,0,0,,,,,,
go2,minv,pinocchio,16,collection,float32,codegen,3,validated,,13.958666666666666,,,8,fp32-fd-warnings,2,0.0,0.0,0,5184,13.877499999999998,15.183033333333332,,,0.0010168190034391955,9.298736788742175e-07
go2,minv,pinocchio,32,collection,float32,codegen,3,validated,,17.259700000000002,,,8,fp32-fd-warnings,2,0.0,0.0,0,10368,17.132266666666666,17.427466666666668,,,0.0010168190034391955,1.1669625877383592e-06
go2,minv,pinocchio,64,collection,float32,codegen,3,validated,,23.79633333333333,,,8,fp32-fd-warnings,2,0.0,0.0,0,20736,23.5693,24.067933333333336,,,0.0010168190034391955,1.3859657066662878e-06
go2,minv,pinocchio,128,collection,float32,codegen,3,validated,,37.61559999999999,,,8,fp32-fd-warnings,2,0.0,0.0,0,41472,37.3934,38.68246666666666,,,0.0015615498327292698,1.5591687337613833e-06
go2,minv,pinocchio,256,collection,float32,codegen,3,validated,,63.965766666666674,,,8,fp32-fd-warnings,2,0.0,0.0,0,82944,63.550599999999996,64.13633333333333,,,0.0015615498327292698,1.5993141670169448e-06
go2,minv,pinocchio,1024,collection,float32,codegen,3,validated,,222.85256666666672,,,8,fp32-fd-warnings,2,0.0,0.0,0,331776,220.17730000000003,406.91740000000004,,,0.00240323450913138,1.5878804670427602e-06
go2,minv,pinocchio_plain,16,collection,float32,standard Pinocchio API (no codegen),3,validated,,15.66386666666667,,,8,fp32-fd-warnings,2,0.0,0.0,0,5184,15.584033333333332,15.90943333333333,,,0.0007877424185380733,7.792351363700358e-07
go2,minv,pinocchio_plain,32,collection,float32,standard Pinocchio API (no codegen),3,validated,,20.804733333333335,,,8,fp32-fd-warnings,2,0.0,0.0,0,10368,20.769366666666674,20.910933333333332,,,0.0007877424185380733,1.0847963531286194e-06
go2,minv,pinocchio_plain,64,collection,float32,standard Pinocchio API (no codegen),3,validated,,31.013066666666663,,,8,fp32-fd-warnings,2,0.0,0.0,0,20736,30.931899999999995,31.115433333333332,,,0.0009387454446709853,1.2398563033513988e-06
go2,minv,pinocchio_plain,128,collection,float32,standard Pinocchio API (no codegen),3,validated,,45.94780000000001,,,8,fp32-fd-warnings,2,0.0,0.0,0,41472,44.932299999999984,52.663799999999995,,,0.0009794025077667357,1.4387768888844901e-06
go2,minv,pinocchio_plain,256,collection,float32,standard Pinocchio API (no codegen),3,validated,,83.34263333333335,,,8,fp32-fd-warnings,2,0.0,0.0,0,82944,83.2183,88.12293333333332,,,0.0009794025077667357,1.3897855975429428e-06
go2,minv,pinocchio_plain,1024,collection,float32,standard Pinocchio API (no codegen),3,validated,,295.4704333333333,,,8,fp32-fd-warnings,2,0.0,0.0,0,331776,295.10233333333326,296.27286666666663,,,0.002465193265607013,1.4599278034253034e-06
go2,nonlinear_effects,bard,16,collection,float32,library dynamics,3,validated,,1769.011566666667,1723.6709333333333,,,fp32-fd-warnings,2,2.288818359375e-05,1.6973078834440023e-08,0,288,1764.009166666667,1821.0935000000002,45.3406333333337,,7.719893983448856e-05,7.85792350550397e-08
go2,nonlinear_effects,bard,32,collection,float32,library dynamics,3,validated,,1807.239733333333,1750.5309666666665,,,fp32-fd-warnings,2,2.288818359375e-05,2.544793991625694e-08,0,576,1800.1355999999998,1852.6795000000004,56.708766666666634,,7.719893983448856e-05,8.81101303440657e-08
go2,nonlinear_effects,bard,64,collection,float32,library dynamics,3,validated,,1856.2308333333333,1811.6894333333335,,,fp32-fd-warnings,2,3.0517578125e-05,3.4590423443969646e-08,0,1152,1813.2752,1857.5626333333337,44.54139999999984,,7.719893983448856e-05,9.526875499173918e-08
go2,nonlinear_effects,bard,128,collection,float32,library dynamics,3,validated,,1869.5550666666666,1805.106233333333,,,fp32-fd-warnings,2,0.0,0.0,0,2304,1861.9269333333332,1896.2537000000002,64.4488333333336,,7.719893983448856e-05,1.0122542448575001e-07
go2,nonlinear_effects,bard,256,collection,float32,library dynamics,3,validated,,1876.5037000000002,1801.867666666666,,,fp32-fd-warnings,2,0.0,0.0,0,4608,1821.779,1904.4590666666663,74.63603333333413,,7.719893983448856e-05,1.1318312155156787e-07
go2,nonlinear_effects,bard,1024,collection,float32,library dynamics,3,validated,,1894.7174,1813.1998999999996,,,fp32-fd-warnings,2,0.0,0.0,0,18432,1838.5434333333333,1951.2904,81.51750000000038,,7.719893983448856e-05,1.2487939128866672e-07
go2,nonlinear_effects,frax,16,collection,unknown,unknown,3,model_mismatch,existing Frax adapter uses a six-coordinate floating base; shared quaternion fixture needs a validated conversion,,,,,fp32-fd-warnings,2,,,0,0,,,,,,
go2,nonlinear_effects,frax,32,collection,unknown,unknown,3,model_mismatch,existing Frax adapter uses a six-coordinate floating base; shared quaternion fixture needs a validated conversion,,,,,fp32-fd-warnings,2,,,0,0,,,,,,
go2,nonlinear_effects,frax,64,collection,unknown,unknown,3,model_mismatch,existing Frax adapter uses a six-coordinate floating base; shared quaternion fixture needs a validated conversion,,,,,fp32-fd-warnings,2,,,0,0,,,,,,
go2,nonlinear_effects,frax,128,collection,unknown,unknown,3,model_mismatch,existing Frax adapter uses a six-coordinate floating base; shared quaternion fixture needs a validated conversion,,,,,fp32-fd-warnings,2,,,0,0,,,,,,
go2,nonlinear_effects,frax,256,collection,unknown,unknown,3,model_mismatch,existing Frax adapter uses a six-coordinate floating base; shared quaternion fixture needs a validated conversion,,,,,fp32-fd-warnings,2,,,0,0,,,,,,
go2,nonlinear_effects,frax,1024,collection,unknown,unknown,3,model_mismatch,existing Frax adapter uses a six-coordinate floating base; shared quaternion fixture needs a validated conversion,,,,,fp32-fd-warnings,2,,,0,0,,,,,,
go2,nonlinear_effects,grid_cuda,16,collection,float32,analytical,3,validated,,27.943766276041668,22.091399892171225,,224,fp32-fd-warnings,2,0.0,0.0,0,288,27.74366683959961,27.963099924723306,5.852366383870443,,7.719893983448856e-05,6.06506104388638e-08
go2,nonlinear_effects,grid_cuda,32,collection,float32,analytical,3,validated,,27.87753346761068,21.843666330973306,,224,fp32-fd-warnings,2,0.0,0.0,0,576,27.764599609375,27.893133799235027,6.033867136637372,,7.719893983448856e-05,6.383787828347875e-08
go2,nonlinear_effects,grid_cuda,64,collection,float32,analytical,3,validated,,28.379500071207683,21.93383305867513,,224,fp32-fd-warnings,2,0.0,0.0,0,1152,28.356166330973306,28.43616689046224,6.445667012532553,,7.719893983448856e-05,6.936087837660784e-08
go2,nonlinear_effects,grid_cuda,128,collection,float32,analytical,3,validated,,28.653300221761068,21.870499674479166,,224,fp32-fd-warnings,2,0.0,0.0,0,2304,28.646867116292317,28.656499735514323,6.7828005472819015,,7.719893983448856e-05,8.001957634973838e-08
go2,nonlinear_effects,grid_cuda,256,collection,float32,analytical,3,validated,,28.86296641031901,21.413666025797525,,224,fp32-fd-warnings,2,0.0,0.0,0,4608,28.7116335550944,29.002666473388672,7.449300384521486,,7.719893983448856e-05,8.75991004043945e-08
go2,nonlinear_effects,grid_cuda,1024,collection,float32,analytical,3,validated,,71.97163340250651,54.22763315836588,,224,fp32-fd-warnings,2,0.0,0.0,0,18432,69.13423334757486,74.09066619873047,17.74400024414063,,7.719893983448856e-05,9.742616920274671e-08
go2,nonlinear_effects,grid_jax,16,collection,float32,analytical,3,validated,,165.93720000000002,59.9415,,,fp32-fd-warnings,2,0.0,0.0,0,288,164.7999333333333,190.591,105.99570000000003,,7.719893983448856e-05,6.06506104388638e-08
go2,nonlinear_effects,grid_jax,32,collection,float32,analytical,3,validated,,164.08136666666667,48.79343333333333,,,fp32-fd-warnings,2,0.0,0.0,0,576,163.56463333333332,168.43936666666664,115.28793333333334,,7.719893983448856e-05,6.383787828347875e-08
go2,nonlinear_effects,grid_jax,64,collection,float32,analytical,3,validated,,204.121,65.183,,,fp32-fd-warnings,2,0.0,0.0,0,1152,158.68359999999998,212.5725333333333,138.938,,7.719893983448856e-05,6.936087837660784e-08
go2,nonlinear_effects,grid_jax,128,collection,float32,analytical,3,validated,,170.53946666666664,67.32570000000001,,,fp32-fd-warnings,2,0.0,0.0,0,2304,168.32046666666668,208.59243333333333,103.21376666666663,,7.719893983448856e-05,8.001957634973838e-08
go2,nonlinear_effects,grid_jax,256,collection,float32,analytical,3,validated,,191.69026666666664,59.98736666666667,,,fp32-fd-warnings,2,0.0,0.0,0,4608,166.0049666666667,207.18886666666666,131.70289999999997,,7.719893983448856e-05,8.75991004043945e-08
go2,nonlinear_effects,grid_jax,1024,collection,float32,analytical,3,validated,,244.5977,90.68393333333333,,,fp32-fd-warnings,2,0.0,0.0,0,18432,213.80749999999998,294.4518333333333,153.91376666666667,,7.719893983448856e-05,9.742616920274671e-08
go2,nonlinear_effects,mjx,16,collection,float32,simulator inverse dynamics at zero acceleration,3,validated,,526.6998,187.72643333333335,,,fp32-fd-warnings,2,3.0517578125e-05,9.70191652980041e-08,0,288,353.3620666666666,564.0980333333333,,negative total-minus-resident in at least one repeat; recollect,7.581461291295e-05,1.975768523141403e-07
go2,nonlinear_effects,mjx,32,collection,float32,simulator inverse dynamics at zero acceleration,3,validated,,313.4234666666667,191.85440000000006,,,fp32-fd-warnings,2,6.103515625e-05,1.0562555638135952e-07,0,576,301.7644,609.6640333333331,121.56906666666663,,7.581461291295e-05,1.548893906200726e-07
go2,nonlinear_effects,mjx,64,collection,float32,simulator inverse dynamics at zero acceleration,3,validated,,373.7592666666667,141.8454,,,fp32-fd-warnings,2,6.103515625e-05,1.0095494425240685e-07,0,1152,365.01493333333326,543.2317,231.91386666666668,,6.81852183817e-05,1.2740312227462858e-07
go2,nonlinear_effects,mjx,128,collection,float32,simulator inverse dynamics at zero acceleration,3,validated,,514.5387999999999,207.3158333333333,,,fp32-fd-warnings,2,6.103515625e-05,8.411948220194711e-08,0,2304,403.46160000000003,559.6800333333333,307.2229666666666,,7.581461291295e-05,1.1665655124610922e-07
go2,nonlinear_effects,mjx,256,collection,float32,simulator inverse dynamics at zero acceleration,3,validated,,412.4118333333333,294.2923666666667,,,fp32-fd-warnings,2,6.103515625e-05,7.777623114570743e-08,0,4608,405.3248333333333,487.8883999999999,118.1194666666666,,7.581461291295e-05,1.0792985108332664e-07
go2,nonlinear_effects,mjx,1024,collection,float32,simulator inverse dynamics at zero acceleration,3,validated,,775.4827000000001,407.0747333333333,,,fp32-fd-warnings,2,4.57763671875e-05,7.293547009549036e-08,0,18432,644.4132000000001,913.6553666666666,368.4079666666668,,6.81852183817e-05,9.658215254637186e-08
go2,nonlinear_effects,mujoco_cpu,16,collection,float64,simulator inverse dynamics at zero acceleration,3,validated,,63.064033333333334,,,,fp32-fd-warnings,2,0.0,0.0,0,288,63.04036666666668,63.188933333333324,,,1.052533664847033e-05,4.3935183303201755e-08
go2,nonlinear_effects,mujoco_cpu,32,collection,float64,simulator inverse dynamics at zero acceleration,3,validated,,127.3359,,,,fp32-fd-warnings,2,0.0,0.0,0,576,124.73743333333331,128.38923333333335,,,1.6518351372951656e-05,4.596388585754201e-08
go2,nonlinear_effects,mujoco_cpu,64,collection,float64,simulator inverse dynamics at zero acceleration,3,validated,,258.6412666666667,,,,fp32-fd-warnings,2,0.0,0.0,0,1152,257.0049666666667,264.5858,,,1.6984248588869377e-05,4.44912391081523e-08
go2,nonlinear_effects,mujoco_cpu,128,collection,float64,simulator inverse dynamics at zero acceleration,3,validated,,544.2901333333334,,,,fp32-fd-warnings,2,0.0,0.0,0,2304,543.9777666666666,547.1490333333333,,,1.6984248588869377e-05,4.6168131759046545e-08
go2,nonlinear_effects,mujoco_cpu,256,collection,float64,simulator inverse dynamics at zero acceleration,3,validated,,1101.8231333333335,,,,fp32-fd-warnings,2,0.0,0.0,0,4608,1099.6250666666667,1105.9815666666666,,,2.3138908886721765e-05,4.651603000826443e-08
go2,nonlinear_effects,mujoco_cpu,1024,collection,float64,simulator inverse dynamics at zero acceleration,3,validated,,6364.201666666666,,,,fp32-fd-warnings,2,0.0,0.0,0,18432,6209.9857,6379.746033333335,,,2.3138908886721765e-05,4.4983406029559065e-08
go2,nonlinear_effects,mujoco_warp,16,collection,float32,simulator inverse dynamics at zero acceleration,3,validated,,148.9985,117.31230000000002,749.2601666666668,,fp32-fd-warnings,2,7.62939453125e-06,1.2342443637409026e-08,0,288,148.77080000000004,149.22269999999997,31.686199999999985,,3.777300362273195e-05,1.2685161258249336e-07
go2,nonlinear_effects,mujoco_warp,32,collection,float32,simulator inverse dynamics at zero acceleration,3,validated,,158.69183333333336,124.80486666666667,747.0031333333333,,fp32-fd-warnings,2,3.0517578125e-05,5.877936469279e-08,0,576,158.62140000000002,160.36136666666664,33.886966666666694,,3.777300362273195e-05,1.1878544625112844e-07
go2,nonlinear_effects,mujoco_warp,64,collection,float32,simulator inverse dynamics at zero acceleration,3,validated,,171.88639999999998,135.9435,771.3822666666666,,fp32-fd-warnings,2,3.0517578125e-05,4.1713439453901916e-08,0,1152,171.16473333333332,173.54683333333332,35.94289999999998,,3.777300362273195e-05,1.0778216845892813e-07
go2,nonlinear_effects,mujoco_warp,128,collection,float32,simulator inverse dynamics at zero acceleration,3,validated,,176.41579999999996,141.25216666666668,766.5753999999998,,fp32-fd-warnings,2,3.0517578125e-05,3.926292982340664e-08,0,2304,175.62566666666672,176.76336666666668,35.16363333333328,,4.276951031556564e-05,1.0064452537146194e-07
go2,nonlinear_effects,mujoco_warp,256,collection,float32,simulator inverse dynamics at zero acceleration,3,validated,,180.18159999999995,144.43400000000003,766.6607666666666,,fp32-fd-warnings,2,3.0517578125e-05,3.20479961809507e-08,0,4608,179.34863333333334,181.36400000000003,35.74759999999992,,5.500360330756848e-05,9.798511524557335e-08
go2,nonlinear_effects,mujoco_warp,1024,collection,float32,simulator inverse dynamics at zero acceleration,3,validated,,209.19746666666666,160.42583333333334,773.7006666666667,,fp32-fd-warnings,2,4.57763671875e-05,2.8330231327544107e-08,0,18432,208.75640000000004,209.67929999999996,48.77163333333331,,5.500360330756848e-05,1.0020587680327404e-07
go2,nonlinear_effects,pinocchio,16,collection,float32,codegen RNEA at zero acceleration/velocity,3,validated,,7.086033333333334,,,1,fp32-fd-warnings,2,0.0,0.0,0,288,6.806833333333333,7.167833333333333,,,7.719893983448856e-05,6.409743078171029e-08
go2,nonlinear_effects,pinocchio,32,collection,float32,codegen RNEA at zero acceleration/velocity,3,validated,,11.972333333333333,,,1/8,fp32-fd-warnings,2,0.0,0.0,0,576,11.913133333333333,11.9973,,,7.719893983448856e-05,6.637642914223252e-08
go2,nonlinear_effects,pinocchio,64,collection,float32,codegen RNEA at zero acceleration/velocity,3,validated,,13.547333333333333,,,8,fp32-fd-warnings,2,0.0,0.0,0,1152,13.390866666666664,13.649366666666669,,,7.719893983448856e-05,7.282428231118554e-08
go2,nonlinear_effects,pinocchio,128,collection,float32,codegen RNEA at zero acceleration/velocity,3,validated,,16.033533333333335,,,8,fp32-fd-warnings,2,0.0,0.0,0,2304,15.810133333333335,17.0237,,,7.719893983448856e-05,8.251545732031497e-08
go2,nonlinear_effects,pinocchio,256,collection,float32,codegen RNEA at zero acceleration/velocity,3,validated,,21.542733333333338,,,8,fp32-fd-warnings,2,0.0,0.0,0,4608,21.485466666666664,21.697366666666664,,,7.719893983448856e-05,8.895545286190242e-08
go2,nonlinear_effects,pinocchio,1024,collection,float32,codegen RNEA at zero acceleration/velocity,3,validated,,49.7096,,,8,fp32-fd-warnings,2,0.0,0.0,0,18432,49.16866666666667,54.75086666666667,,,7.719893983448856e-05,9.609874159357832e-08
go2,nonlinear_effects,pinocchio_plain,16,collection,float32,standard Pinocchio API (no codegen),3,validated,,12.793399999999995,,,1/8,fp32-fd-warnings,2,0.0,0.0,0,288,12.752766666666668,13.338700000000001,,,8.788870843545737e-05,7.6555509029192e-08
go2,nonlinear_effects,pinocchio_plain,32,collection,float32,standard Pinocchio API (no codegen),3,validated,,13.859566666666662,,,8,fp32-fd-warnings,2,0.0,0.0,0,576,13.636033333333332,13.887333333333334,,,8.788870843545737e-05,7.652596534066958e-08
go2,nonlinear_effects,pinocchio_plain,64,collection,float32,standard Pinocchio API (no codegen),3,validated,,17.19366666666667,,,8,fp32-fd-warnings,2,0.0,0.0,0,1152,17.0,18.375833333333333,,,8.788870843545737e-05,7.844109604039832e-08
go2,nonlinear_effects,pinocchio_plain,128,collection,float32,standard Pinocchio API (no codegen),3,validated,,24.330133333333336,,,8,fp32-fd-warnings,2,0.0,0.0,0,2304,24.289199999999997,24.781866666666662,,,8.788870843545737e-05,8.634002856973853e-08
go2,nonlinear_effects,pinocchio_plain,256,collection,float32,standard Pinocchio API (no codegen),3,validated,,39.103833333333334,,,8,fp32-fd-warnings,2,0.0,0.0,0,4608,38.63226666666666,39.235166666666665,,,8.788870843545737e-05,9.044259217904076e-08
go2,nonlinear_effects,pinocchio_plain,1024,collection,float32,standard Pinocchio API (no codegen),3,validated,,107.91976666666666,,,8,fp32-fd-warnings,2,0.0,0.0,0,18432,106.17740000000002,321.8646666666667,,,8.788870843545737e-05,9.705230861090845e-08
iiwa14,ccrba,bard,16,collection,unknown,unknown,3,adapter_pending,no matched centroidal-momentum / Coriolis-matrix output in this library's public API,,,,,fp32-fd-warnings,2,,,0,0,,,,,,
iiwa14,ccrba,bard,32,collection,unknown,unknown,3,adapter_pending,no matched centroidal-momentum / Coriolis-matrix output in this library's public API,,,,,fp32-fd-warnings,2,,,0,0,,,,,,
iiwa14,ccrba,bard,64,collection,unknown,unknown,3,adapter_pending,no matched centroidal-momentum / Coriolis-matrix output in this library's public API,,,,,fp32-fd-warnings,2,,,0,0,,,,,,
iiwa14,ccrba,bard,128,collection,unknown,unknown,3,adapter_pending,no matched centroidal-momentum / Coriolis-matrix output in this library's public API,,,,,fp32-fd-warnings,2,,,0,0,,,,,,
iiwa14,ccrba,bard,256,collection,unknown,unknown,3,adapter_pending,no matched centroidal-momentum / Coriolis-matrix output in this library's public API,,,,,fp32-fd-warnings,2,,,0,0,,,,,,
iiwa14,ccrba,bard,1024,collection,unknown,unknown,3,adapter_pending,no matched centroidal-momentum / Coriolis-matrix output in this library's public API,,,,,fp32-fd-warnings,2,,,0,0,,,,,,
iiwa14,ccrba,frax,16,collection,unknown,unknown,3,adapter_pending,no matched centroidal-momentum / Coriolis-matrix output in this library's public API,,,,,fp32-fd-warnings,2,,,0,0,,,,,,
iiwa14,ccrba,frax,32,collection,unknown,unknown,3,adapter_pending,no matched centroidal-momentum / Coriolis-matrix output in this library's public API,,,,,fp32-fd-warnings,2,,,0,0,,,,,,
iiwa14,ccrba,frax,64,collection,unknown,unknown,3,adapter_pending,no matched centroidal-momentum / Coriolis-matrix output in this library's public API,,,,,fp32-fd-warnings,2,,,0,0,,,,,,
iiwa14,ccrba,frax,128,collection,unknown,unknown,3,adapter_pending,no matched centroidal-momentum / Coriolis-matrix output in this library's public API,,,,,fp32-fd-warnings,2,,,0,0,,,,,,
iiwa14,ccrba,frax,256,collection,unknown,unknown,3,adapter_pending,no matched centroidal-momentum / Coriolis-matrix output in this library's public API,,,,,fp32-fd-warnings,2,,,0,0,,,,,,
iiwa14,ccrba,frax,1024,collection,unknown,unknown,3,adapter_pending,no matched centroidal-momentum / Coriolis-matrix output in this library's public API,,,,,fp32-fd-warnings,2,,,0,0,,,,,,
iiwa14,ccrba,grid_cuda,16,collection,float32,analytical,3,validated,,27.349466705322264,21.48449961344401,,128,fp32-fd-warnings,2,0.0,0.0,0,768,27.171766662597655,27.415067036946613,5.864967091878253,,3.2300416528130427e-06,1.4179590588388005e-07
iiwa14,ccrba,grid_cuda,32,collection,float32,analytical,3,validated,,27.595300038655598,21.54173380533854,,128,fp32-fd-warnings,2,0.0,0.0,0,1536,27.506199900309245,27.60336685180664,6.053566233317056,,3.2300416528130427e-06,1.3799244081035247e-07
iiwa14,ccrba,grid_cuda,64,collection,float32,analytical,3,validated,,27.767066192626952,21.482666524251304,,128,fp32-fd-warnings,2,0.0,0.0,0,3072,27.760633087158205,27.841799926757812,6.284399668375649,,3.2300416528130427e-06,1.3713677686178665e-07
iiwa14,ccrba,grid_cuda,128,collection,float32,analytical,3,validated,,28.155933888753257,21.58949991861979,,128,fp32-fd-warnings,2,0.0,0.0,0,6144,28.109132893880208,28.348766581217447,6.566433970133467,,3.2300416528130427e-06,1.3257867191748251e-07
iiwa14,ccrba,grid_cuda,256,collection,float32,analytical,3,validated,,29.812366739908853,22.069400024414062,,128,fp32-fd-warnings,2,0.0,0.0,0,12288,29.802033996582033,29.900299326578775,7.742966715494791,,3.2300416528130427e-06,1.324819586406255e-07
iiwa14,ccrba,grid_cuda,1024,collection,float32,analytical,3,validated,,51.19746678670247,37.72366714477539,,128,fp32-fd-warnings,2,0.0,0.0,0,49152,51.07846705118815,51.35266647338867,13.47379964192708,,3.2300416528130427e-06,1.3962272556735496e-07
iiwa14,ccrba,grid_jax,16,collection,float32,analytical,3,validated,,186.75796666666668,53.096666666666664,,,fp32-fd-warnings,2,0.0,0.0,0,768,184.40893333333332,256.9787,133.6613,,3.2300416528130427e-06,1.4179590588388003e-07
iiwa14,ccrba,grid_jax,32,collection,float32,analytical,3,validated,,197.8384333333333,52.2385,,,fp32-fd-warnings,2,0.0,0.0,0,1536,184.3946333333333,226.79250000000002,145.5999333333333,,3.2300416528130427e-06,1.3799244081035244e-07
iiwa14,ccrba,grid_jax,64,collection,float32,analytical,3,validated,,187.1848,62.676500000000004,,,fp32-fd-warnings,2,0.0,0.0,0,3072,181.21393333333336,188.7369333333333,124.50829999999999,,3.2300416528130427e-06,1.3713677686178665e-07
iiwa14,ccrba,grid_jax,128,collection,float32,analytical,3,validated,,188.37346666666662,68.82516666666668,,,fp32-fd-warnings,2,0.0,0.0,0,6144,181.88999999999996,190.65823333333336,119.54829999999994,,3.2300416528130427e-06,1.3257867191748254e-07
iiwa14,ccrba,grid_jax,256,collection,float32,analytical,3,validated,,192.17523333333335,53.506866666666674,,,fp32-fd-warnings,2,0.0,0.0,0,12288,187.20366666666672,195.287,138.66836666666669,,3.2300416528130427e-06,1.324819586406255e-07
iiwa14,ccrba,grid_jax,1024,collection,float32,analytical,3,validated,,246.94096666666667,74.14450000000001,,,fp32-fd-warnings,2,0.0,0.0,0,49152,224.44770000000003,273.9506666666667,172.79646666666667,,3.2300416528130427e-06,1.3962272556735496e-07
iiwa14,ccrba,mjx,16,collection,unknown,unknown,3,adapter_pending,no matched centroidal-momentum / Coriolis-matrix output in this library's public API,,,,,fp32-fd-warnings,2,,,0,0,,,,,,
iiwa14,ccrba,mjx,32,collection,unknown,unknown,3,adapter_pending,no matched centroidal-momentum / Coriolis-matrix output in this library's public API,,,,,fp32-fd-warnings,2,,,0,0,,,,,,
iiwa14,ccrba,mjx,64,collection,unknown,unknown,3,adapter_pending,no matched centroidal-momentum / Coriolis-matrix output in this library's public API,,,,,fp32-fd-warnings,2,,,0,0,,,,,,
iiwa14,ccrba,mjx,128,collection,unknown,unknown,3,adapter_pending,no matched centroidal-momentum / Coriolis-matrix output in this library's public API,,,,,fp32-fd-warnings,2,,,0,0,,,,,,
iiwa14,ccrba,mjx,256,collection,unknown,unknown,3,adapter_pending,no matched centroidal-momentum / Coriolis-matrix output in this library's public API,,,,,fp32-fd-warnings,2,,,0,0,,,,,,
iiwa14,ccrba,mjx,1024,collection,unknown,unknown,3,adapter_pending,no matched centroidal-momentum / Coriolis-matrix output in this library's public API,,,,,fp32-fd-warnings,2,,,0,0,,,,,,
iiwa14,ccrba,mujoco_cpu,16,collection,unknown,unknown,3,adapter_pending,no matched centroidal-momentum / Coriolis-matrix output in this library's public API,,,,,fp32-fd-warnings,2,,,0,0,,,,,,
iiwa14,ccrba,mujoco_cpu,32,collection,unknown,unknown,3,adapter_pending,no matched centroidal-momentum / Coriolis-matrix output in this library's public API,,,,,fp32-fd-warnings,2,,,0,0,,,,,,
iiwa14,ccrba,mujoco_cpu,64,collection,unknown,unknown,3,adapter_pending,no matched centroidal-momentum / Coriolis-matrix output in this library's public API,,,,,fp32-fd-warnings,2,,,0,0,,,,,,
iiwa14,ccrba,mujoco_cpu,128,collection,unknown,unknown,3,adapter_pending,no matched centroidal-momentum / Coriolis-matrix output in this library's public API,,,,,fp32-fd-warnings,2,,,0,0,,,,,,
iiwa14,ccrba,mujoco_cpu,256,collection,unknown,unknown,3,adapter_pending,no matched centroidal-momentum / Coriolis-matrix output in this library's public API,,,,,fp32-fd-warnings,2,,,0,0,,,,,,
iiwa14,ccrba,mujoco_cpu,1024,collection,unknown,unknown,3,adapter_pending,no matched centroidal-momentum / Coriolis-matrix output in this library's public API,,,,,fp32-fd-warnings,2,,,0,0,,,,,,
iiwa14,ccrba,mujoco_warp,16,collection,unknown,unknown,3,adapter_pending,no matched centroidal-momentum / Coriolis-matrix output in this library's public API,,,,,fp32-fd-warnings,2,,,0,0,,,,,,
iiwa14,ccrba,mujoco_warp,32,collection,unknown,unknown,3,adapter_pending,no matched centroidal-momentum / Coriolis-matrix output in this library's public API,,,,,fp32-fd-warnings,2,,,0,0,,,,,,
iiwa14,ccrba,mujoco_warp,64,collection,unknown,unknown,3,adapter_pending,no matched centroidal-momentum / Coriolis-matrix output in this library's public API,,,,,fp32-fd-warnings,2,,,0,0,,,,,,
iiwa14,ccrba,mujoco_warp,128,collection,unknown,unknown,3,adapter_pending,no matched centroidal-momentum / Coriolis-matrix output in this library's public API,,,,,fp32-fd-warnings,2,,,0,0,,,,,,
iiwa14,ccrba,mujoco_warp,256,collection,unknown,unknown,3,adapter_pending,no matched centroidal-momentum / Coriolis-matrix output in this library's public API,,,,,fp32-fd-warnings,2,,,0,0,,,,,,
iiwa14,ccrba,mujoco_warp,1024,collection,unknown,unknown,3,adapter_pending,no matched centroidal-momentum / Coriolis-matrix output in this library's public API,,,,,fp32-fd-warnings,2,,,0,0,,,,,,
iiwa14,ccrba,pinocchio,16,collection,unknown,unknown,3,adapter_pending,no CppADCodeGen class for this operation; see pinocchio_plain,,,,,fp32-fd-warnings,2,,,0,0,,,,,,
iiwa14,ccrba,pinocchio,32,collection,unknown,unknown,3,adapter_pending,no CppADCodeGen class for this operation; see pinocchio_plain,,,,,fp32-fd-warnings,2,,,0,0,,,,,,
iiwa14,ccrba,pinocchio,64,collection,unknown,unknown,3,adapter_pending,no CppADCodeGen class for this operation; see pinocchio_plain,,,,,fp32-fd-warnings,2,,,0,0,,,,,,
iiwa14,ccrba,pinocchio,128,collection,unknown,unknown,3,adapter_pending,no CppADCodeGen class for this operation; see pinocchio_plain,,,,,fp32-fd-warnings,2,,,0,0,,,,,,
iiwa14,ccrba,pinocchio,256,collection,unknown,unknown,3,adapter_pending,no CppADCodeGen class for this operation; see pinocchio_plain,,,,,fp32-fd-warnings,2,,,0,0,,,,,,
iiwa14,ccrba,pinocchio,1024,collection,unknown,unknown,3,adapter_pending,no CppADCodeGen class for this operation; see pinocchio_plain,,,,,fp32-fd-warnings,2,,,0,0,,,,,,
iiwa14,ccrba,pinocchio_plain,16,collection,float32,standard Pinocchio API (no codegen),3,validated,,10.212666666666667,,,1,fp32-fd-warnings,2,0.0,0.0,0,768,10.175400000000002,10.238433333333335,,,9.86528259616648e-06,3.4031937019648995e-07
iiwa14,ccrba,pinocchio_plain,32,collection,float32,standard Pinocchio API (no codegen),3,validated,,13.667066666666667,,,1/8,fp32-fd-warnings,2,0.0,0.0,0,1536,13.398133333333334,18.262766666666664,,,9.86528259616648e-06,3.260391857514215e-07
iiwa14,ccrba,pinocchio_plain,64,collection,float32,standard Pinocchio API (no codegen),3,validated,,14.9443,,,8,fp32-fd-warnings,2,0.0,0.0,0,3072,14.737333333333336,14.965733333333333,,,9.86528259616648e-06,3.285269140120937e-07
iiwa14,ccrba,pinocchio_plain,128,collection,float32,standard Pinocchio API (no codegen),3,validated,,19.220299999999998,,,8,fp32-fd-warnings,2,0.0,0.0,0,6144,19.2107,19.401466666666668,,,9.86528259616648e-06,3.0943318584311256e-07
iiwa14,ccrba,pinocchio_plain,256,collection,float32,standard Pinocchio API (no codegen),3,validated,,28.4114,,,8,fp32-fd-warnings,2,0.0,0.0,0,12288,28.144633333333335,28.65326666666666,,,9.86528259616648e-06,3.0730098665231313e-07
iiwa14,ccrba,pinocchio_plain,1024,collection,float32,standard Pinocchio API (no codegen),3,validated,,74.93003333333334,,,8,fp32-fd-warnings,2,0.0,0.0,0,49152,74.37736666666667,82.54976666666667,,,9.86528259616648e-06,3.16632213405109e-07
iiwa14,coriolis_matrix,bard,16,collection,unknown,unknown,3,adapter_pending,no matched centroidal-momentum / Coriolis-matrix output in this library's public API,,,,,fp32-fd-warnings,2,,,0,0,,,,,,
iiwa14,coriolis_matrix,bard,32,collection,unknown,unknown,3,adapter_pending,no matched centroidal-momentum / Coriolis-matrix output in this library's public API,,,,,fp32-fd-warnings,2,,,0,0,,,,,,
iiwa14,coriolis_matrix,bard,64,collection,unknown,unknown,3,adapter_pending,no matched centroidal-momentum / Coriolis-matrix output in this library's public API,,,,,fp32-fd-warnings,2,,,0,0,,,,,,
iiwa14,coriolis_matrix,bard,128,collection,unknown,unknown,3,adapter_pending,no matched centroidal-momentum / Coriolis-matrix output in this library's public API,,,,,fp32-fd-warnings,2,,,0,0,,,,,,
iiwa14,coriolis_matrix,bard,256,collection,unknown,unknown,3,adapter_pending,no matched centroidal-momentum / Coriolis-matrix output in this library's public API,,,,,fp32-fd-warnings,2,,,0,0,,,,,,
iiwa14,coriolis_matrix,bard,1024,collection,unknown,unknown,3,adapter_pending,no matched centroidal-momentum / Coriolis-matrix output in this library's public API,,,,,fp32-fd-warnings,2,,,0,0,,,,,,
iiwa14,coriolis_matrix,frax,16,collection,unknown,unknown,3,adapter_pending,no matched centroidal-momentum / Coriolis-matrix output in this library's public API,,,,,fp32-fd-warnings,2,,,0,0,,,,,,
iiwa14,coriolis_matrix,frax,32,collection,unknown,unknown,3,adapter_pending,no matched centroidal-momentum / Coriolis-matrix output in this library's public API,,,,,fp32-fd-warnings,2,,,0,0,,,,,,
iiwa14,coriolis_matrix,frax,64,collection,unknown,unknown,3,adapter_pending,no matched centroidal-momentum / Coriolis-matrix output in this library's public API,,,,,fp32-fd-warnings,2,,,0,0,,,,,,
iiwa14,coriolis_matrix,frax,128,collection,unknown,unknown,3,adapter_pending,no matched centroidal-momentum / Coriolis-matrix output in this library's public API,,,,,fp32-fd-warnings,2,,,0,0,,,,,,
iiwa14,coriolis_matrix,frax,256,collection,unknown,unknown,3,adapter_pending,no matched centroidal-momentum / Coriolis-matrix output in this library's public API,,,,,fp32-fd-warnings,2,,,0,0,,,,,,
iiwa14,coriolis_matrix,frax,1024,collection,unknown,unknown,3,adapter_pending,no matched centroidal-momentum / Coriolis-matrix output in this library's public API,,,,,fp32-fd-warnings,2,,,0,0,,,,,,
iiwa14,coriolis_matrix,grid_cuda,16,collection,float32,analytical,3,validated,,43.84073333740234,36.86120020548503,,320,fp32-fd-warnings,2,0.0,0.0,0,784,43.59766642252604,43.981499989827476,6.979533131917314,,9.4030675173995e-06,7.139217890438851e-07
iiwa14,coriolis_matrix,grid_cuda,32,collection,float32,analytical,3,validated,,43.97416661580404,36.9911003112793,,320,fp32-fd-warnings,2,0.0,0.0,0,1568,43.90556640625,44.74099985758463,6.9830663045247405,,9.4030675173995e-06,7.070127634178983e-07
iiwa14,coriolis_matrix,grid_cuda,64,collection,float32,analytical,3,validated,,44.014966328938804,37.0025998433431,,320,fp32-fd-warnings,2,0.0,0.0,0,3136,44.00789998372396,44.056166585286455,7.012366485595706,,9.4030675173995e-06,7.157775057954748e-07
iiwa14,coriolis_matrix,grid_cuda,128,collection,float32,analytical,3,validated,,44.11000010172526,37.22256647745768,,320,fp32-fd-warnings,2,0.0,0.0,0,6272,44.084100341796876,44.16146647135417,6.8874336242675795,,9.4030675173995e-06,7.221321615267366e-07
iiwa14,coriolis_matrix,grid_cuda,256,collection,float32,analytical,3,validated,,45.1746332804362,39.38476689656576,,320,fp32-fd-warnings,2,0.0,0.0,0,12544,45.08086649576823,45.250999959309894,5.789866383870439,,9.4030675173995e-06,7.243723361878399e-07
iiwa14,coriolis_matrix,grid_cuda,1024,collection,float32,analytical,3,validated,,87.98066660563151,77.22923355102539,,320,fp32-fd-warnings,2,0.0,0.0,0,50176,87.62769978841146,88.05713348388672,10.751433054606125,,9.4030675173995e-06,7.346788479491534e-07
iiwa14,coriolis_matrix,grid_jax,16,collection,float32,analytical,3,validated,,174.6326333333333,60.6273,,,fp32-fd-warnings,2,0.0,0.0,0,784,165.69733333333335,193.71753333333334,114.00533333333331,,9.4030675173995e-06,7.139217890438851e-07
iiwa14,coriolis_matrix,grid_jax,32,collection,float32,analytical,3,validated,,179.2684666666666,60.4025,,,fp32-fd-warnings,2,0.0,0.0,0,1568,168.00653333333332,225.99580000000006,118.8659666666666,,9.4030675173995e-06,7.070127634178983e-07
iiwa14,coriolis_matrix,grid_jax,64,collection,float32,analytical,3,validated,,214.0078333333333,61.45516666666666,,,fp32-fd-warnings,2,0.0,0.0,0,3136,209.13496666666668,214.21016666666668,152.55266666666665,,9.4030675173995e-06,7.157775057954748e-07
iiwa14,coriolis_matrix,grid_jax,128,collection,float32,analytical,3,validated,,178.2387666666667,61.690200000000004,,,fp32-fd-warnings,2,0.0,0.0,0,6272,175.91500000000002,190.47449999999995,116.54856666666669,,9.4030675173995e-06,7.221321615267366e-07
iiwa14,coriolis_matrix,grid_jax,256,collection,float32,analytical,3,validated,,204.04643333333334,62.5849,,,fp32-fd-warnings,2,0.0,0.0,0,12544,179.59736666666666,219.88903333333332,141.46153333333334,,9.4030675173995e-06,7.243723361878399e-07
iiwa14,coriolis_matrix,grid_jax,1024,collection,float32,analytical,3,validated,,388.21273333333335,293.8987,,,fp32-fd-warnings,2,0.0,0.0,0,50176,353.8072333333332,401.67406666666653,,negative total-minus-resident in at least one repeat; recollect,9.4030675173995e-06,7.346788479491534e-07
iiwa14,coriolis_matrix,mjx,16,collection,unknown,unknown,3,adapter_pending,no matched centroidal-momentum / Coriolis-matrix output in this library's public API,,,,,fp32-fd-warnings,2,,,0,0,,,,,,
iiwa14,coriolis_matrix,mjx,32,collection,unknown,unknown,3,adapter_pending,no matched centroidal-momentum / Coriolis-matrix output in this library's public API,,,,,fp32-fd-warnings,2,,,0,0,,,,,,
iiwa14,coriolis_matrix,mjx,64,collection,unknown,unknown,3,adapter_pending,no matched centroidal-momentum / Coriolis-matrix output in this library's public API,,,,,fp32-fd-warnings,2,,,0,0,,,,,,
iiwa14,coriolis_matrix,mjx,128,collection,unknown,unknown,3,adapter_pending,no matched centroidal-momentum / Coriolis-matrix output in this library's public API,,,,,fp32-fd-warnings,2,,,0,0,,,,,,
iiwa14,coriolis_matrix,mjx,256,collection,unknown,unknown,3,adapter_pending,no matched centroidal-momentum / Coriolis-matrix output in this library's public API,,,,,fp32-fd-warnings,2,,,0,0,,,,,,
iiwa14,coriolis_matrix,mjx,1024,collection,unknown,unknown,3,adapter_pending,no matched centroidal-momentum / Coriolis-matrix output in this library's public API,,,,,fp32-fd-warnings,2,,,0,0,,,,,,
iiwa14,coriolis_matrix,mujoco_cpu,16,collection,unknown,unknown,3,adapter_pending,no matched centroidal-momentum / Coriolis-matrix output in this library's public API,,,,,fp32-fd-warnings,2,,,0,0,,,,,,
iiwa14,coriolis_matrix,mujoco_cpu,32,collection,unknown,unknown,3,adapter_pending,no matched centroidal-momentum / Coriolis-matrix output in this library's public API,,,,,fp32-fd-warnings,2,,,0,0,,,,,,
iiwa14,coriolis_matrix,mujoco_cpu,64,collection,unknown,unknown,3,adapter_pending,no matched centroidal-momentum / Coriolis-matrix output in this library's public API,,,,,fp32-fd-warnings,2,,,0,0,,,,,,
iiwa14,coriolis_matrix,mujoco_cpu,128,collection,unknown,unknown,3,adapter_pending,no matched centroidal-momentum / Coriolis-matrix output in this library's public API,,,,,fp32-fd-warnings,2,,,0,0,,,,,,
iiwa14,coriolis_matrix,mujoco_cpu,256,collection,unknown,unknown,3,adapter_pending,no matched centroidal-momentum / Coriolis-matrix output in this library's public API,,,,,fp32-fd-warnings,2,,,0,0,,,,,,
iiwa14,coriolis_matrix,mujoco_cpu,1024,collection,unknown,unknown,3,adapter_pending,no matched centroidal-momentum / Coriolis-matrix output in this library's public API,,,,,fp32-fd-warnings,2,,,0,0,,,,,,
iiwa14,coriolis_matrix,mujoco_warp,16,collection,unknown,unknown,3,adapter_pending,no matched centroidal-momentum / Coriolis-matrix output in this library's public API,,,,,fp32-fd-warnings,2,,,0,0,,,,,,
iiwa14,coriolis_matrix,mujoco_warp,32,collection,unknown,unknown,3,adapter_pending,no matched centroidal-momentum / Coriolis-matrix output in this library's public API,,,,,fp32-fd-warnings,2,,,0,0,,,,,,
iiwa14,coriolis_matrix,mujoco_warp,64,collection,unknown,unknown,3,adapter_pending,no matched centroidal-momentum / Coriolis-matrix output in this library's public API,,,,,fp32-fd-warnings,2,,,0,0,,,,,,
iiwa14,coriolis_matrix,mujoco_warp,128,collection,unknown,unknown,3,adapter_pending,no matched centroidal-momentum / Coriolis-matrix output in this library's public API,,,,,fp32-fd-warnings,2,,,0,0,,,,,,
iiwa14,coriolis_matrix,mujoco_warp,256,collection,unknown,unknown,3,adapter_pending,no matched centroidal-momentum / Coriolis-matrix output in this library's public API,,,,,fp32-fd-warnings,2,,,0,0,,,,,,
iiwa14,coriolis_matrix,mujoco_warp,1024,collection,unknown,unknown,3,adapter_pending,no matched centroidal-momentum / Coriolis-matrix output in this library's public API,,,,,fp32-fd-warnings,2,,,0,0,,,,,,
iiwa14,coriolis_matrix,pinocchio,16,collection,unknown,unknown,3,adapter_pending,no CppADCodeGen class for this operation; see pinocchio_plain,,,,,fp32-fd-warnings,2,,,0,0,,,,,,
iiwa14,coriolis_matrix,pinocchio,32,collection,unknown,unknown,3,adapter_pending,no CppADCodeGen class for this operation; see pinocchio_plain,,,,,fp32-fd-warnings,2,,,0,0,,,,,,
iiwa14,coriolis_matrix,pinocchio,64,collection,unknown,unknown,3,adapter_pending,no CppADCodeGen class for this operation; see pinocchio_plain,,,,,fp32-fd-warnings,2,,,0,0,,,,,,
iiwa14,coriolis_matrix,pinocchio,128,collection,unknown,unknown,3,adapter_pending,no CppADCodeGen class for this operation; see pinocchio_plain,,,,,fp32-fd-warnings,2,,,0,0,,,,,,
iiwa14,coriolis_matrix,pinocchio,256,collection,unknown,unknown,3,adapter_pending,no CppADCodeGen class for this operation; see pinocchio_plain,,,,,fp32-fd-warnings,2,,,0,0,,,,,,
iiwa14,coriolis_matrix,pinocchio,1024,collection,unknown,unknown,3,adapter_pending,no CppADCodeGen class for this operation; see pinocchio_plain,,,,,fp32-fd-warnings,2,,,0,0,,,,,,
iiwa14,coriolis_matrix,pinocchio_plain,16,collection,float32,standard Pinocchio API (no codegen),3,validated,,13.27813333333333,,,8,fp32-fd-warnings,2,0.0,0.0,0,784,12.939566666666666,16.785066666666665,,,8.760858381862136e-06,6.75694131502214e-07
iiwa14,coriolis_matrix,pinocchio_plain,32,collection,float32,standard Pinocchio API (no codegen),3,validated,,15.5697,,,8,fp32-fd-warnings,2,0.0,0.0,0,1568,15.489100000000002,15.950766666666665,,,8.760858381862136e-06,6.733872495393476e-07
iiwa14,coriolis_matrix,pinocchio_plain,64,collection,float32,standard Pinocchio API (no codegen),3,validated,,21.301666666666666,,,8,fp32-fd-warnings,2,0.0,0.0,0,3136,21.088166666666666,21.490166666666664,,,8.760858381862136e-06,6.771466527777525e-07
iiwa14,coriolis_matrix,pinocchio_plain,128,collection,float32,standard Pinocchio API (no codegen),3,validated,,33.08650000000001,,,8,fp32-fd-warnings,2,0.0,0.0,0,6272,32.224066666666666,34.162000000000006,,,8.760858381862136e-06,6.759698707162252e-07
iiwa14,coriolis_matrix,pinocchio_plain,256,collection,float32,standard Pinocchio API (no codegen),3,validated,,53.57630000000001,,,8,fp32-fd-warnings,2,0.0,0.0,0,12544,50.84866666666667,53.82426666666667,,,8.760858381862136e-06,6.654650198167519e-07
iiwa14,coriolis_matrix,pinocchio_plain,1024,collection,float32,standard Pinocchio API (no codegen),3,validated,,384.84846666666664,,,8,fp32-fd-warnings,2,0.0,0.0,0,50176,175.0994,411.31076666666667,,,8.760858381862136e-06,6.74629835581916e-07
iiwa14,crba,bard,16,collection,float32,library dynamics,3,validated,,1623.9134666666664,1555.6710666666668,,,fp32-fd-warnings,2,0.0,0.0,0,784,1591.235066666667,1627.3209,68.24239999999963,,1.01343040093127e-06,9.204400866773282e-08
iiwa14,crba,bard,32,collection,float32,library dynamics,3,validated,,1617.7031333333334,1556.876966666667,,,fp32-fd-warnings,2,0.0,0.0,0,1568,1607.1421333333333,1633.4413333333332,60.826166666666495,,1.1502786216865957e-06,9.144027460470467e-08
iiwa14,crba,bard,64,collection,float32,library dynamics,3,validated,,1632.8672999999997,1578.6693,,,fp32-fd-warnings,2,0.0,0.0,0,3136,1624.3441333333333,1635.8582333333334,54.19799999999964,,1.1502786216865957e-06,8.286722903318901e-08
iiwa14,crba,bard,128,collection,float32,library dynamics,3,validated,,1640.8123333333335,1601.031,,,fp32-fd-warnings,2,0.0,0.0,0,6272,1627.1370333333334,1673.9561333333334,39.78133333333358,,1.1769958874197073e-06,8.33304560012542e-08
iiwa14,crba,bard,256,collection,float32,library dynamics,3,validated,,1667.2898333333335,1597.0784666666666,,,fp32-fd-warnings,2,0.0,0.0,0,12544,1644.1951,1675.3960999999997,70.21136666666689,,1.1769958874197073e-06,7.954614155424838e-08
iiwa14,crba,bard,1024,collection,float32,library dynamics,3,validated,,1676.9143666666666,1581.8029333333334,,,fp32-fd-warnings,2,0.0,0.0,0,50176,1673.0727666666667,1718.0998333333334,95.11143333333325,,1.1769958874197073e-06,8.105385901189344e-08
iiwa14,crba,frax,16,collection,float32,library dynamics,3,validated,,270.7499,59.716233333333335,,,fp32-fd-warnings,2,0.0,0.0,0,784,186.92073333333337,307.2437000000001,211.0336666666667,,2.736617464194069e-06,4.0725611597194055e-07
iiwa14,crba,frax,32,collection,float32,library dynamics,3,validated,,192.9959666666667,58.0961,,,fp32-fd-warnings,2,0.0,0.0,0,1568,187.0634,194.71240000000003,134.8998666666667,,2.736617464194069e-06,3.5563058428186013e-07
iiwa14,crba,frax,64,collection,float32,library dynamics,3,validated,,203.25276666666667,60.6213,,,fp32-fd-warnings,2,0.0,0.0,0,3136,198.24393333333333,206.37753333333333,142.63146666666668,,2.1867518791296447e-06,2.847109459543044e-07
iiwa14,crba,frax,128,collection,float32,library dynamics,3,validated,,199.91406666666668,58.34973333333333,,,fp32-fd-warnings,2,0.0,0.0,0,6272,198.28230000000002,200.53020000000004,141.56433333333337,,2.840033450191015e-06,3.4406747106399987e-07
iiwa14,crba,frax,256,collection,float32,library dynamics,3,validated,,205.95793333333333,61.562733333333334,,,fp32-fd-warnings,2,0.0,0.0,0,12544,205.40043333333332,408.44530000000003,144.3952,,2.938909099192699e-06,3.15573408798163e-07
iiwa14,crba,frax,1024,collection,float32,library dynamics,3,validated,,320.34746666666666,62.74860000000002,,,fp32-fd-warnings,2,0.0,0.0,0,50176,254.27663333333334,353.9653333333334,257.59886666666665,,3.011550623099879e-06,3.14817243626875e-07
iiwa14,crba,grid_cuda,16,collection,float32,analytical,3,validated,,16.75103302001953,10.940967559814453,,128,fp32-fd-warnings,2,0.0,0.0,0,784,16.734800211588542,16.759566752115884,5.810065460205077,,6.267993040154352e-07,7.347928323350685e-08
iiwa14,crba,grid_cuda,32,collection,float32,analytical,3,validated,,16.90363311767578,10.942899576822917,,128,fp32-fd-warnings,2,0.0,0.0,0,1568,16.884833272298177,16.942067464192707,5.960733540852864,,8.910664570649374e-07,8.025139777106541e-08
iiwa14,crba,grid_cuda,64,collection,float32,analytical,3,validated,,16.97693354288737,10.891166432698567,,128,fp32-fd-warnings,2,0.0,0.0,0,3136,16.885866546630858,17.003700510660806,6.085767110188803,,8.910664570649374e-07,7.920607504667597e-08
iiwa14,crba,grid_cuda,128,collection,float32,analytical,3,validated,,17.669800313313804,10.979200236002605,,128,fp32-fd-warnings,2,0.0,0.0,0,6272,17.474267323811848,17.683733622233074,6.690600077311199,,8.910664570649374e-07,8.031127400595194e-08
iiwa14,crba,grid_cuda,256,collection,float32,analytical,3,validated,,18.989266713460285,11.241566212972005,,128,fp32-fd-warnings,2,0.0,0.0,0,12544,18.984233347574868,19.07386652628581,7.74770050048828,,1.2703893155219248e-06,8.495667488387222e-08
iiwa14,crba,grid_cuda,1024,collection,float32,analytical,3,validated,,29.4048334757487,16.78866653442383,,128,fp32-fd-warnings,2,0.0,0.0,0,50176,28.953633117675782,29.465600331624348,12.61616694132487,,1.2703893155219248e-06,8.449198107019781e-08
iiwa14,crba,grid_jax,16,collection,float32,analytical,3,validated,,115.4195,38.257299999999994,,,fp32-fd-warnings,2,0.0,0.0,0,784,111.27206666666666,115.96133333333334,77.16220000000001,,6.267993040154352e-07,7.347928323350685e-08
iiwa14,crba,grid_jax,32,collection,float32,analytical,3,validated,,116.36063333333335,38.496833333333335,,,fp32-fd-warnings,2,0.0,0.0,0,1568,116.19050000000001,119.26479999999998,77.86380000000003,,8.910664570649374e-07,8.025139777106541e-08
iiwa14,crba,grid_jax,64,collection,float32,analytical,3,validated,,155.72589999999997,38.02163333333333,,,fp32-fd-warnings,2,0.0,0.0,0,3136,123.3239,513.2789,117.70426666666664,,8.910664570649374e-07,7.920607504667597e-08
iiwa14,crba,grid_jax,128,collection,float32,analytical,3,validated,,115.503,35.2888,,,fp32-fd-warnings,2,0.0,0.0,0,6272,113.74650000000003,117.95879999999998,80.2142,,8.910664570649374e-07,8.031127400595194e-08
iiwa14,crba,grid_jax,256,collection,float32,analytical,3,validated,,130.75603333333336,35.88243333333333,,,fp32-fd-warnings,2,0.0,0.0,0,12544,121.09549999999999,366.66610000000003,94.87360000000004,,1.2703893155219248e-06,8.495667488387222e-08
iiwa14,crba,grid_jax,1024,collection,float32,analytical,3,validated,,150.5116,43.13226666666666,,,fp32-fd-warnings,2,0.0,0.0,0,50176,149.59986666666663,456.1386666666667,107.37933333333334,,1.2703893155219248e-06,8.449198107019781e-08
iiwa14,crba,mjx,16,collection,float32,simulator CRB + dense mass matrix,3,validated,,321.6181,93.69883333333334,,,fp32-fd-warnings,2,0.0,0.0,0,784,299.63203333333337,450.1364999999999,227.9192666666667,,3.360625450810062e-06,4.6632938606567106e-07
iiwa14,crba,mjx,32,collection,float32,simulator CRB + dense mass matrix,3,validated,,324.5150666666667,93.19783333333336,,,fp32-fd-warnings,2,0.0,0.0,0,1568,287.64773333333335,333.0545333333333,231.31723333333335,,4.239816798978779e-06,4.1109881343426633e-07
iiwa14,crba,mjx,64,collection,float32,simulator CRB + dense mass matrix,3,validated,,296.03776666666664,104.09880000000001,,,fp32-fd-warnings,2,0.0,0.0,0,3136,287.4218333333334,341.1910666666666,191.93896666666663,,4.239816798978779e-06,4.447424978540786e-07
iiwa14,crba,mjx,128,collection,float32,simulator CRB + dense mass matrix,3,validated,,418.7968000000001,104.81366666666666,,,fp32-fd-warnings,2,0.0,0.0,0,6272,319.0021666666666,432.1408666666666,313.9831333333334,,4.239816798978779e-06,4.0594995457706443e-07
iiwa14,crba,mjx,256,collection,float32,simulator CRB + dense mass matrix,3,validated,,350.2512,113.68273333333335,,,fp32-fd-warnings,2,0.0,0.0,0,12544,328.5271333333333,402.5779,236.56846666666664,,4.239816798978779e-06,3.974823598663074e-07
iiwa14,crba,mjx,1024,collection,float32,simulator CRB + dense mass matrix,3,validated,,362.0074,196.5993,,,fp32-fd-warnings,2,0.0,0.0,0,50176,324.8293666666667,460.99559999999997,,negative total-minus-resident in at least one repeat; recollect,4.8559349785648465e-06,4.165003997283576e-07
iiwa14,crba,mujoco_cpu,16,collection,float64,simulator CRB + dense mass matrix,3,validated,,40.36886666666667,,,,fp32-fd-warnings,2,0.0,0.0,0,784,40.26926666666666,41.150133333333336,,,1.0658141036401503e-14,1.4176111252183655e-15
iiwa14,crba,mujoco_cpu,32,collection,float64,simulator CRB + dense mass matrix,3,validated,,79.42236666666666,,,,fp32-fd-warnings,2,0.0,0.0,0,1568,78.80706666666667,79.55176666666667,,,1.0658141036401503e-14,1.4132561071016244e-15
iiwa14,crba,mujoco_cpu,64,collection,float64,simulator CRB + dense mass matrix,3,validated,,158.92343333333335,,,,fp32-fd-warnings,2,0.0,0.0,0,3136,158.01793333333327,162.07096666666666,,,1.2434497875801753e-14,1.3749573338678231e-15
iiwa14,crba,mujoco_cpu,128,collection,float64,simulator CRB + dense mass matrix,3,validated,,317.39466666666664,,,,fp32-fd-warnings,2,0.0,0.0,0,6272,315.24443333333335,332.33213333333333,,,1.3322676295501878e-14,1.4202559063385828e-15
iiwa14,crba,mujoco_cpu,256,collection,float64,simulator CRB + dense mass matrix,3,validated,,660.9058666666666,,,,fp32-fd-warnings,2,0.0,0.0,0,12544,657.8914666666665,669.8118666666666,,,1.5987211554602254e-14,1.4769483608478166e-15
iiwa14,crba,mujoco_cpu,1024,collection,float64,simulator CRB + dense mass matrix,3,validated,,2811.8060333333333,,,,fp32-fd-warnings,2,0.0,0.0,0,50176,2757.604933333333,2838.070033333333,,,1.5987211554602254e-14,1.4310978103230621e-15
iiwa14,crba,mujoco_warp,16,collection,float32,simulator CRB + dense mass matrix,3,validated,,84.61146666666667,54.2855,251.44440000000003,,fp32-fd-warnings,2,0.0,0.0,0,784,84.54926666666667,84.78743333333335,30.325966666666673,,2.8958335347439856e-06,3.1547911029835964e-07
iiwa14,crba,mujoco_warp,32,collection,float32,simulator CRB + dense mass matrix,3,validated,,93.59970000000001,57.53179999999998,254.67136666666664,,fp32-fd-warnings,2,0.0,0.0,0,1568,93.31316666666666,94.86976666666666,36.06790000000003,,4.9330583511419945e-06,3.6051190018958773e-07
iiwa14,crba,mujoco_warp,64,collection,float32,simulator CRB + dense mass matrix,3,validated,,96.59639999999999,62.382666666666665,260.5567,,fp32-fd-warnings,2,0.0,0.0,0,3136,94.33426666666665,102.76226666666666,34.21373333333332,,4.9330583511419945e-06,3.3804561605528607e-07
iiwa14,crba,mujoco_warp,128,collection,float32,simulator CRB + dense mass matrix,3,validated,,110.13843333333331,70.19896666666666,262.2206,,fp32-fd-warnings,2,0.0,0.0,0,6272,109.29633333333335,118.22289999999998,39.93946666666665,,4.9330583511419945e-06,3.0604292473360187e-07
iiwa14,crba,mujoco_warp,256,collection,float32,simulator CRB + dense mass matrix,3,validated,,123.7494,80.8243,255.91526666666667,,fp32-fd-warnings,2,0.0,0.0,0,12544,122.47536666666666,124.57216666666667,42.9251,,4.9330583511419945e-06,2.9649225811759344e-07
iiwa14,crba,mujoco_warp,1024,collection,float32,simulator CRB + dense mass matrix,3,validated,,159.61063333333334,93.46906666666669,265.45619999999997,,fp32-fd-warnings,2,0.0,0.0,0,50176,159.0832333333333,162.27083333333334,66.14156666666665,,5.013436958023476e-06,3.107128961637795e-07
iiwa14,crba,pinocchio,16,collection,float32,codegen,3,validated,,6.368333333333333,,,1,fp32-fd-warnings,2,0.0,0.0,0,784,6.257666666666666,6.435066666666667,,,3.5578037618222424e-06,4.6588091245633705e-07
iiwa14,crba,pinocchio,32,collection,float32,codegen,3,validated,,10.223133333333333,,,1,fp32-fd-warnings,2,0.0,0.0,0,1568,9.831833333333332,10.242799999999999,,,3.5578037618222424e-06,4.524698042095933e-07
iiwa14,crba,pinocchio,64,collection,float32,codegen,3,validated,,12.717399999999998,,,8,fp32-fd-warnings,2,0.0,0.0,0,3136,12.295566666666668,12.846899999999998,,,3.5578037618222424e-06,4.6474100788572204e-07
iiwa14,crba,pinocchio,128,collection,float32,codegen,3,validated,,14.609233333333334,,,8,fp32-fd-warnings,2,0.0,0.0,0,6272,14.257133333333332,14.743466666666665,,,3.5578037618222424e-06,4.337111326643786e-07
iiwa14,crba,pinocchio,256,collection,float32,codegen,3,validated,,20.119500000000002,,,8,fp32-fd-warnings,2,0.0,0.0,0,12544,19.999033333333333,20.138966666666665,,,4.001646670914738e-06,4.285757864566953e-07
iiwa14,crba,pinocchio,1024,collection,float32,codegen,3,validated,,45.73383333333334,,,8,fp32-fd-warnings,2,0.0,0.0,0,50176,45.36793333333332,46.935833333333335,,,4.092756231699468e-06,4.3019214244997514e-07
iiwa14,crba,pinocchio_plain,16,collection,float32,standard Pinocchio API (no codegen),3,validated,,12.647433333333334,,,8,fp32-fd-warnings,2,0.0,0.0,0,784,12.483099999999999,12.740966666666663,,,9.8926385838638e-07,1.1542055610233013e-07
iiwa14,crba,pinocchio_plain,32,collection,float32,standard Pinocchio API (no codegen),3,validated,,14.501466666666667,,,8,fp32-fd-warnings,2,0.0,0.0,0,1568,14.362366666666668,14.580533333333335,,,1.1183610855169945e-06,1.2455264404025635e-07
iiwa14,crba,pinocchio_plain,64,collection,float32,standard Pinocchio API (no codegen),3,validated,,19.147933333333338,,,8,fp32-fd-warnings,2,0.0,0.0,0,3136,18.472933333333337,19.42593333333333,,,1.2288672426308267e-06,1.1413671385962522e-07
iiwa14,crba,pinocchio_plain,128,collection,float32,standard Pinocchio API (no codegen),3,validated,,26.58233333333333,,,8,fp32-fd-warnings,2,0.0,0.0,0,6272,26.192066666666662,27.153233333333336,,,1.603082790957444e-06,1.213216997578163e-07
iiwa14,crba,pinocchio_plain,256,collection,float32,standard Pinocchio API (no codegen),3,validated,,45.786266666666656,,,8,fp32-fd-warnings,2,0.0,0.0,0,12544,44.142533333333326,47.02433333333334,,,1.603082790957444e-06,1.2149078211684993e-07
iiwa14,crba,pinocchio_plain,1024,collection,float32,standard Pinocchio API (no codegen),3,validated,,151.57196666666667,,,8,fp32-fd-warnings,2,0.0,0.0,0,50176,145.29579999999999,166.3538,,,1.603082790957444e-06,1.2219117638591087e-07
iiwa14,end_effector_pose,bard,16,collection,unknown,unknown,3,adapter_pending,selected operation not wired; not a library capability claim,,,,,fp32-fd-warnings,2,,,0,0,,,,,,
iiwa14,end_effector_pose,bard,32,collection,unknown,unknown,3,adapter_pending,selected operation not wired; not a library capability claim,,,,,fp32-fd-warnings,2,,,0,0,,,,,,
iiwa14,end_effector_pose,bard,64,collection,unknown,unknown,3,adapter_pending,selected operation not wired; not a library capability claim,,,,,fp32-fd-warnings,2,,,0,0,,,,,,
iiwa14,end_effector_pose,bard,128,collection,unknown,unknown,3,adapter_pending,selected operation not wired; not a library capability claim,,,,,fp32-fd-warnings,2,,,0,0,,,,,,
iiwa14,end_effector_pose,bard,256,collection,unknown,unknown,3,adapter_pending,selected operation not wired; not a library capability claim,,,,,fp32-fd-warnings,2,,,0,0,,,,,,
iiwa14,end_effector_pose,bard,1024,collection,unknown,unknown,3,adapter_pending,selected operation not wired; not a library capability claim,,,,,fp32-fd-warnings,2,,,0,0,,,,,,
iiwa14,end_effector_pose,frax,16,collection,unknown,unknown,3,adapter_pending,selected operation not wired,,,,,fp32-fd-warnings,2,,,0,0,,,,,,
iiwa14,end_effector_pose,frax,32,collection,unknown,unknown,3,adapter_pending,selected operation not wired,,,,,fp32-fd-warnings,2,,,0,0,,,,,,
iiwa14,end_effector_pose,frax,64,collection,unknown,unknown,3,adapter_pending,selected operation not wired,,,,,fp32-fd-warnings,2,,,0,0,,,,,,
iiwa14,end_effector_pose,frax,128,collection,unknown,unknown,3,adapter_pending,selected operation not wired,,,,,fp32-fd-warnings,2,,,0,0,,,,,,
iiwa14,end_effector_pose,frax,256,collection,unknown,unknown,3,adapter_pending,selected operation not wired,,,,,fp32-fd-warnings,2,,,0,0,,,,,,
iiwa14,end_effector_pose,frax,1024,collection,unknown,unknown,3,adapter_pending,selected operation not wired,,,,,fp32-fd-warnings,2,,,0,0,,,,,,
iiwa14,end_effector_pose,grid_cuda,16,collection,float32,analytical,3,validated,,16.61209996541341,7.530066680908203,,128,fp32-fd-warnings,2,0.0,0.0,0,96,16.587166341145835,16.622066497802734,9.082033284505208,,1.3351677308204302e-07,5.512119453428014e-08
iiwa14,end_effector_pose,grid_cuda,32,collection,float32,analytical,3,validated,,16.66499989827474,7.450632985432943,,128,fp32-fd-warnings,2,0.0,0.0,0,192,16.6095334370931,16.69020029703776,9.214366912841797,,2.2379898534374831e-07,6.018756572007938e-08
iiwa14,end_effector_pose,grid_cuda,64,collection,float32,analytical,3,validated,,16.855633290608726,7.533100128173828,,128,fp32-fd-warnings,2,0.0,0.0,0,384,15.40290018717448,16.87643330891927,9.322533162434897,,2.829420767680446e-07,6.377074904503765e-08
iiwa14,end_effector_pose,grid_cuda,128,collection,float32,analytical,3,validated,,17.272266387939453,7.473199717203776,,128,fp32-fd-warnings,2,0.0,0.0,0,768,17.23463363647461,17.27883326212565,9.799066670735677,,2.829420767680446e-07,6.385040578286191e-08
iiwa14,end_effector_pose,grid_cuda,256,collection,float32,analytical,3,validated,,17.999100748697916,7.518800099690755,,128,fp32-fd-warnings,2,0.0,0.0,0,1536,17.99780019124349,18.073800150553385,10.480300649007162,,5.658790218632248e-07,6.399022851881847e-08
iiwa14,end_effector_pose,grid_cuda,1024,collection,float32,analytical,3,validated,,19.58863296508789,7.809466807047526,,128,fp32-fd-warnings,2,0.0,0.0,0,6144,19.442332712809243,19.687333424886067,11.779166158040363,,8.846113608296235e-07,6.79512985192408e-08
iiwa14,end_effector_pose,grid_jax,16,collection,float32,analytical,3,validated,,122.77913333333332,24.589766666666666,,,fp32-fd-warnings,2,0.0,0.0,0,96,117.11626666666668,132.80210000000002,98.18936666666666,,1.3351677308204302e-07,5.512119453428014e-08
iiwa14,end_effector_pose,grid_jax,32,collection,float32,analytical,3,validated,,113.43753333333333,23.16946666666667,,,fp32-fd-warnings,2,0.0,0.0,0,192,107.97693333333333,115.30026666666666,90.26806666666667,,2.2379898534374831e-07,6.018756572007938e-08
iiwa14,end_effector_pose,grid_jax,64,collection,float32,analytical,3,validated,,115.58623333333334,24.328766666666663,,,fp32-fd-warnings,2,0.0,0.0,0,384,114.88783333333335,149.99216666666663,91.25746666666667,,2.829420767680446e-07,6.377074904503765e-08
iiwa14,end_effector_pose,grid_jax,128,collection,float32,analytical,3,validated,,118.54713333333332,23.839066666666668,,,fp32-fd-warnings,2,0.0,0.0,0,768,114.68083333333333,132.27053333333333,94.70806666666665,,2.829420767680446e-07,6.385040578286191e-08
iiwa14,end_effector_pose,grid_jax,256,collection,float32,analytical,3,validated,,116.42850000000001,24.417433333333335,,,fp32-fd-warnings,2,0.0,0.0,0,1536,110.7053,117.00153333333334,,negative total-minus-resident in at least one repeat; recollect,5.658790218632248e-07,6.399022851881847e-08
iiwa14,end_effector_pose,grid_jax,1024,collection,float32,analytical,3,validated,,118.37536666666668,24.48096666666667,,,fp32-fd-warnings,2,0.0,0.0,0,6144,113.70986666666666,269.12493333333333,93.8944,,8.846113608296235e-07,6.79512985192408e-08
iiwa14,end_effector_pose,mjx,16,collection,float32,simulator,3,validated,,285.4608,56.0889,,,fp32-fd-warnings,2,0.0,0.0,0,96,259.1769,291.59783333333337,229.3719,,4.429075466383381e-07,1.5607645733231222e-07
iiwa14,end_effector_pose,mjx,32,collection,float32,simulator,3,validated,,306.5361,61.31106666666667,,,fp32-fd-warnings,2,0.0,0.0,0,192,210.68123333333335,442.32776666666666,245.2250333333333,,4.622175644453108e-07,1.5642760590150894e-07
iiwa14,end_effector_pose,mjx,64,collection,float32,simulator,3,validated,,275.0910666666667,63.08143333333332,,,fp32-fd-warnings,2,0.0,0.0,0,384,200.46093333333334,356.8994,212.00963333333334,,5.515229500874241e-07,1.6813939463960095e-07
iiwa14,end_effector_pose,mjx,128,collection,float32,simulator,3,validated,,221.23353333333336,65.40263333333334,,,fp32-fd-warnings,2,0.0,0.0,0,768,210.52646666666666,272.6643,155.8309,,5.515229500874241e-07,1.5564701420210793e-07
iiwa14,end_effector_pose,mjx,256,collection,float32,simulator,3,validated,,242.9494,70.70133333333332,,,fp32-fd-warnings,2,0.0,0.0,0,1536,204.7178333333333,300.8806,172.24806666666666,,8.646324527461502e-07,1.5606113006494882e-07
iiwa14,end_effector_pose,mjx,1024,collection,float32,simulator,3,validated,,283.7811,62.4313,,,fp32-fd-warnings,2,0.0,0.0,0,6144,202.1725,438.2458333333334,221.3498,,2.691667325693814e-06,1.7235145894637602e-07
iiwa14,end_effector_pose,mujoco_cpu,16,collection,float64,simulator,3,validated,,87.1863,,,,fp32-fd-warnings,2,0.0,0.0,0,96,86.71156666666667,87.94053333333335,,,1.9984014443252818e-15,6.608748252568642e-16
iiwa14,end_effector_pose,mujoco_cpu,32,collection,float64,simulator,3,validated,,172.32676666666663,,,,fp32-fd-warnings,2,0.0,0.0,0,192,171.8867,173.25936666666664,,,2.6645352591003757e-15,6.995014285555312e-16
iiwa14,end_effector_pose,mujoco_cpu,64,collection,float64,simulator,3,validated,,341.16246666666666,,,,fp32-fd-warnings,2,0.0,0.0,0,384,339.72016666666667,342.3498666666666,,,2.6645352591003757e-15,7.144663685344598e-16
iiwa14,end_effector_pose,mujoco_cpu,128,collection,float64,simulator,3,validated,,682.8317666666667,,,,fp32-fd-warnings,2,0.0,0.0,0,768,681.0517333333333,687.9722333333334,,,2.6645352591003757e-15,6.918159522744312e-16
iiwa14,end_effector_pose,mujoco_cpu,256,collection,float64,simulator,3,validated,,1378.8073333333336,,,,fp32-fd-warnings,2,0.0,0.0,0,1536,1375.9153999999994,1382.0140000000001,,,2.6645352591003757e-15,6.78040071201333e-16
iiwa14,end_effector_pose,mujoco_cpu,1024,collection,float64,simulator,3,validated,,5675.411766666667,,,,fp32-fd-warnings,2,0.0,0.0,0,6144,5675.2234,5682.615500000001,,,1.9761969838327786e-14,8.720989717445359e-16
iiwa14,end_effector_pose,mujoco_warp,16,collection,float32,simulator,3,validated,,55.181933333333326,20.50116666666667,46.940433333333345,,fp32-fd-warnings,2,0.0,0.0,0,96,54.946,55.621900000000004,34.680766666666656,,5.548486394779673e-07,1.682393490778437e-07
iiwa14,end_effector_pose,mujoco_warp,32,collection,float32,simulator,3,validated,,55.08646666666666,22.33606666666667,47.26623333333334,,fp32-fd-warnings,2,0.0,0.0,0,192,54.74816666666666,55.45220000000001,32.750399999999985,,5.548486394779673e-07,1.6285973625830475e-07
iiwa14,end_effector_pose,mujoco_warp,64,collection,float32,simulator,3,validated,,55.36046666666667,24.063266666666667,48.063599999999994,,fp32-fd-warnings,2,0.0,0.0,0,384,55.071766666666676,55.885266666666666,31.2972,,6.547419024727219e-07,1.5038139177573248e-07
iiwa14,end_effector_pose,mujoco_warp,128,collection,float32,simulator,3,validated,,57.753066666666676,28.065066666666667,47.40210000000001,,fp32-fd-warnings,2,0.0,0.0,0,768,57.183499999999995,58.3587,29.68800000000001,,9.302149694967454e-07,1.4918697164113904e-07
iiwa14,end_effector_pose,mujoco_warp,256,collection,float32,simulator,3,validated,,68.05766666666666,31.772933333333334,47.84956666666666,,fp32-fd-warnings,2,0.0,0.0,0,1536,67.26496666666668,68.26263333333334,36.28473333333333,,1.3586645772889483e-06,1.502644218977505e-07
iiwa14,end_effector_pose,mujoco_warp,1024,collection,float32,simulator,3,validated,,73.55443333333334,32.828633333333336,48.034099999999995,,fp32-fd-warnings,2,0.0,0.0,0,6144,73.50340000000001,73.8771,40.7258,,1.3586645772889483e-06,1.439511280511301e-07
iiwa14,end_effector_pose,pinocchio,16,collection,float64,analytical direct/composed,3,validated,,7.094133333333333,,,1,fp32-fd-warnings,2,0.0,0.0,0,96,6.987066666666665,7.3158666666666665,,,0.0,0.0
iiwa14,end_effector_pose,pinocchio,32,collection,float64,analytical direct/composed,3,validated,,12.170333333333334,,,1/8,fp32-fd-warnings,2,0.0,0.0,0,192,12.015533333333332,12.417033333333334,,,0.0,0.0
iiwa14,end_effector_pose,pinocchio,64,collection,float64,analytical direct/composed,3,validated,,14.934466666666669,,,8,fp32-fd-warnings,2,0.0,0.0,0,384,13.644133333333334,15.432800000000002,,,0.0,0.0
iiwa14,end_effector_pose,pinocchio,128,collection,float64,analytical direct/composed,3,validated,,17.269266666666667,,,8,fp32-fd-warnings,2,0.0,0.0,0,768,16.718366666666668,17.716366666666666,,,0.0,0.0
iiwa14,end_effector_pose,pinocchio,256,collection,float64,analytical direct/composed,3,validated,,24.160833333333336,,,8,fp32-fd-warnings,2,0.0,0.0,0,1536,24.136266666666668,24.569300000000005,,,0.0,0.0
iiwa14,end_effector_pose,pinocchio,1024,collection,float64,analytical direct/composed,3,validated,,66.80310000000001,,,8,fp32-fd-warnings,2,0.0,0.0,0,6144,66.18026666666667,68.01853333333334,,,0.0,0.0
iiwa14,end_effector_pose,pinocchio_plain,16,collection,float64,analytical direct/composed,3,validated,,7.104833333333334,,,1,fp32-fd-warnings,2,0.0,0.0,0,96,6.9398333333333335,7.144766666666666,,,0.0,0.0
iiwa14,end_effector_pose,pinocchio_plain,32,collection,float64,analytical direct/composed,3,validated,,12.153333333333332,,,1/8,fp32-fd-warnings,2,0.0,0.0,0,192,12.119933333333334,12.668299999999999,,,0.0,0.0
iiwa14,end_effector_pose,pinocchio_plain,64,collection,float64,analytical direct/composed,3,validated,,13.952733333333335,,,8,fp32-fd-warnings,2,0.0,0.0,0,384,13.471833333333333,14.449866666666669,,,0.0,0.0
iiwa14,end_effector_pose,pinocchio_plain,128,collection,float64,analytical direct/composed,3,validated,,16.975066666666667,,,8,fp32-fd-warnings,2,0.0,0.0,0,768,16.973733333333332,17.130366666666664,,,0.0,0.0
iiwa14,end_effector_pose,pinocchio_plain,256,collection,float64,analytical direct/composed,3,validated,,24.16656666666666,,,8,fp32-fd-warnings,2,0.0,0.0,0,1536,24.156299999999998,24.19653333333333,,,0.0,0.0
iiwa14,end_effector_pose,pinocchio_plain,1024,collection,float64,analytical direct/composed,3,validated,,67.85143333333333,,,8,fp32-fd-warnings,2,0.0,0.0,0,6144,67.50853333333335,68.24456666666666,,,0.0,0.0
iiwa14,end_effector_pose_gradient,bard,16,collection,unknown,unknown,3,adapter_pending,selected operation not wired; not a library capability claim,,,,,fp32-fd-warnings,2,,,0,0,,,,,,
iiwa14,end_effector_pose_gradient,bard,32,collection,unknown,unknown,3,adapter_pending,selected operation not wired; not a library capability claim,,,,,fp32-fd-warnings,2,,,0,0,,,,,,
iiwa14,end_effector_pose_gradient,bard,64,collection,unknown,unknown,3,adapter_pending,selected operation not wired; not a library capability claim,,,,,fp32-fd-warnings,2,,,0,0,,,,,,
iiwa14,end_effector_pose_gradient,bard,128,collection,unknown,unknown,3,adapter_pending,selected operation not wired; not a library capability claim,,,,,fp32-fd-warnings,2,,,0,0,,,,,,
iiwa14,end_effector_pose_gradient,bard,256,collection,unknown,unknown,3,adapter_pending,selected operation not wired; not a library capability claim,,,,,fp32-fd-warnings,2,,,0,0,,,,,,
iiwa14,end_effector_pose_gradient,bard,1024,collection,unknown,unknown,3,adapter_pending,selected operation not wired; not a library capability claim,,,,,fp32-fd-warnings,2,,,0,0,,,,,,
iiwa14,end_effector_pose_gradient,frax,16,collection,unknown,unknown,3,adapter_pending,selected operation not wired,,,,,fp32-fd-warnings,2,,,0,0,,,,,,
iiwa14,end_effector_pose_gradient,frax,32,collection,unknown,unknown,3,adapter_pending,selected operation not wired,,,,,fp32-fd-warnings,2,,,0,0,,,,,,
iiwa14,end_effector_pose_gradient,frax,64,collection,unknown,unknown,3,adapter_pending,selected operation not wired,,,,,fp32-fd-warnings,2,,,0,0,,,,,,
iiwa14,end_effector_pose_gradient,frax,128,collection,unknown,unknown,3,adapter_pending,selected operation not wired,,,,,fp32-fd-warnings,2,,,0,0,,,,,,
iiwa14,end_effector_pose_gradient,frax,256,collection,unknown,unknown,3,adapter_pending,selected operation not wired,,,,,fp32-fd-warnings,2,,,0,0,,,,,,
iiwa14,end_effector_pose_gradient,frax,1024,collection,unknown,unknown,3,adapter_pending,selected operation not wired,,,,,fp32-fd-warnings,2,,,0,0,,,,,,
iiwa14,end_effector_pose_gradient,grid_jax,16,collection,float32,analytical,3,validated,,242.26003333333335,24.78036666666667,,,fp32-fd-warnings,2,0.0,0.0,0,672,117.14086666666668,379.1226333333333,217.47966666666667,,5.868858039548286e-07,1.4304938808549234e-07
iiwa14,end_effector_pose_gradient,grid_jax,32,collection,float32,analytical,3,validated,,132.97576666666666,24.9411,,,fp32-fd-warnings,2,0.0,0.0,0,1344,119.83603333333332,141.58316666666667,108.03466666666665,,1.9902630441492875e-06,2.2286234428566705e-07
iiwa14,end_effector_pose_gradient,grid_jax,64,collection,float32,analytical,3,validated,,379.38316666666657,25.1304,,,fp32-fd-warnings,2,0.0,0.0,0,2688,131.8236,390.8034666666668,354.25276666666656,,2.037418596501084e-06,2.1981609815733833e-07
iiwa14,end_effector_pose_gradient,grid_jax,128,collection,float32,analytical,3,validated,,141.94756666666666,25.32013333333333,,,fp32-fd-warnings,2,0.0,0.0,0,5376,120.6554,353.0134999999999,116.62743333333333,,2.037418596501084e-06,1.9344687350863152e-07
iiwa14,end_effector_pose_gradient,grid_jax,256,collection,float32,analytical,3,validated,,128.43356666666668,24.881366666666665,,,fp32-fd-warnings,2,0.0,0.0,0,10752,125.8419,430.27656666666667,103.55220000000001,,8.236402152306255e-06,3.7735844153606523e-07
iiwa14,end_effector_pose_gradient,grid_jax,1024,collection,float32,analytical,3,validated,,179.8586333333333,25.23716666666667,,,fp32-fd-warnings,2,0.0,0.0,0,43008,147.95463333333333,471.32393333333334,154.62146666666663,,3.339340676689062e-05,6.965851678555623e-07
iiwa14,end_effector_pose_gradient,mjx,16,collection,unknown,unknown,3,adapter_pending,selected operation not wired,,,,,fp32-fd-warnings,2,,,0,0,,,,,,
iiwa14,end_effector_pose_gradient,mjx,32,collection,unknown,unknown,3,adapter_pending,selected operation not wired,,,,,fp32-fd-warnings,2,,,0,0,,,,,,
iiwa14,end_effector_pose_gradient,mjx,64,collection,unknown,unknown,3,adapter_pending,selected operation not wired,,,,,fp32-fd-warnings,2,,,0,0,,,,,,
iiwa14,end_effector_pose_gradient,mjx,128,collection,unknown,unknown,3,adapter_pending,selected operation not wired,,,,,fp32-fd-warnings,2,,,0,0,,,,,,
iiwa14,end_effector_pose_gradient,mjx,256,collection,unknown,unknown,3,adapter_pending,selected operation not wired,,,,,fp32-fd-warnings,2,,,0,0,,,,,,
iiwa14,end_effector_pose_gradient,mjx,1024,collection,unknown,unknown,3,adapter_pending,selected operation not wired,,,,,fp32-fd-warnings,2,,,0,0,,,,,,
iiwa14,end_effector_pose_gradient,mujoco_cpu,16,collection,unknown,unknown,3,adapter_pending,no matched full tangent-space derivative adapter,,,,,fp32-fd-warnings,2,,,0,0,,,,,,
iiwa14,end_effector_pose_gradient,mujoco_cpu,32,collection,unknown,unknown,3,adapter_pending,no matched full tangent-space derivative adapter,,,,,fp32-fd-warnings,2,,,0,0,,,,,,
iiwa14,end_effector_pose_gradient,mujoco_cpu,64,collection,unknown,unknown,3,adapter_pending,no matched full tangent-space derivative adapter,,,,,fp32-fd-warnings,2,,,0,0,,,,,,
iiwa14,end_effector_pose_gradient,mujoco_cpu,128,collection,unknown,unknown,3,adapter_pending,no matched full tangent-space derivative adapter,,,,,fp32-fd-warnings,2,,,0,0,,,,,,
iiwa14,end_effector_pose_gradient,mujoco_cpu,256,collection,unknown,unknown,3,adapter_pending,no matched full tangent-space derivative adapter,,,,,fp32-fd-warnings,2,,,0,0,,,,,,
iiwa14,end_effector_pose_gradient,mujoco_cpu,1024,collection,unknown,unknown,3,adapter_pending,no matched full tangent-space derivative adapter,,,,,fp32-fd-warnings,2,,,0,0,,,,,,
iiwa14,end_effector_pose_gradient,mujoco_warp,16,collection,unknown,unknown,3,adapter_pending,no matched full tangent-space derivative adapter,,,,,fp32-fd-warnings,2,,,0,0,,,,,,
iiwa14,end_effector_pose_gradient,mujoco_warp,32,collection,unknown,unknown,3,adapter_pending,no matched full tangent-space derivative adapter,,,,,fp32-fd-warnings,2,,,0,0,,,,,,
iiwa14,end_effector_pose_gradient,mujoco_warp,64,collection,unknown,unknown,3,adapter_pending,no matched full tangent-space derivative adapter,,,,,fp32-fd-warnings,2,,,0,0,,,,,,
iiwa14,end_effector_pose_gradient,mujoco_warp,128,collection,unknown,unknown,3,adapter_pending,no matched full tangent-space derivative adapter,,,,,fp32-fd-warnings,2,,,0,0,,,,,,
iiwa14,end_effector_pose_gradient,mujoco_warp,256,collection,unknown,unknown,3,adapter_pending,no matched full tangent-space derivative adapter,,,,,fp32-fd-warnings,2,,,0,0,,,,,,
iiwa14,end_effector_pose_gradient,mujoco_warp,1024,collection,unknown,unknown,3,adapter_pending,no matched full tangent-space derivative adapter,,,,,fp32-fd-warnings,2,,,0,0,,,,,,
iiwa14,end_effector_pose_gradient,pinocchio,16,collection,unknown,unknown,3,adapter_pending,Pinocchio spatial kinematic derivatives are not the requested RPY pose-coordinate derivatives,,,,,fp32-fd-warnings,2,,,0,0,,,,,,
iiwa14,end_effector_pose_gradient,pinocchio,32,collection,unknown,unknown,3,adapter_pending,Pinocchio spatial kinematic derivatives are not the requested RPY pose-coordinate derivatives,,,,,fp32-fd-warnings,2,,,0,0,,,,,,
iiwa14,end_effector_pose_gradient,pinocchio,64,collection,unknown,unknown,3,adapter_pending,Pinocchio spatial kinematic derivatives are not the requested RPY pose-coordinate derivatives,,,,,fp32-fd-warnings,2,,,0,0,,,,,,
iiwa14,end_effector_pose_gradient,pinocchio,128,collection,unknown,unknown,3,adapter_pending,Pinocchio spatial kinematic derivatives are not the requested RPY pose-coordinate derivatives,,,,,fp32-fd-warnings,2,,,0,0,,,,,,
iiwa14,end_effector_pose_gradient,pinocchio,256,collection,unknown,unknown,3,adapter_pending,Pinocchio spatial kinematic derivatives are not the requested RPY pose-coordinate derivatives,,,,,fp32-fd-warnings,2,,,0,0,,,,,,
iiwa14,end_effector_pose_gradient,pinocchio,1024,collection,unknown,unknown,3,adapter_pending,Pinocchio spatial kinematic derivatives are not the requested RPY pose-coordinate derivatives,,,,,fp32-fd-warnings,2,,,0,0,,,,,,
iiwa14,end_effector_pose_gradient,pinocchio_plain,16,collection,unknown,unknown,3,adapter_pending,Pinocchio spatial kinematic derivatives are not the requested RPY pose-coordinate derivatives,,,,,fp32-fd-warnings,2,,,0,0,,,,,,
iiwa14,end_effector_pose_gradient,pinocchio_plain,32,collection,unknown,unknown,3,adapter_pending,Pinocchio spatial kinematic derivatives are not the requested RPY pose-coordinate derivatives,,,,,fp32-fd-warnings,2,,,0,0,,,,,,
iiwa14,end_effector_pose_gradient,pinocchio_plain,64,collection,unknown,unknown,3,adapter_pending,Pinocchio spatial kinematic derivatives are not the requested RPY pose-coordinate derivatives,,,,,fp32-fd-warnings,2,,,0,0,,,,,,
iiwa14,end_effector_pose_gradient,pinocchio_plain,128,collection,unknown,unknown,3,adapter_pending,Pinocchio spatial kinematic derivatives are not the requested RPY pose-coordinate derivatives,,,,,fp32-fd-warnings,2,,,0,0,,,,,,
iiwa14,end_effector_pose_gradient,pinocchio_plain,256,collection,unknown,unknown,3,adapter_pending,Pinocchio spatial kinematic derivatives are not the requested RPY pose-coordinate derivatives,,,,,fp32-fd-warnings,2,,,0,0,,,,,,
iiwa14,end_effector_pose_gradient,pinocchio_plain,1024,collection,unknown,unknown,3,adapter_pending,Pinocchio spatial kinematic derivatives are not the requested RPY pose-coordinate derivatives,,,,,fp32-fd-warnings,2,,,0,0,,,,,,
iiwa14,end_effector_pose_hessian,bard,16,collection,unknown,unknown,3,excluded_method,analytical Hessian study; no finite-difference or nested-autodiff Hessian sweep,,,,,fp32-fd-warnings,2,,,0,0,,,,,,
iiwa14,end_effector_pose_hessian,bard,32,collection,unknown,unknown,3,excluded_method,analytical Hessian study; no finite-difference or nested-autodiff Hessian sweep,,,,,fp32-fd-warnings,2,,,0,0,,,,,,
iiwa14,end_effector_pose_hessian,bard,64,collection,unknown,unknown,3,excluded_method,analytical Hessian study; no finite-difference or nested-autodiff Hessian sweep,,,,,fp32-fd-warnings,2,,,0,0,,,,,,
iiwa14,end_effector_pose_hessian,bard,128,collection,unknown,unknown,3,excluded_method,analytical Hessian study; no finite-difference or nested-autodiff Hessian sweep,,,,,fp32-fd-warnings,2,,,0,0,,,,,,
iiwa14,end_effector_pose_hessian,bard,256,collection,unknown,unknown,3,excluded_method,analytical Hessian study; no finite-difference or nested-autodiff Hessian sweep,,,,,fp32-fd-warnings,2,,,0,0,,,,,,
iiwa14,end_effector_pose_hessian,bard,1024,collection,unknown,unknown,3,excluded_method,analytical Hessian study; no finite-difference or nested-autodiff Hessian sweep,,,,,fp32-fd-warnings,2,,,0,0,,,,,,
iiwa14,end_effector_pose_hessian,frax,16,collection,unknown,unknown,3,excluded_method,analytical Hessian study; no finite-difference or nested-autodiff Hessian sweep,,,,,fp32-fd-warnings,2,,,0,0,,,,,,
iiwa14,end_effector_pose_hessian,frax,32,collection,unknown,unknown,3,excluded_method,analytical Hessian study; no finite-difference or nested-autodiff Hessian sweep,,,,,fp32-fd-warnings,2,,,0,0,,,,,,
iiwa14,end_effector_pose_hessian,frax,64,collection,unknown,unknown,3,excluded_method,analytical Hessian study; no finite-difference or nested-autodiff Hessian sweep,,,,,fp32-fd-warnings,2,,,0,0,,,,,,
iiwa14,end_effector_pose_hessian,frax,128,collection,unknown,unknown,3,excluded_method,analytical Hessian study; no finite-difference or nested-autodiff Hessian sweep,,,,,fp32-fd-warnings,2,,,0,0,,,,,,
iiwa14,end_effector_pose_hessian,frax,256,collection,unknown,unknown,3,excluded_method,analytical Hessian study; no finite-difference or nested-autodiff Hessian sweep,,,,,fp32-fd-warnings,2,,,0,0,,,,,,
iiwa14,end_effector_pose_hessian,frax,1024,collection,unknown,unknown,3,excluded_method,analytical Hessian study; no finite-difference or nested-autodiff Hessian sweep,,,,,fp32-fd-warnings,2,,,0,0,,,,,,
iiwa14,end_effector_pose_hessian,grid_jax,16,collection,float32,analytical,3,validated,,139.23693333333333,35.96093333333333,,,fp32-fd-warnings,2,0.0,0.0,0,4704,121.85763333333334,537.9528333333333,103.276,,2.2204460492503127e-05,4.724957695552032e-06
iiwa14,end_effector_pose_hessian,grid_jax,32,collection,float32,analytical,3,validated,,135.04646666666667,35.31053333333334,,,fp32-fd-warnings,2,0.0,0.0,0,9408,116.15356666666666,348.7805666666667,99.73593333333334,,2.9309119783604842e-05,2.649586802275079e-06
iiwa14,end_effector_pose_hessian,grid_jax,64,collection,float32,analytical,3,validated,,150.77816666666666,34.820699999999995,,,fp32-fd-warnings,2,0.0,0.0,0,18816,120.78923333333333,398.4612,115.95746666666668,,5.75594528999801e-05,2.5338396757846107e-06
iiwa14,end_effector_pose_hessian,grid_jax,128,collection,float32,analytical,3,validated,,326.2509333333334,35.21253333333333,,,fp32-fd-warnings,2,0.0,0.0,0,37632,154.64673333333334,594.2795,291.0384000000001,,5.75594528999801e-05,2.7791605190912683e-06
iiwa14,end_effector_pose_hessian,grid_jax,256,collection,float32,analytical,3,validated,,266.6033333333333,36.061099999999996,,,fp32-fd-warnings,2,0.0,0.0,0,75264,157.57883333333336,573.8705000000001,230.5422333333333,,0.00022586586419404142,2.6359506732538244e-06
iiwa14,end_effector_pose_hessian,grid_jax,1024,collection,float32,analytical,3,validated,,574.5601,49.926300000000005,,,fp32-fd-warnings,2,0.0,0.0,0,301056,252.23916666666665,688.6974333333332,524.6338000000001,,0.0015498168743874885,2.820025518660157e-06
iiwa14,end_effector_pose_hessian,mjx,16,collection,unknown,unknown,3,excluded_method,analytical Hessian study; no finite-difference or nested-autodiff Hessian sweep,,,,,fp32-fd-warnings,2,,,0,0,,,,,,
iiwa14,end_effector_pose_hessian,mjx,32,collection,unknown,unknown,3,excluded_method,analytical Hessian study; no finite-difference or nested-autodiff Hessian sweep,,,,,fp32-fd-warnings,2,,,0,0,,,,,,
iiwa14,end_effector_pose_hessian,mjx,64,collection,unknown,unknown,3,excluded_method,analytical Hessian study; no finite-difference or nested-autodiff Hessian sweep,,,,,fp32-fd-warnings,2,,,0,0,,,,,,
iiwa14,end_effector_pose_hessian,mjx,128,collection,unknown,unknown,3,excluded_method,analytical Hessian study; no finite-difference or nested-autodiff Hessian sweep,,,,,fp32-fd-warnings,2,,,0,0,,,,,,
iiwa14,end_effector_pose_hessian,mjx,256,collection,unknown,unknown,3,excluded_method,analytical Hessian study; no finite-difference or nested-autodiff Hessian sweep,,,,,fp32-fd-warnings,2,,,0,0,,,,,,
iiwa14,end_effector_pose_hessian,mjx,1024,collection,unknown,unknown,3,excluded_method,analytical Hessian study; no finite-difference or nested-autodiff Hessian sweep,,,,,fp32-fd-warnings,2,,,0,0,,,,,,
iiwa14,end_effector_pose_hessian,mujoco_cpu,16,collection,unknown,unknown,3,excluded_method,analytical Hessian study; no finite-difference or nested-autodiff Hessian sweep,,,,,fp32-fd-warnings,2,,,0,0,,,,,,
iiwa14,end_effector_pose_hessian,mujoco_cpu,32,collection,unknown,unknown,3,excluded_method,analytical Hessian study; no finite-difference or nested-autodiff Hessian sweep,,,,,fp32-fd-warnings,2,,,0,0,,,,,,
iiwa14,end_effector_pose_hessian,mujoco_cpu,64,collection,unknown,unknown,3,excluded_method,analytical Hessian study; no finite-difference or nested-autodiff Hessian sweep,,,,,fp32-fd-warnings,2,,,0,0,,,,,,
iiwa14,end_effector_pose_hessian,mujoco_cpu,128,collection,unknown,unknown,3,excluded_method,analytical Hessian study; no finite-difference or nested-autodiff Hessian sweep,,,,,fp32-fd-warnings,2,,,0,0,,,,,,
iiwa14,end_effector_pose_hessian,mujoco_cpu,256,collection,unknown,unknown,3,excluded_method,analytical Hessian study; no finite-difference or nested-autodiff Hessian sweep,,,,,fp32-fd-warnings,2,,,0,0,,,,,,
iiwa14,end_effector_pose_hessian,mujoco_cpu,1024,collection,unknown,unknown,3,excluded_method,analytical Hessian study; no finite-difference or nested-autodiff Hessian sweep,,,,,fp32-fd-warnings,2,,,0,0,,,,,,
iiwa14,end_effector_pose_hessian,mujoco_warp,16,collection,unknown,unknown,3,excluded_method,analytical Hessian study; no finite-difference or nested-autodiff Hessian sweep,,,,,fp32-fd-warnings,2,,,0,0,,,,,,
iiwa14,end_effector_pose_hessian,mujoco_warp,32,collection,unknown,unknown,3,excluded_method,analytical Hessian study; no finite-difference or nested-autodiff Hessian sweep,,,,,fp32-fd-warnings,2,,,0,0,,,,,,
iiwa14,end_effector_pose_hessian,mujoco_warp,64,collection,unknown,unknown,3,excluded_method,analytical Hessian study; no finite-difference or nested-autodiff Hessian sweep,,,,,fp32-fd-warnings,2,,,0,0,,,,,,
iiwa14,end_effector_pose_hessian,mujoco_warp,128,collection,unknown,unknown,3,excluded_method,analytical Hessian study; no finite-difference or nested-autodiff Hessian sweep,,,,,fp32-fd-warnings,2,,,0,0,,,,,,
iiwa14,end_effector_pose_hessian,mujoco_warp,256,collection,unknown,unknown,3,excluded_method,analytical Hessian study; no finite-difference or nested-autodiff Hessian sweep,,,,,fp32-fd-warnings,2,,,0,0,,,,,,
iiwa14,end_effector_pose_hessian,mujoco_warp,1024,collection,unknown,unknown,3,excluded_method,analytical Hessian study; no finite-difference or nested-autodiff Hessian sweep,,,,,fp32-fd-warnings,2,,,0,0,,,,,,
iiwa14,end_effector_pose_hessian,pinocchio,16,collection,unknown,unknown,3,adapter_pending,Pinocchio spatial kinematic derivatives are not the requested RPY pose-coordinate derivatives,,,,,fp32-fd-warnings,2,,,0,0,,,,,,
iiwa14,end_effector_pose_hessian,pinocchio,32,collection,unknown,unknown,3,adapter_pending,Pinocchio spatial kinematic derivatives are not the requested RPY pose-coordinate derivatives,,,,,fp32-fd-warnings,2,,,0,0,,,,,,
iiwa14,end_effector_pose_hessian,pinocchio,64,collection,unknown,unknown,3,adapter_pending,Pinocchio spatial kinematic derivatives are not the requested RPY pose-coordinate derivatives,,,,,fp32-fd-warnings,2,,,0,0,,,,,,
iiwa14,end_effector_pose_hessian,pinocchio,128,collection,unknown,unknown,3,adapter_pending,Pinocchio spatial kinematic derivatives are not the requested RPY pose-coordinate derivatives,,,,,fp32-fd-warnings,2,,,0,0,,,,,,
iiwa14,end_effector_pose_hessian,pinocchio,256,collection,unknown,unknown,3,adapter_pending,Pinocchio spatial kinematic derivatives are not the requested RPY pose-coordinate derivatives,,,,,fp32-fd-warnings,2,,,0,0,,,,,,
iiwa14,end_effector_pose_hessian,pinocchio,1024,collection,unknown,unknown,3,adapter_pending,Pinocchio spatial kinematic derivatives are not the requested RPY pose-coordinate derivatives,,,,,fp32-fd-warnings,2,,,0,0,,,,,,
iiwa14,end_effector_pose_hessian,pinocchio_plain,16,collection,unknown,unknown,3,adapter_pending,Pinocchio spatial kinematic derivatives are not the requested RPY pose-coordinate derivatives,,,,,fp32-fd-warnings,2,,,0,0,,,,,,
iiwa14,end_effector_pose_hessian,pinocchio_plain,32,collection,unknown,unknown,3,adapter_pending,Pinocchio spatial kinematic derivatives are not the requested RPY pose-coordinate derivatives,,,,,fp32-fd-warnings,2,,,0,0,,,,,,
iiwa14,end_effector_pose_hessian,pinocchio_plain,64,collection,unknown,unknown,3,adapter_pending,Pinocchio spatial kinematic derivatives are not the requested RPY pose-coordinate derivatives,,,,,fp32-fd-warnings,2,,,0,0,,,,,,
iiwa14,end_effector_pose_hessian,pinocchio_plain,128,collection,unknown,unknown,3,adapter_pending,Pinocchio spatial kinematic derivatives are not the requested RPY pose-coordinate derivatives,,,,,fp32-fd-warnings,2,,,0,0,,,,,,
iiwa14,end_effector_pose_hessian,pinocchio_plain,256,collection,unknown,unknown,3,adapter_pending,Pinocchio spatial kinematic derivatives are not the requested RPY pose-coordinate derivatives,,,,,fp32-fd-warnings,2,,,0,0,,,,,,
iiwa14,end_effector_pose_hessian,pinocchio_plain,1024,collection,unknown,unknown,3,adapter_pending,Pinocchio spatial kinematic derivatives are not the requested RPY pose-coordinate derivatives,,,,,fp32-fd-warnings,2,,,0,0,,,,,,
iiwa14,fdsva_so,bard,16,collection,unknown,unknown,3,excluded_method,analytical Hessian study; no finite-difference or nested-autodiff Hessian sweep,,,,,fp32-fd-warnings,2,,,0,0,,,,,,
iiwa14,fdsva_so,bard,32,collection,unknown,unknown,3,excluded_method,analytical Hessian study; no finite-difference or nested-autodiff Hessian sweep,,,,,fp32-fd-warnings,2,,,0,0,,,,,,
iiwa14,fdsva_so,bard,64,collection,unknown,unknown,3,excluded_method,analytical Hessian study; no finite-difference or nested-autodiff Hessian sweep,,,,,fp32-fd-warnings,2,,,0,0,,,,,,
iiwa14,fdsva_so,bard,128,collection,unknown,unknown,3,excluded_method,analytical Hessian study; no finite-difference or nested-autodiff Hessian sweep,,,,,fp32-fd-warnings,2,,,0,0,,,,,,
iiwa14,fdsva_so,bard,256,collection,unknown,unknown,3,excluded_method,analytical Hessian study; no finite-difference or nested-autodiff Hessian sweep,,,,,fp32-fd-warnings,2,,,0,0,,,,,,
iiwa14,fdsva_so,bard,1024,collection,unknown,unknown,3,excluded_method,analytical Hessian study; no finite-difference or nested-autodiff Hessian sweep,,,,,fp32-fd-warnings,2,,,0,0,,,,,,
iiwa14,fdsva_so,frax,16,collection,unknown,unknown,3,excluded_method,analytical Hessian study; no finite-difference or nested-autodiff Hessian sweep,,,,,fp32-fd-warnings,2,,,0,0,,,,,,
iiwa14,fdsva_so,frax,32,collection,unknown,unknown,3,excluded_method,analytical Hessian study; no finite-difference or nested-autodiff Hessian sweep,,,,,fp32-fd-warnings,2,,,0,0,,,,,,
iiwa14,fdsva_so,frax,64,collection,unknown,unknown,3,excluded_method,analytical Hessian study; no finite-difference or nested-autodiff Hessian sweep,,,,,fp32-fd-warnings,2,,,0,0,,,,,,
iiwa14,fdsva_so,frax,128,collection,unknown,unknown,3,excluded_method,analytical Hessian study; no finite-difference or nested-autodiff Hessian sweep,,,,,fp32-fd-warnings,2,,,0,0,,,,,,
iiwa14,fdsva_so,frax,256,collection,unknown,unknown,3,excluded_method,analytical Hessian study; no finite-difference or nested-autodiff Hessian sweep,,,,,fp32-fd-warnings,2,,,0,0,,,,,,
iiwa14,fdsva_so,frax,1024,collection,unknown,unknown,3,excluded_method,analytical Hessian study; no finite-difference or nested-autodiff Hessian sweep,,,,,fp32-fd-warnings,2,,,0,0,,,,,,
iiwa14,fdsva_so,grid_cuda,16,collection,float32,analytical,3,accuracy_warning,Entrywise oracle/variation gate exceeded; explicitly retained with errors reported,84.46090037027994,73.55613301595052,,128,fp32-fd-warnings,2,0.0,0.0,404,21952,84.29176661173503,84.64206720987956,10.904767354329422,,0.1617285967878388,0.00010521719984125934
iiwa14,fdsva_so,grid_cuda,32,collection,float32,analytical,3,accuracy_warning,Entrywise oracle/variation gate exceeded; explicitly retained with errors reported,86.84056676228842,73.51766713460286,,128,fp32-fd-warnings,2,0.0,0.0,683,43904,86.65526758829752,86.86503397623697,13.322899627685558,,0.1617285967878388,0.00010941380005732165
iiwa14,fdsva_so,grid_cuda,64,collection,float32,analytical,3,accuracy_warning,Entrywise oracle/variation gate exceeded; explicitly retained with errors reported,90.6663335164388,72.39026667277018,,128,fp32-fd-warnings,2,0.0,0.0,1133,87808,90.52860005696614,90.67803344726562,18.276066843668616,,0.1617285967878388,9.388322600976544e-05
iiwa14,fdsva_so,grid_cuda,128,collection,float32,analytical,3,accuracy_warning,Entrywise oracle/variation gate exceeded; explicitly retained with errors reported,114.83993352254232,72.31676686604818,,128,fp32-fd-warnings,2,0.0,0.0,1934,175616,114.6238998413086,116.68559977213542,42.52316665649414,,0.1617285967878388,8.690057887328473e-05
iiwa14,fdsva_so,grid_cuda,256,collection,float32,analytical,3,accuracy_warning,Entrywise oracle/variation gate exceeded; explicitly retained with errors reported,146.53723322550456,72.61106618245442,,128,fp32-fd-warnings,2,0.0,0.0,3754,351232,146.47880045572916,147.22933349609374,73.92616704305014,,0.1617285967878388,8.19595469849967e-05
iiwa14,fdsva_so,grid_cuda,1024,collection,float32,analytical,3,accuracy_warning,Entrywise oracle/variation gate exceeded; explicitly retained with errors reported,476.80156733194985,209.18706741333008,,128,fp32-fd-warnings,2,0.0,0.0,14134,1404928,473.7444674173991,477.2879336039225,267.6144999186198,,0.1617285967878388,7.972881494952748e-05
iiwa14,fdsva_so,grid_jax,16,collection,float32,analytical,3,accuracy_warning,Entrywise oracle/variation gate exceeded; explicitly retained with errors reported,528.9092666666668,171.1327333333333,,,fp32-fd-warnings,2,0.0,0.0,404,21952,468.2369,588.2502,357.7765333333335,,0.1617285967878388,0.00010521719984125934
iiwa14,fdsva_so,grid_jax,32,collection,float32,analytical,3,accuracy_warning,Entrywise oracle/variation gate exceeded; explicitly retained with errors reported,442.4735,97.8098,,,fp32-fd-warnings,2,0.0,0.0,683,43904,438.7904,757.0479333333333,344.6637,,0.1617285967878388,0.00010941380005732165
iiwa14,fdsva_so,grid_jax,64,collection,float32,analytical,3,accuracy_warning,Entrywise oracle/variation gate exceeded; explicitly retained with errors reported,564.0894666666666,105.40676666666667,,,fp32-fd-warnings,2,0.0,0.0,1133,87808,547.3692333333333,827.8667,458.6826999999999,,0.1617285967878388,9.388322600976544e-05
iiwa14,fdsva_so,grid_jax,128,collection,float32,analytical,3,accuracy_warning,Entrywise oracle/variation gate exceeded; explicitly retained with errors reported,633.7147999999999,120.38946666666669,,,fp32-fd-warnings,2,0.0,0.0,1934,175616,546.6897999999999,989.0507,513.3253333333332,,0.1617285967878388,8.690057887328473e-05
iiwa14,fdsva_so,grid_jax,256,collection,float32,analytical,3,accuracy_warning,Entrywise oracle/variation gate exceeded; explicitly retained with errors reported,691.3662666666665,139.32933333333332,,,fp32-fd-warnings,2,0.0,0.0,3754,351232,636.1689,1107.0145333333335,552.0369333333332,,0.1617285967878388,8.19595469849967e-05
iiwa14,fdsva_so,grid_jax,1024,collection,float32,analytical,3,accuracy_warning,Entrywise oracle/variation gate exceeded; explicitly retained with errors reported,1932.5095333333334,401.13676666666663,,,fp32-fd-warnings,2,0.0,0.0,14134,1404928,1783.6979999999999,2165.4225666666666,1531.3727666666668,,0.1617285967878388,7.972881494952748e-05
iiwa14,fdsva_so,mjx,16,collection,unknown,unknown,3,excluded_method,analytical Hessian study; no finite-difference or nested-autodiff Hessian sweep,,,,,fp32-fd-warnings,2,,,0,0,,,,,,
iiwa14,fdsva_so,mjx,32,collection,unknown,unknown,3,excluded_method,analytical Hessian study; no finite-difference or nested-autodiff Hessian sweep,,,,,fp32-fd-warnings,2,,,0,0,,,,,,
iiwa14,fdsva_so,mjx,64,collection,unknown,unknown,3,excluded_method,analytical Hessian study; no finite-difference or nested-autodiff Hessian sweep,,,,,fp32-fd-warnings,2,,,0,0,,,,,,
iiwa14,fdsva_so,mjx,128,collection,unknown,unknown,3,excluded_method,analytical Hessian study; no finite-difference or nested-autodiff Hessian sweep,,,,,fp32-fd-warnings,2,,,0,0,,,,,,
iiwa14,fdsva_so,mjx,256,collection,unknown,unknown,3,excluded_method,analytical Hessian study; no finite-difference or nested-autodiff Hessian sweep,,,,,fp32-fd-warnings,2,,,0,0,,,,,,
iiwa14,fdsva_so,mjx,1024,collection,unknown,unknown,3,excluded_method,analytical Hessian study; no finite-difference or nested-autodiff Hessian sweep,,,,,fp32-fd-warnings,2,,,0,0,,,,,,
iiwa14,fdsva_so,mujoco_cpu,16,collection,unknown,unknown,3,excluded_method,analytical Hessian study; no finite-difference or nested-autodiff Hessian sweep,,,,,fp32-fd-warnings,2,,,0,0,,,,,,
iiwa14,fdsva_so,mujoco_cpu,32,collection,unknown,unknown,3,excluded_method,analytical Hessian study; no finite-difference or nested-autodiff Hessian sweep,,,,,fp32-fd-warnings,2,,,0,0,,,,,,
iiwa14,fdsva_so,mujoco_cpu,64,collection,unknown,unknown,3,excluded_method,analytical Hessian study; no finite-difference or nested-autodiff Hessian sweep,,,,,fp32-fd-warnings,2,,,0,0,,,,,,
iiwa14,fdsva_so,mujoco_cpu,128,collection,unknown,unknown,3,excluded_method,analytical Hessian study; no finite-difference or nested-autodiff Hessian sweep,,,,,fp32-fd-warnings,2,,,0,0,,,,,,
iiwa14,fdsva_so,mujoco_cpu,256,collection,unknown,unknown,3,excluded_method,analytical Hessian study; no finite-difference or nested-autodiff Hessian sweep,,,,,fp32-fd-warnings,2,,,0,0,,,,,,
iiwa14,fdsva_so,mujoco_cpu,1024,collection,unknown,unknown,3,excluded_method,analytical Hessian study; no finite-difference or nested-autodiff Hessian sweep,,,,,fp32-fd-warnings,2,,,0,0,,,,,,
iiwa14,fdsva_so,mujoco_warp,16,collection,unknown,unknown,3,excluded_method,analytical Hessian study; no finite-difference or nested-autodiff Hessian sweep,,,,,fp32-fd-warnings,2,,,0,0,,,,,,
iiwa14,fdsva_so,mujoco_warp,32,collection,unknown,unknown,3,excluded_method,analytical Hessian study; no finite-difference or nested-autodiff Hessian sweep,,,,,fp32-fd-warnings,2,,,0,0,,,,,,
iiwa14,fdsva_so,mujoco_warp,64,collection,unknown,unknown,3,excluded_method,analytical Hessian study; no finite-difference or nested-autodiff Hessian sweep,,,,,fp32-fd-warnings,2,,,0,0,,,,,,
iiwa14,fdsva_so,mujoco_warp,128,collection,unknown,unknown,3,excluded_method,analytical Hessian study; no finite-difference or nested-autodiff Hessian sweep,,,,,fp32-fd-warnings,2,,,0,0,,,,,,
iiwa14,fdsva_so,mujoco_warp,256,collection,unknown,unknown,3,excluded_method,analytical Hessian study; no finite-difference or nested-autodiff Hessian sweep,,,,,fp32-fd-warnings,2,,,0,0,,,,,,
iiwa14,fdsva_so,mujoco_warp,1024,collection,unknown,unknown,3,excluded_method,analytical Hessian study; no finite-difference or nested-autodiff Hessian sweep,,,,,fp32-fd-warnings,2,,,0,0,,,,,,
iiwa14,fdsva_so,pinocchio,16,collection,float64,analytical direct/composed,3,validated,,56.26560000000001,,,8,fp32-fd-warnings,2,0.0,0.0,0,21952,54.211999999999996,57.0761,,,0.0,0.0
iiwa14,fdsva_so,pinocchio,32,collection,float64,analytical direct/composed,3,validated,,96.27680000000001,,,8,fp32-fd-warnings,2,0.0,0.0,0,43904,96.21616666666665,96.3787333333333,,,0.0,0.0
iiwa14,fdsva_so,pinocchio,64,collection,float64,analytical direct/composed,3,validated,,303.47533333333337,,,4/8,fp32-fd-warnings,2,0.0,0.0,0,87808,183.30916666666664,331.9469666666666,,,0.0,0.0
iiwa14,fdsva_so,pinocchio,128,collection,float64,analytical direct/composed,3,validated,,497.3584666666667,,,8,fp32-fd-warnings,2,0.0,0.0,0,175616,467.60196666666667,539.7786333333333,,,0.0,0.0
iiwa14,fdsva_so,pinocchio,256,collection,float64,analytical direct/composed,3,validated,,848.6143666666666,,,8,fp32-fd-warnings,2,0.0,0.0,0,351232,848.3568666666666,854.9886666666666,,,0.0,0.0
iiwa14,fdsva_so,pinocchio,1024,collection,float64,analytical direct/composed,3,validated,,2957.7049999999995,,,8,fp32-fd-warnings,2,0.0,0.0,0,1404928,2940.770466666667,2988.9532333333336,,,0.0,0.0
iiwa14,fdsva_so,pinocchio_plain,16,collection,float64,analytical direct/composed,3,validated,,55.0458,,,8,fp32-fd-warnings,2,0.0,0.0,0,21952,54.75703333333333,57.03066666666667,,,0.0,0.0
iiwa14,fdsva_so,pinocchio_plain,32,collection,float64,analytical direct/composed,3,validated,,96.52636666666665,,,8,fp32-fd-warnings,2,0.0,0.0,0,43904,96.48793333333334,277.83796666666666,,,0.0,0.0
iiwa14,fdsva_so,pinocchio_plain,64,collection,float64,analytical direct/composed,3,validated,,304.0461000000001,,,4/8,fp32-fd-warnings,2,0.0,0.0,0,87808,301.6552666666667,395.1936999999999,,,0.0,0.0
iiwa14,fdsva_so,pinocchio_plain,128,collection,float64,analytical direct/composed,3,validated,,525.7827333333333,,,8,fp32-fd-warnings,2,0.0,0.0,0,175616,518.8545666666665,532.1723666666666,,,0.0,0.0
iiwa14,fdsva_so,pinocchio_plain,256,collection,float64,analytical direct/composed,3,validated,,838.0457666666667,,,8,fp32-fd-warnings,2,0.0,0.0,0,351232,837.0439333333333,865.5930666666667,,,0.0,0.0
iiwa14,fdsva_so,pinocchio_plain,1024,collection,float64,analytical direct/composed,3,validated,,2934.207133333334,,,8,fp32-fd-warnings,2,0.0,0.0,0,1404928,2895.6209000000003,2966.483533333333,,,0.0,0.0
iiwa14,forward_dynamics,bard,16,collection,float32,library dynamics,3,validated,,2481.8788,2432.0397666666668,,,fp32-fd-warnings,2,0.0,0.0,0,112,2475.5477333333333,2559.368366666667,49.83903333333319,,0.0019212907299106519,7.309863308777043e-07
iiwa14,forward_dynamics,bard,32,collection,float32,library dynamics,3,validated,,2514.776733333334,2479.875333333334,,,fp32-fd-warnings,2,0.0,0.0,0,224,2511.585966666667,2644.801,34.901400000000194,,0.0019212907299106519,5.443908165201275e-07
iiwa14,forward_dynamics,bard,64,collection,float32,library dynamics,3,validated,,2540.6671333333334,2474.2520333333337,,,fp32-fd-warnings,2,0.0,0.0,0,448,2509.583533333333,2633.6829,66.41509999999971,,0.0019212907299106519,3.838711255043082e-07
iiwa14,forward_dynamics,bard,128,collection,float32,library dynamics,3,validated,,2541.0143666666672,2479.8733666666667,,,fp32-fd-warnings,2,0.0,0.0,0,896,2515.446066666666,2629.6611333333335,61.14100000000053,,0.002043361042410652,3.1773337706822453e-07
iiwa14,forward_dynamics,bard,256,collection,float32,library dynamics,3,validated,,2551.1509,2481.5985666666666,,,fp32-fd-warnings,2,0.0,0.0,0,1792,2519.3542333333335,2654.547566666666,69.55233333333354,,0.002043361042410652,2.3820023201248566e-07
iiwa14,forward_dynamics,bard,1024,collection,float32,library dynamics,3,validated,,2564.8207666666663,2490.7221000000004,,,fp32-fd-warnings,2,0.0,0.0,0,7168,2537.4182666666666,2673.4701,74.09866666666585,,0.002043361042410652,1.4162490200315767e-07
iiwa14,forward_dynamics,frax,16,collection,float32,library dynamics,3,accuracy_warning,Entrywise oracle/variation gate exceeded; explicitly retained with errors reported,269.13910000000004,113.99756666666667,,,fp32-fd-warnings,2,0.0,0.0,1,112,261.0914666666667,377.98173333333335,,negative total-minus-resident in at least one repeat; recollect,0.09124169113772496,4.5367674289483394e-05
iiwa14,forward_dynamics,frax,32,collection,float32,library dynamics,3,accuracy_warning,Entrywise oracle/variation gate exceeded; explicitly retained with errors reported,250.92019999999997,103.51320000000001,,,fp32-fd-warnings,2,0.0,0.0,2,224,250.76146666666665,368.8481333333333,147.40699999999995,,0.09263265103413687,4.4576250590018694e-05
iiwa14,forward_dynamics,frax,64,collection,float32,library dynamics,3,accuracy_warning,Entrywise oracle/variation gate exceeded; explicitly retained with errors reported,254.31496666666666,101.34930000000001,,,fp32-fd-warnings,2,0.0,0.0,3,448,249.16330000000005,285.13230000000004,,negative total-minus-resident in at least one repeat; recollect,0.09263265103413687,4.148553713121592e-05
iiwa14,forward_dynamics,frax,128,collection,float32,library dynamics,3,accuracy_warning,Entrywise oracle/variation gate exceeded; explicitly retained with errors reported,277.1198333333333,87.85203333333334,,,fp32-fd-warnings,2,0.0,0.0,7,896,258.2590666666667,488.65243333333325,189.26779999999997,,0.12626171035481093,4.92817684577593e-05
iiwa14,forward_dynamics,frax,256,collection,float32,library dynamics,3,accuracy_warning,Entrywise oracle/variation gate exceeded; explicitly retained with errors reported,288.39786666666674,98.74810000000001,,,fp32-fd-warnings,2,0.0,0.0,11,1792,262.2680666666667,351.5613,189.64976666666672,,0.12620067519856093,4.759233153673056e-05
iiwa14,forward_dynamics,frax,1024,collection,float32,library dynamics,3,accuracy_warning,Entrywise oracle/variation gate exceeded; explicitly retained with errors reported,274.02629999999994,108.6602,,,fp32-fd-warnings,2,0.0,0.0,61,7168,269.75303333333335,309.5400333333334,,negative total-minus-resident in at least one repeat; recollect,0.2338932121443804,5.676950278792644e-05
iiwa14,forward_dynamics,grid_cuda,16,collection,float32,analytical,3,validated,,24.851666514078776,15.72826665242513,,128,fp32-fd-warnings,2,0.0,0.0,0,112,24.822633361816408,24.85460001627604,9.123399861653645,,0.002501124714285652,8.812534455734735e-07
iiwa14,forward_dynamics,grid_cuda,32,collection,float32,analytical,3,validated,,24.97346700032552,15.735267130533854,,128,fp32-fd-warnings,2,0.0,0.0,0,224,24.93843307495117,24.97583262125651,9.238199869791666,,0.002501124714285652,6.580256779676289e-07
iiwa14,forward_dynamics,grid_cuda,64,collection,float32,analytical,3,validated,,25.01759974161784,15.631565856933594,,128,fp32-fd-warnings,2,0.0,0.0,0,448,25.007766469319662,25.074767049153646,9.386033884684245,,0.002501124714285652,4.6114114292890866e-07
iiwa14,forward_dynamics,grid_cuda,128,collection,float32,analytical,3,validated,,25.563633473714194,15.792899831136067,,128,fp32-fd-warnings,2,0.0,0.0,0,896,25.514167022705077,25.631666310628255,9.770733642578127,,0.002501124714285652,3.6055830309656856e-07
iiwa14,forward_dynamics,grid_cuda,256,collection,float32,analytical,3,validated,,26.505733235677084,16.018799845377604,,128,fp32-fd-warnings,2,0.0,0.0,0,1792,26.479166158040364,26.639166768391927,10.48693339029948,,0.002501124714285652,2.679973000095837e-07
iiwa14,forward_dynamics,grid_cuda,1024,collection,float32,analytical,3,validated,,38.66950022379557,26.94873301188151,,128,fp32-fd-warnings,2,0.0,0.0,0,7168,38.55230000813802,38.76010004679362,11.720767211914062,,0.002501124714285652,1.5368023785436452e-07
iiwa14,forward_dynamics,grid_jax,16,collection,float32,analytical,3,validated,,208.66036666666668,49.545666666666655,,,fp32-fd-warnings,2,0.0,0.0,0,112,195.1595666666667,217.52556666666663,159.11470000000003,,0.002501124714285652,8.812534455734735e-07
iiwa14,forward_dynamics,grid_jax,32,collection,float32,analytical,3,validated,,214.7139,114.47829999999999,,,fp32-fd-warnings,2,0.0,0.0,0,224,203.90149999999997,235.13526666666664,100.2356,,0.002501124714285652,6.580256779676289e-07
iiwa14,forward_dynamics,grid_jax,64,collection,float32,analytical,3,validated,,225.3092,51.24156666666667,,,fp32-fd-warnings,2,0.0,0.0,0,448,205.33260000000004,233.10109999999997,174.06763333333333,,0.002501124714285652,4.6114114292890866e-07
iiwa14,forward_dynamics,grid_jax,128,collection,float32,analytical,3,validated,,213.26519999999996,58.15826666666666,,,fp32-fd-warnings,2,0.0,0.0,0,896,201.89893333333333,214.48066666666668,155.1069333333333,,0.002501124714285652,3.6055830309656856e-07
iiwa14,forward_dynamics,grid_jax,256,collection,float32,analytical,3,validated,,422.2536333333333,59.1507,,,fp32-fd-warnings,2,0.0,0.0,0,1792,267.5663,483.48180000000013,363.10293333333334,,0.002501124714285652,2.679973000095837e-07
iiwa14,forward_dynamics,grid_jax,1024,collection,float32,analytical,3,validated,,284.70823333333334,70.3548,,,fp32-fd-warnings,2,0.0,0.0,0,7168,254.2628,322.7891333333334,214.35343333333333,,0.002501124714285652,1.5368023785436452e-07
iiwa14,forward_dynamics,mjx,16,collection,float32,simulator,3,validated,,532.9981666666666,180.55513333333332,,,fp32-fd-warnings,2,0.0,0.0,0,112,343.52049999999997,568.9244333333334,352.44303333333335,,0.015980755276814307,6.717301554636736e-06
iiwa14,forward_dynamics,mjx,32,collection,float32,simulator,3,validated,,551.6031333333334,375.19970000000006,,,fp32-fd-warnings,2,0.0,0.0,0,224,498.04333333333324,727.6553666666666,176.40343333333334,,0.040891561278158406,1.6690418609483517e-05
iiwa14,forward_dynamics,mjx,64,collection,float32,simulator,3,validated,,454.5362333333332,140.0094333333333,,,fp32-fd-warnings,2,0.0,0.0,0,448,287.74716666666666,668.9716333333334,314.52679999999987,,0.040891561278158406,1.386957594991255e-05
iiwa14,forward_dynamics,mjx,128,collection,float32,simulator,3,validated,,551.9377999999999,149.25300000000001,,,fp32-fd-warnings,2,0.0,0.0,0,896,413.45429999999993,562.1565999999999,402.6847999999999,,0.040891561278158406,1.5359070329327634e-05
iiwa14,forward_dynamics,mjx,256,collection,float32,simulator,3,validated,,481.04650000000004,193.22033333333331,,,fp32-fd-warnings,2,0.0,0.0,0,1792,385.5288,538.7625333333333,,negative total-minus-resident in at least one repeat; recollect,0.07289211195461576,1.5598681160193312e-05
iiwa14,forward_dynamics,mjx,1024,collection,float32,simulator,3,accuracy_warning,Entrywise oracle/variation gate exceeded; explicitly retained with errors reported,617.6199333333333,332.66280000000006,,,fp32-fd-warnings,2,0.0,0.0,3,7168,520.4191333333333,680.2594333333333,284.9571333333332,,0.07289211195461576,1.5366782197004594e-05
iiwa14,forward_dynamics,mujoco_cpu,16,collection,float64,simulator,3,validated,,36.81276666666667,,,,fp32-fd-warnings,2,0.0,0.0,0,112,36.59023333333333,37.378433333333334,,,7.742073648842052e-11,3.219987994981458e-14
iiwa14,forward_dynamics,mujoco_cpu,32,collection,float64,simulator,3,validated,,72.22970000000001,,,,fp32-fd-warnings,2,0.0,0.0,0,224,71.2701,73.01803333333332,,,7.742073648842052e-11,2.612176220505129e-14
iiwa14,forward_dynamics,mujoco_cpu,64,collection,float64,simulator,3,validated,,142.55553333333333,,,,fp32-fd-warnings,2,0.0,0.0,0,448,141.44143333333332,144.24326666666667,,,7.742073648842052e-11,2.7769117228489184e-14
iiwa14,forward_dynamics,mujoco_cpu,128,collection,float64,simulator,3,validated,,294.36763333333334,,,,fp32-fd-warnings,2,0.0,0.0,0,896,293.11536666666666,301.0953666666667,,,7.742073648842052e-11,2.6753696718214593e-14
iiwa14,forward_dynamics,mujoco_cpu,256,collection,float64,simulator,3,validated,,631.5298,,,,fp32-fd-warnings,2,0.0,0.0,0,1792,627.8707333333333,642.8404666666667,,,9.322320693172514e-11,2.6449245602246203e-14
iiwa14,forward_dynamics,mujoco_cpu,1024,collection,float64,simulator,3,validated,,2705.1067333333335,,,,fp32-fd-warnings,2,0.0,0.0,0,7168,2688.7627333333335,2851.5936666666666,,,9.5042196335271e-11,2.7369052053337446e-14
iiwa14,forward_dynamics,mujoco_warp,16,collection,float32,simulator,3,validated,,198.05316666666667,167.64013333333335,1231.5067999999999,,fp32-fd-warnings,2,0.0,0.0,0,112,197.52913333333333,199.00553333333335,30.413033333333317,,0.009186234988760589,5.656585567303837e-06
iiwa14,forward_dynamics,mujoco_warp,32,collection,float32,simulator,3,validated,,203.68663333333328,172.87923333333336,1272.2413000000001,,fp32-fd-warnings,2,0.0,0.0,0,224,203.6701666666667,205.19673333333333,30.807399999999916,,0.04101617356832321,1.2641201896821654e-05
iiwa14,forward_dynamics,mujoco_warp,64,collection,float32,simulator,3,validated,,217.24686666666665,182.13256666666666,1292.5551666666665,,fp32-fd-warnings,2,0.0,0.0,0,448,217.1125,217.6321,35.114299999999986,,0.04101617356832321,1.2555648267802202e-05
iiwa14,forward_dynamics,mujoco_warp,128,collection,float32,simulator,3,validated,,230.47486666666666,197.6832,1295.473066666667,,fp32-fd-warnings,2,0.0,0.0,0,896,230.2903,231.04036666666667,32.79166666666666,,0.04101617356832321,1.1196548650632605e-05
iiwa14,forward_dynamics,mujoco_warp,256,collection,float32,simulator,3,accuracy_warning,Entrywise oracle/variation gate exceeded; explicitly retained with errors reported,251.3572,217.2257,1291.0485999999999,,fp32-fd-warnings,2,0.0,0.0,1,1792,250.87103333333334,254.40396666666666,34.13150000000002,,0.04101617356832321,1.2095037732218542e-05
iiwa14,forward_dynamics,mujoco_warp,1024,collection,float32,simulator,3,accuracy_warning,Entrywise oracle/variation gate exceeded; explicitly retained with errors reported,279.0117333333333,238.86476666666664,1298.8521333333333,,fp32-fd-warnings,2,0.0,0.0,4,7168,278.6623333333334,279.5660333333334,40.146966666666685,,0.054876046835374837,1.2311655715952376e-05
iiwa14,forward_dynamics,pinocchio,16,collection,float32,codegen Minv/RNEA composition,3,accuracy_warning,Entrywise oracle/variation gate exceeded; explicitly retained with errors reported,11.444433333333336,,,1,fp32-fd-warnings,2,0.0,0.0,1,112,11.394933333333334,12.070299999999998,,,0.09333404804374368,3.670495890574109e-05
iiwa14,forward_dynamics,pinocchio,32,collection,float32,codegen Minv/RNEA composition,3,accuracy_warning,Entrywise oracle/variation gate exceeded; explicitly retained with errors reported,13.344133333333332,,,8,fp32-fd-warnings,2,0.0,0.0,2,224,12.587133333333334,13.715766666666665,,,0.09333404804374368,3.5704721726363124e-05
iiwa14,forward_dynamics,pinocchio,64,collection,float32,codegen Minv/RNEA composition,3,accuracy_warning,Entrywise oracle/variation gate exceeded; explicitly retained with errors reported,14.8453,,,8,fp32-fd-warnings,2,0.0,0.0,3,448,14.696300000000003,15.698866666666667,,,0.11481226901969421,4.255183084974339e-05
iiwa14,forward_dynamics,pinocchio,128,collection,float32,codegen Minv/RNEA composition,3,accuracy_warning,Entrywise oracle/variation gate exceeded; explicitly retained with errors reported,20.08596666666666,,,8,fp32-fd-warnings,2,0.0,0.0,6,896,19.704166666666666,20.218866666666667,,,0.19126415176106093,5.037304763590212e-05
iiwa14,forward_dynamics,pinocchio,256,collection,float32,codegen Minv/RNEA composition,3,accuracy_warning,Entrywise oracle/variation gate exceeded; explicitly retained with errors reported,30.008699999999997,,,8,fp32-fd-warnings,2,0.0,0.0,10,1792,29.761399999999995,30.303000000000004,,,0.19126415176106093,5.031080407521962e-05
iiwa14,forward_dynamics,pinocchio,1024,collection,float32,codegen Minv/RNEA composition,3,accuracy_warning,Entrywise oracle/variation gate exceeded; explicitly retained with errors reported,238.40533333333335,,,8,fp32-fd-warnings,2,0.0,0.0,50,7168,87.03616666666666,247.38036666666667,,,0.34896773719617613,4.9796961988092737e-05
iiwa14,forward_dynamics,pinocchio_plain,16,collection,float32,standard Pinocchio API (no codegen),3,validated,,13.610266666666666,,,8,fp32-fd-warnings,2,0.0,0.0,0,112,13.2045,13.997000000000002,,,0.008149510051339348,2.809787269716543e-06
iiwa14,forward_dynamics,pinocchio_plain,32,collection,float32,standard Pinocchio API (no codegen),3,validated,,17.118266666666667,,,8,fp32-fd-warnings,2,0.0,0.0,0,224,16.840933333333336,17.3458,,,0.008149510051339348,2.088053633812182e-06
iiwa14,forward_dynamics,pinocchio_plain,64,collection,float32,standard Pinocchio API (no codegen),3,validated,,23.66023333333333,,,8,fp32-fd-warnings,2,0.0,0.0,0,448,22.7574,23.7665,,,0.008149510051339348,1.4557339009240116e-06
iiwa14,forward_dynamics,pinocchio_plain,128,collection,float32,standard Pinocchio API (no codegen),3,validated,,36.79129999999999,,,8,fp32-fd-warnings,2,0.0,0.0,0,896,36.6701,38.13546666666666,,,0.008149510051339348,1.126240718910511e-06
iiwa14,forward_dynamics,pinocchio_plain,256,collection,float32,standard Pinocchio API (no codegen),3,validated,,61.070833333333326,,,8,fp32-fd-warnings,2,0.0,0.0,0,1792,59.77723333333333,62.7702,,,0.008149510051339348,8.208956860522206e-07
iiwa14,forward_dynamics,pinocchio_plain,1024,collection,float32,standard Pinocchio API (no codegen),3,validated,,413.3252333333333,,,8,fp32-fd-warnings,2,0.0,0.0,0,7168,388.15883333333335,425.7700000000001,,,0.008149510051339348,4.171428641651712e-07
iiwa14,forward_dynamics_gradient,bard,16,collection,unknown,unknown,3,adapter_pending,selected operation not wired; not a library capability claim,,,,,fp32-fd-warnings,2,,,0,0,,,,,,
iiwa14,forward_dynamics_gradient,bard,32,collection,unknown,unknown,3,adapter_pending,selected operation not wired; not a library capability claim,,,,,fp32-fd-warnings,2,,,0,0,,,,,,
iiwa14,forward_dynamics_gradient,bard,64,collection,unknown,unknown,3,adapter_pending,selected operation not wired; not a library capability claim,,,,,fp32-fd-warnings,2,,,0,0,,,,,,
iiwa14,forward_dynamics_gradient,bard,128,collection,unknown,unknown,3,adapter_pending,selected operation not wired; not a library capability claim,,,,,fp32-fd-warnings,2,,,0,0,,,,,,
iiwa14,forward_dynamics_gradient,bard,256,collection,unknown,unknown,3,adapter_pending,selected operation not wired; not a library capability claim,,,,,fp32-fd-warnings,2,,,0,0,,,,,,
iiwa14,forward_dynamics_gradient,bard,1024,collection,unknown,unknown,3,adapter_pending,selected operation not wired; not a library capability claim,,,,,fp32-fd-warnings,2,,,0,0,,,,,,
iiwa14,forward_dynamics_gradient,frax,16,collection,unknown,unknown,3,adapter_pending,selected operation not wired,,,,,fp32-fd-warnings,2,,,0,0,,,,,,
iiwa14,forward_dynamics_gradient,frax,32,collection,unknown,unknown,3,adapter_pending,selected operation not wired,,,,,fp32-fd-warnings,2,,,0,0,,,,,,
iiwa14,forward_dynamics_gradient,frax,64,collection,unknown,unknown,3,adapter_pending,selected operation not wired,,,,,fp32-fd-warnings,2,,,0,0,,,,,,
iiwa14,forward_dynamics_gradient,frax,128,collection,unknown,unknown,3,adapter_pending,selected operation not wired,,,,,fp32-fd-warnings,2,,,0,0,,,,,,
iiwa14,forward_dynamics_gradient,frax,256,collection,unknown,unknown,3,adapter_pending,selected operation not wired,,,,,fp32-fd-warnings,2,,,0,0,,,,,,
iiwa14,forward_dynamics_gradient,frax,1024,collection,unknown,unknown,3,adapter_pending,selected operation not wired,,,,,fp32-fd-warnings,2,,,0,0,,,,,,
iiwa14,forward_dynamics_gradient,grid_cuda,16,collection,float32,analytical,3,accuracy_warning,Entrywise oracle/variation gate exceeded; explicitly retained with errors reported,33.494667053222656,24.2953000386556,,128,fp32-fd-warnings,2,0.0,0.0,2,1568,33.485965983072916,33.57663319905599,9.199367014567056,,0.007621008957215251,6.219397666454594e-06
iiwa14,forward_dynamics_gradient,grid_cuda,32,collection,float32,analytical,3,accuracy_warning,Entrywise oracle/variation gate exceeded; explicitly retained with errors reported,33.74590047200521,24.302566528320312,,128,fp32-fd-warnings,2,0.0,0.0,2,3136,33.683266703287764,33.83626658121745,9.443333943684898,,0.007621008957215251,5.793440332554963e-06
iiwa14,forward_dynamics_gradient,grid_cuda,64,collection,float32,analytical,3,accuracy_warning,Entrywise oracle/variation gate exceeded; explicitly retained with errors reported,33.50660044352214,23.72326685587565,,128,fp32-fd-warnings,2,0.0,0.0,2,6272,33.43899993896484,33.526266988118486,9.783333587646489,,0.007621008957215251,5.16565448567336e-06
iiwa14,forward_dynamics_gradient,grid_cuda,128,collection,float32,analytical,3,accuracy_warning,Entrywise oracle/variation gate exceeded; explicitly retained with errors reported,34.41890004475911,23.640933227539062,,128,fp32-fd-warnings,2,0.0,0.0,2,12544,34.372999827067055,34.45336659749349,10.777966817220051,,0.007621008957215251,4.4659422001846105e-06
iiwa14,forward_dynamics_gradient,grid_cuda,256,collection,float32,analytical,3,accuracy_warning,Entrywise oracle/variation gate exceeded; explicitly retained with errors reported,36.173500061035156,23.4998659769694,,128,fp32-fd-warnings,2,0.0,0.0,2,25088,36.082566324869795,36.32493311564128,12.673634084065757,,0.007621008957215251,3.607809551448492e-06
iiwa14,forward_dynamics_gradient,grid_cuda,1024,collection,float32,analytical,3,accuracy_warning,Entrywise oracle/variation gate exceeded; explicitly retained with errors reported,81.19839986165364,58.49526697794597,,128,fp32-fd-warnings,2,0.0,0.0,2,100352,80.8122334798177,81.87793350219727,22.703132883707674,,0.007621008957215251,2.413855072519938e-06
iiwa14,forward_dynamics_gradient,grid_jax,16,collection,float32,analytical,3,accuracy_warning,Entrywise oracle/variation gate exceeded; explicitly retained with errors reported,217.24966666666668,64.7726,,,fp32-fd-warnings,2,0.0,0.0,2,1568,211.21773333333337,329.2509666666667,152.4770666666667,,0.007621008957215251,6.219397666454594e-06
iiwa14,forward_dynamics_gradient,grid_jax,32,collection,float32,analytical,3,accuracy_warning,Entrywise oracle/variation gate exceeded; explicitly retained with errors reported,218.2371333333334,69.75263333333334,,,fp32-fd-warnings,2,0.0,0.0,2,3136,206.80029999999996,219.7473,148.48450000000005,,0.007621008957215251,5.793440332554963e-06
iiwa14,forward_dynamics_gradient,grid_jax,64,collection,float32,analytical,3,accuracy_warning,Entrywise oracle/variation gate exceeded; explicitly retained with errors reported,218.9738,69.66076666666666,,,fp32-fd-warnings,2,0.0,0.0,2,6272,217.23316666666668,279.53346666666664,149.31303333333335,,0.007621008957215251,5.16565448567336e-06
iiwa14,forward_dynamics_gradient,grid_jax,128,collection,float32,analytical,3,accuracy_warning,Entrywise oracle/variation gate exceeded; explicitly retained with errors reported,220.56959999999998,69.38393333333332,,,fp32-fd-warnings,2,0.0,0.0,2,12544,219.57986666666665,244.17880000000005,151.18566666666666,,0.007621008957215251,4.4659422001846105e-06
iiwa14,forward_dynamics_gradient,grid_jax,256,collection,float32,analytical,3,accuracy_warning,Entrywise oracle/variation gate exceeded; explicitly retained with errors reported,260.37889999999993,69.7238,,,fp32-fd-warnings,2,0.0,0.0,2,25088,231.55589999999995,302.3234,190.65509999999995,,0.007621008957215251,3.607809551448492e-06
iiwa14,forward_dynamics_gradient,grid_jax,1024,collection,float32,analytical,3,accuracy_warning,Entrywise oracle/variation gate exceeded; explicitly retained with errors reported,304.1263,114.15126666666669,,,fp32-fd-warnings,2,0.0,0.0,2,100352,298.57579999999996,346.8025333333334,189.97503333333333,,0.007621008957215251,2.413855072519938e-06
iiwa14,forward_dynamics_gradient,mjx,16,collection,float32,autodiff,3,accuracy_warning,Entrywise oracle/variation gate exceeded; explicitly retained with errors reported,917.9939666666666,594.5884666666667,,,fp32-fd-warnings,2,0.0,0.0,58,1568,883.6622333333332,1290.4646,323.40549999999985,,0.04279377084374758,6.295996538606389e-05
iiwa14,forward_dynamics_gradient,mjx,32,collection,float32,autodiff,3,accuracy_warning,Entrywise oracle/variation gate exceeded; explicitly retained with errors reported,855.2620000000001,437.06763333333333,,,fp32-fd-warnings,2,0.0,0.0,126,3136,592.8125000000001,903.9037666666666,418.1943666666667,,0.07803587210032559,9.61617200137036e-05
iiwa14,forward_dynamics_gradient,mjx,64,collection,float32,autodiff,3,accuracy_warning,Entrywise oracle/variation gate exceeded; explicitly retained with errors reported,945.6676000000002,587.2766333333333,,,fp32-fd-warnings,2,0.0,0.0,269,6272,779.274133333333,1201.1879,358.39096666666694,,0.07803587210032559,0.00010902622745634442
iiwa14,forward_dynamics_gradient,mjx,128,collection,float32,autodiff,3,accuracy_warning,Entrywise oracle/variation gate exceeded; explicitly retained with errors reported,1264.3544000000002,699.7193000000001,,,fp32-fd-warnings,2,0.0,0.0,519,12544,921.6752666666667,1272.7085000000002,564.6351000000001,,0.1119286613246544,0.00014289730813440198
iiwa14,forward_dynamics_gradient,mjx,256,collection,float32,autodiff,3,accuracy_warning,Entrywise oracle/variation gate exceeded; explicitly retained with errors reported,1038.6339999999998,672.6222666666667,,,fp32-fd-warnings,2,0.0,0.0,1022,25088,802.0341333333332,1103.7800333333334,366.01173333333304,,0.1119286613246544,0.00015321514256051938
iiwa14,forward_dynamics_gradient,mjx,1024,collection,float32,autodiff,3,accuracy_warning,Entrywise oracle/variation gate exceeded; explicitly retained with errors reported,1205.3955666666666,827.6715333333334,,,fp32-fd-warnings,2,0.0,0.0,4149,100352,1145.6340666666667,1389.4095999999995,377.7240333333332,,0.11195154950824815,0.00017892620979450072
iiwa14,forward_dynamics_gradient,mujoco_cpu,16,collection,unknown,unknown,3,adapter_pending,no matched full tangent-space derivative adapter,,,,,fp32-fd-warnings,2,,,0,0,,,,,,
iiwa14,forward_dynamics_gradient,mujoco_cpu,32,collection,unknown,unknown,3,adapter_pending,no matched full tangent-space derivative adapter,,,,,fp32-fd-warnings,2,,,0,0,,,,,,
iiwa14,forward_dynamics_gradient,mujoco_cpu,64,collection,unknown,unknown,3,adapter_pending,no matched full tangent-space derivative adapter,,,,,fp32-fd-warnings,2,,,0,0,,,,,,
iiwa14,forward_dynamics_gradient,mujoco_cpu,128,collection,unknown,unknown,3,adapter_pending,no matched full tangent-space derivative adapter,,,,,fp32-fd-warnings,2,,,0,0,,,,,,
iiwa14,forward_dynamics_gradient,mujoco_cpu,256,collection,unknown,unknown,3,adapter_pending,no matched full tangent-space derivative adapter,,,,,fp32-fd-warnings,2,,,0,0,,,,,,
iiwa14,forward_dynamics_gradient,mujoco_cpu,1024,collection,unknown,unknown,3,adapter_pending,no matched full tangent-space derivative adapter,,,,,fp32-fd-warnings,2,,,0,0,,,,,,
iiwa14,forward_dynamics_gradient,mujoco_warp,16,collection,unknown,unknown,3,adapter_pending,no matched full tangent-space derivative adapter,,,,,fp32-fd-warnings,2,,,0,0,,,,,,
iiwa14,forward_dynamics_gradient,mujoco_warp,32,collection,unknown,unknown,3,adapter_pending,no matched full tangent-space derivative adapter,,,,,fp32-fd-warnings,2,,,0,0,,,,,,
iiwa14,forward_dynamics_gradient,mujoco_warp,64,collection,unknown,unknown,3,adapter_pending,no matched full tangent-space derivative adapter,,,,,fp32-fd-warnings,2,,,0,0,,,,,,
iiwa14,forward_dynamics_gradient,mujoco_warp,128,collection,unknown,unknown,3,adapter_pending,no matched full tangent-space derivative adapter,,,,,fp32-fd-warnings,2,,,0,0,,,,,,
iiwa14,forward_dynamics_gradient,mujoco_warp,256,collection,unknown,unknown,3,adapter_pending,no matched full tangent-space derivative adapter,,,,,fp32-fd-warnings,2,,,0,0,,,,,,
iiwa14,forward_dynamics_gradient,mujoco_warp,1024,collection,unknown,unknown,3,adapter_pending,no matched full tangent-space derivative adapter,,,,,fp32-fd-warnings,2,,,0,0,,,,,,
iiwa14,forward_dynamics_gradient,pinocchio,16,collection,float32,codegen Minv/RNEA composition,3,accuracy_warning,Entrywise oracle/variation gate exceeded; explicitly retained with errors reported,16.114633333333334,,,8,fp32-fd-warnings,2,0.0,0.0,24,1568,15.469833333333332,16.6836,,,0.0777674367390091,7.342590147277163e-05
iiwa14,forward_dynamics_gradient,pinocchio,32,collection,float32,codegen Minv/RNEA composition,3,accuracy_warning,Entrywise oracle/variation gate exceeded; explicitly retained with errors reported,20.772800000000004,,,8,fp32-fd-warnings,2,0.0,0.0,32,3136,20.393099999999997,21.497633333333333,,,0.0777674367390091,6.949826736159877e-05
iiwa14,forward_dynamics_gradient,pinocchio,64,collection,float32,codegen Minv/RNEA composition,3,accuracy_warning,Entrywise oracle/variation gate exceeded; explicitly retained with errors reported,30.83926666666667,,,8,fp32-fd-warnings,2,0.0,0.0,49,6272,30.700966666666666,30.8834,,,0.0777674367390091,6.488568216571675e-05
iiwa14,forward_dynamics_gradient,pinocchio,128,collection,float32,codegen Minv/RNEA composition,3,accuracy_warning,Entrywise oracle/variation gate exceeded; explicitly retained with errors reported,51.15606666666666,,,8,fp32-fd-warnings,2,0.0,0.0,85,12544,50.51226666666667,55.36513333333333,,,0.0777674367390091,5.7737789402230215e-05
iiwa14,forward_dynamics_gradient,pinocchio,256,collection,float32,codegen Minv/RNEA composition,3,accuracy_warning,Entrywise oracle/variation gate exceeded; explicitly retained with errors reported,220.70819999999998,,,8,fp32-fd-warnings,2,0.0,0.0,157,25088,77.14840000000001,311.3530666666667,,,0.0777674367390091,5.1808326722049036e-05
iiwa14,forward_dynamics_gradient,pinocchio,1024,collection,float32,codegen Minv/RNEA composition,3,accuracy_warning,Entrywise oracle/variation gate exceeded; explicitly retained with errors reported,503.7323333333334,,,8,fp32-fd-warnings,2,0.0,0.0,493,100352,483.40956666666676,529.7225999999999,,,0.0777674367390091,4.32852030743528e-05
iiwa14,forward_dynamics_gradient,pinocchio_plain,16,collection,float32,standard Pinocchio API (no codegen),3,accuracy_warning,Entrywise oracle/variation gate exceeded; explicitly retained with errors reported,17.40363333333333,,,8,fp32-fd-warnings,2,0.0,0.0,25,1568,17.1416,18.2076,,,0.03887706195797591,6.031884034730719e-05
iiwa14,forward_dynamics_gradient,pinocchio_plain,32,collection,float32,standard Pinocchio API (no codegen),3,accuracy_warning,Entrywise oracle/variation gate exceeded; explicitly retained with errors reported,23.747133333333334,,,8,fp32-fd-warnings,2,0.0,0.0,34,3136,23.582533333333338,24.07283333333333,,,0.03887706195797591,5.812352381803198e-05
iiwa14,forward_dynamics_gradient,pinocchio_plain,64,collection,float32,standard Pinocchio API (no codegen),3,accuracy_warning,Entrywise oracle/variation gate exceeded; explicitly retained with errors reported,36.501099999999994,,,8,fp32-fd-warnings,2,0.0,0.0,47,6272,36.426966666666665,37.874966666666666,,,0.03887706195797591,5.512233151116968e-05
iiwa14,forward_dynamics_gradient,pinocchio_plain,128,collection,float32,standard Pinocchio API (no codegen),3,accuracy_warning,Entrywise oracle/variation gate exceeded; explicitly retained with errors reported,62.107266666666675,,,8,fp32-fd-warnings,2,0.0,0.0,68,12544,56.88486666666667,62.48996666666667,,,0.03887706195797591,5.0332550395218326e-05
iiwa14,forward_dynamics_gradient,pinocchio_plain,256,collection,float32,standard Pinocchio API (no codegen),3,accuracy_warning,Entrywise oracle/variation gate exceeded; explicitly retained with errors reported,116.08289999999998,,,8,fp32-fd-warnings,2,0.0,0.0,135,25088,113.2179,249.86773333333335,,,0.03887706195797591,4.6625712526197876e-05
iiwa14,forward_dynamics_gradient,pinocchio_plain,1024,collection,float32,standard Pinocchio API (no codegen),3,accuracy_warning,Entrywise oracle/variation gate exceeded; explicitly retained with errors reported,569.6706333333333,,,8,fp32-fd-warnings,2,0.0,0.0,566,100352,555.8843666666667,588.2602666666666,,,0.03887706195797591,4.2751432714640816e-05
iiwa14,generalized_gravity,bard,16,collection,float32,library dynamics,3,validated,,1650.3422,1599.1330000000003,,,fp32-fd-warnings,2,0.0,0.0,0,112,1649.6177999999998,1688.4427666666666,51.20919999999978,,1.4452684133914317e-05,1.5695723288634408e-07
iiwa14,generalized_gravity,bard,32,collection,float32,library dynamics,3,validated,,1675.7433999999998,1621.067233333333,,,fp32-fd-warnings,2,0.0,0.0,0,224,1665.1965666666665,1716.1300000000003,54.67616666666686,,1.4452684133914317e-05,1.5742463172157795e-07
iiwa14,generalized_gravity,bard,64,collection,float32,library dynamics,3,validated,,1686.4778666666664,1618.9800666666663,,,fp32-fd-warnings,2,0.0,0.0,0,448,1677.8111666666668,1726.3078666666665,67.4978000000001,,1.4452684133914317e-05,1.400901922222987e-07
iiwa14,generalized_gravity,bard,128,collection,float32,library dynamics,3,validated,,1681.9230333333333,1616.6128666666666,,,fp32-fd-warnings,2,0.0,0.0,0,896,1679.4108666666668,1726.0526333333335,65.31016666666665,,1.574715962249229e-05,1.317183780950504e-07
iiwa14,generalized_gravity,bard,256,collection,float32,library dynamics,3,validated,,1757.8352999999997,1697.8994333333333,,,fp32-fd-warnings,2,0.0,0.0,0,1792,1684.2117666666666,1768.298566666667,59.93586666666647,,1.574715962249229e-05,1.3200940961244228e-07
iiwa14,generalized_gravity,bard,1024,collection,float32,library dynamics,3,validated,,1761.5766666666668,1686.508,,,fp32-fd-warnings,2,0.0,0.0,0,7168,1737.5120333333334,1782.2128000000002,75.06866666666679,,1.991407862789174e-05,1.3692710851692294e-07
iiwa14,generalized_gravity,frax,16,collection,float32,library dynamics,3,validated,,204.23996666666667,70.98436666666666,,,fp32-fd-warnings,2,0.0,0.0,0,112,203.57600000000005,205.24766666666665,,negative total-minus-resident in at least one repeat; recollect,1.5867635994482043e-05,1.8056085203962766e-07
iiwa14,generalized_gravity,frax,32,collection,float32,library dynamics,3,validated,,201.3061,68.78759999999998,,,fp32-fd-warnings,2,0.0,0.0,0,224,200.7139666666667,203.10690000000002,,negative total-minus-resident in at least one repeat; recollect,1.5867635994482043e-05,1.4404204201023158e-07
iiwa14,generalized_gravity,frax,64,collection,float32,library dynamics,3,validated,,201.8589,72.47766666666666,,,fp32-fd-warnings,2,0.0,0.0,0,448,200.06316666666666,203.2818333333333,129.38123333333334,,1.5867635994482043e-05,1.3399688398543046e-07
iiwa14,generalized_gravity,frax,128,collection,float32,library dynamics,3,validated,,202.8322,59.757266666666666,,,fp32-fd-warnings,2,0.0,0.0,0,896,199.12443333333331,215.40546666666668,143.07493333333332,,1.5867635994482043e-05,1.1613957505058168e-07
iiwa14,generalized_gravity,frax,256,collection,float32,library dynamics,3,validated,,224.20803333333336,68.22996666666667,,,fp32-fd-warnings,2,0.0,0.0,0,1792,203.69186666666664,299.04376666666667,155.97806666666668,,1.5867635994482043e-05,1.1999397222373665e-07
iiwa14,generalized_gravity,frax,1024,collection,float32,library dynamics,3,validated,,237.6482,91.7435,,,fp32-fd-warnings,2,0.0,0.0,0,7168,221.58310000000003,245.90636666666663,,negative total-minus-resident in at least one repeat; recollect,1.5867635994482043e-05,1.2331297733683785e-07
iiwa14,generalized_gravity,grid_cuda,16,collection,float32,analytical,3,validated,,17.048400115966796,11.279633076985677,,128,fp32-fd-warnings,2,0.0,0.0,0,112,16.869200134277342,17.10586649576823,5.768767038981119,,1.0637986868289317e-05,1.0588755500110114e-07
iiwa14,generalized_gravity,grid_cuda,32,collection,float32,analytical,3,validated,,17.022633107503257,11.263566335042318,,128,fp32-fd-warnings,2,0.0,0.0,0,224,16.934933217366538,17.139733378092448,5.759066772460939,,1.0637986868289317e-05,1.1568923236499055e-07
iiwa14,generalized_gravity,grid_cuda,64,collection,float32,analytical,3,validated,,17.19836680094401,11.232366943359375,,128,fp32-fd-warnings,2,0.0,0.0,0,448,17.102633666992187,17.1996332804362,5.965999857584636,,1.574715962249229e-05,1.3196319612875676e-07
iiwa14,generalized_gravity,grid_cuda,128,collection,float32,analytical,3,validated,,17.560767364501952,11.29883295694987,,128,fp32-fd-warnings,2,0.0,0.0,0,896,17.485100301106772,17.71856689453125,6.261934407552083,,1.574715962249229e-05,1.3283020244979133e-07
iiwa14,generalized_gravity,grid_cuda,256,collection,float32,analytical,3,validated,,18.444933319091795,11.486399841308593,,128,fp32-fd-warnings,2,0.0,0.0,0,1792,18.416066487630207,18.542433166503905,6.958533477783202,,1.574715962249229e-05,1.3059095362220899e-07
iiwa14,generalized_gravity,grid_cuda,1024,collection,float32,analytical,3,validated,,21.433433278401694,12.51750005086263,,128,fp32-fd-warnings,2,0.0,0.0,0,7168,21.31916707356771,21.458799743652342,8.915933227539064,,1.5817737256895725e-05,1.3761194392861345e-07
iiwa14,generalized_gravity,grid_jax,16,collection,float32,analytical,3,validated,,121.51526666666668,36.854366666666664,,,fp32-fd-warnings,2,0.0,0.0,0,112,111.48716666666668,129.576,84.66090000000001,,1.0637986868289317e-05,1.0588755500110114e-07
iiwa14,generalized_gravity,grid_jax,32,collection,float32,analytical,3,validated,,116.87160000000002,37.199,,,fp32-fd-warnings,2,0.0,0.0,0,224,112.61526666666666,119.06700000000001,79.67260000000002,,1.0637986868289317e-05,1.1568923236499055e-07
iiwa14,generalized_gravity,grid_jax,64,collection,float32,analytical,3,validated,,115.10383333333334,36.872566666666664,,,fp32-fd-warnings,2,0.0,0.0,0,448,112.80439999999999,116.87069999999999,78.23126666666667,,1.574715962249229e-05,1.3196319612875676e-07
iiwa14,generalized_gravity,grid_jax,128,collection,float32,analytical,3,validated,,116.53490000000001,39.25473333333333,,,fp32-fd-warnings,2,0.0,0.0,0,896,114.97906666666667,366.3450333333333,77.28016666666667,,1.574715962249229e-05,1.3283020244979133e-07
iiwa14,generalized_gravity,grid_jax,256,collection,float32,analytical,3,validated,,122.14723333333333,37.429700000000004,,,fp32-fd-warnings,2,0.0,0.0,0,1792,115.87783333333336,350.0359666666666,84.71753333333334,,1.574715962249229e-05,1.3059095362220899e-07
iiwa14,generalized_gravity,grid_jax,1024,collection,float32,analytical,3,validated,,119.75750000000001,38.396133333333324,,,fp32-fd-warnings,2,0.0,0.0,0,7168,115.78569999999999,133.60046666666668,81.36136666666668,,1.5817737256895725e-05,1.3761194392861345e-07
iiwa14,generalized_gravity,mjx,16,collection,float32,simulator inverse dynamics at zero velocity and acceleration,3,validated,,492.7603,109.46836666666665,,,fp32-fd-warnings,2,0.0,0.0,0,112,354.9651333333334,623.4065333333333,383.2919333333333,,1.35730364050346e-05,2.1310166833348279e-07
iiwa14,generalized_gravity,mjx,32,collection,float32,simulator inverse dynamics at zero velocity and acceleration,3,validated,,505.6633,104.14426666666667,,,fp32-fd-warnings,2,0.0,0.0,0,224,273.9382333333333,547.5977666666666,401.5190333333333,,1.7029196037299243e-05,1.973622140275028e-07
iiwa14,generalized_gravity,mjx,64,collection,float32,simulator inverse dynamics at zero velocity and acceleration,3,validated,,424.6656999999999,116.54353333333333,,,fp32-fd-warnings,2,0.0,0.0,0,448,339.51683333333324,508.3013,308.12216666666654,,1.7029196037299243e-05,2.0555511159829259e-07
iiwa14,generalized_gravity,mjx,128,collection,float32,simulator inverse dynamics at zero velocity and acceleration,3,validated,,399.9038666666667,120.87023333333333,,,fp32-fd-warnings,2,0.0,0.0,0,896,291.96883333333335,647.5673666666667,,negative total-minus-resident in at least one repeat; recollect,1.7029196037299243e-05,1.893927342922983e-07
iiwa14,generalized_gravity,mjx,256,collection,float32,simulator inverse dynamics at zero velocity and acceleration,3,validated,,424.4432666666666,239.2024,,,fp32-fd-warnings,2,0.0,0.0,0,1792,399.87559999999996,452.90593333333334,185.2408666666666,,1.7029196037299243e-05,1.794316137242036e-07
iiwa14,generalized_gravity,mjx,1024,collection,float32,simulator inverse dynamics at zero velocity and acceleration,3,validated,,443.77823333333333,290.2250666666667,,,fp32-fd-warnings,2,0.0,0.0,0,7168,355.06533333333334,451.46659999999997,153.55316666666664,,2.0661694527746022e-05,1.8960269016982383e-07
iiwa14,generalized_gravity,mujoco_cpu,16,collection,float64,simulator inverse dynamics at zero velocity and acceleration,3,validated,,37.26063333333333,,,,fp32-fd-warnings,2,0.0,0.0,0,112,36.461433333333325,38.00966666666666,,,7.105427357601002e-14,9.640580631703997e-16
iiwa14,generalized_gravity,mujoco_cpu,32,collection,float64,simulator inverse dynamics at zero velocity and acceleration,3,validated,,73.64436666666667,,,,fp32-fd-warnings,2,0.0,0.0,0,224,72.23063333333333,75.23053333333334,,,7.105427357601002e-14,8.779758174707117e-16
iiwa14,generalized_gravity,mujoco_cpu,64,collection,float64,simulator inverse dynamics at zero velocity and acceleration,3,validated,,144.49906666666666,,,,fp32-fd-warnings,2,0.0,0.0,0,448,144.18040000000002,148.66726666666665,,,7.105427357601002e-14,8.134069407205449e-16
iiwa14,generalized_gravity,mujoco_cpu,128,collection,float64,simulator inverse dynamics at zero velocity and acceleration,3,validated,,296.7928666666666,,,,fp32-fd-warnings,2,0.0,0.0,0,896,294.03103333333337,303.8623666666666,,,7.105427357601002e-14,8.203999690457977e-16
iiwa14,generalized_gravity,mujoco_cpu,256,collection,float64,simulator inverse dynamics at zero velocity and acceleration,3,validated,,629.1174666666666,,,,fp32-fd-warnings,2,0.0,0.0,0,1792,628.8102333333334,644.6224999999998,,,7.105427357601002e-14,8.373738895750235e-16
iiwa14,generalized_gravity,mujoco_cpu,1024,collection,float64,simulator inverse dynamics at zero velocity and acceleration,3,validated,,2614.1919666666668,,,,fp32-fd-warnings,2,0.0,0.0,0,7168,2608.6530666666667,2666.343166666667,,,7.105427357601002e-14,8.37419579796364e-16
iiwa14,generalized_gravity,mujoco_warp,16,collection,float32,simulator inverse dynamics at zero velocity and acceleration,3,validated,,151.79173333333333,123.09943333333334,845.4192666666667,,fp32-fd-warnings,2,0.0,0.0,0,112,151.7273,152.13343333333336,28.69229999999999,,1.4452684133914317e-05,1.8666393853697878e-07
iiwa14,generalized_gravity,mujoco_warp,32,collection,float32,simulator inverse dynamics at zero velocity and acceleration,3,validated,,159.87153333333333,130.85696666666666,844.8778000000001,,fp32-fd-warnings,2,0.0,0.0,0,224,159.57639999999998,160.99086666666668,29.014566666666667,,1.7807889861387594e-05,2.0808203434385942e-07
iiwa14,generalized_gravity,mujoco_warp,64,collection,float32,simulator inverse dynamics at zero velocity and acceleration,3,validated,,175.3473333333333,139.2246,857.7471999999999,,fp32-fd-warnings,2,0.0,0.0,0,448,174.89803333333336,175.4233666666667,36.12273333333329,,1.7807889861387594e-05,1.9426929284204517e-07
iiwa14,generalized_gravity,mujoco_warp,128,collection,float32,simulator inverse dynamics at zero velocity and acceleration,3,validated,,186.84800000000004,156.33166666666662,847.3258000000001,,fp32-fd-warnings,2,0.0,0.0,0,896,186.7886,188.07836666666665,30.51633333333342,,1.7807889861387594e-05,1.8970097080219135e-07
iiwa14,generalized_gravity,mujoco_warp,256,collection,float32,simulator inverse dynamics at zero velocity and acceleration,3,validated,,213.12843333333333,181.66120000000004,853.7852,,fp32-fd-warnings,2,0.0,0.0,0,1792,213.0234,213.25506666666664,31.467233333333297,,2.2527280059136956e-05,1.9893160494273728e-07
iiwa14,generalized_gravity,mujoco_warp,1024,collection,float32,simulator inverse dynamics at zero velocity and acceleration,3,validated,,247.30389999999997,208.422,855.4090333333334,,fp32-fd-warnings,2,0.0,0.0,0,7168,246.5237666666667,248.66536666666667,38.88189999999997,,2.9339884726198306e-05,2.0733264895531464e-07
iiwa14,generalized_gravity,pinocchio,16,collection,float32,codegen RNEA at zero acceleration/velocity,3,validated,,4.696366666666666,,,1,fp32-fd-warnings,2,0.0,0.0,0,112,4.582366666666668,5.005266666666667,,,7.020547599267957e-06,1.0035415651957572e-07
iiwa14,generalized_gravity,pinocchio,32,collection,float32,codegen RNEA at zero acceleration/velocity,3,validated,,7.522133333333333,,,1,fp32-fd-warnings,2,0.0,0.0,0,224,7.3086,8.484033333333333,,,7.122672542436703e-06,1.0389999159499888e-07
iiwa14,generalized_gravity,pinocchio,64,collection,float32,codegen RNEA at zero acceleration/velocity,3,validated,,12.3911,,,8,fp32-fd-warnings,2,0.0,0.0,0,448,12.024966666666668,12.419299999999998,,,7.728603982570803e-06,1.0135214130562513e-07
iiwa14,generalized_gravity,pinocchio,128,collection,float32,codegen RNEA at zero acceleration/velocity,3,validated,,13.150166666666667,,,8,fp32-fd-warnings,2,0.0,0.0,0,896,13.060966666666669,13.2455,,,8.430239375911697e-06,9.478932455661985e-08
iiwa14,generalized_gravity,pinocchio,256,collection,float32,codegen RNEA at zero acceleration/velocity,3,validated,,15.881766666666666,,,8,fp32-fd-warnings,2,0.0,0.0,0,1792,15.633833333333333,16.02306666666667,,,9.724674512767706e-06,9.670576923181585e-08
iiwa14,generalized_gravity,pinocchio,1024,collection,float32,codegen RNEA at zero acceleration/velocity,3,validated,,33.864,,,8,fp32-fd-warnings,2,0.0,0.0,0,7168,33.68366666666667,34.61136666666667,,,1.2681967561434249e-05,9.802250400869391e-08
iiwa14,generalized_gravity,pinocchio_plain,16,collection,float32,standard Pinocchio API (no codegen),3,validated,,6.901366666666666,,,1,fp32-fd-warnings,2,0.0,0.0,0,112,6.8349,6.927533333333334,,,7.020547599267957e-06,8.772988136749875e-08
iiwa14,generalized_gravity,pinocchio_plain,32,collection,float32,standard Pinocchio API (no codegen),3,validated,,11.528566666666668,,,1,fp32-fd-warnings,2,0.0,0.0,0,224,11.387200000000002,11.9751,,,1.0178495330137594e-05,1.0488990375218786e-07
iiwa14,generalized_gravity,pinocchio_plain,64,collection,float32,standard Pinocchio API (no codegen),3,validated,,13.415933333333333,,,8,fp32-fd-warnings,2,0.0,0.0,0,448,12.784233333333335,13.734533333333331,,,1.0178495330137594e-05,1.104385806620523e-07
iiwa14,generalized_gravity,pinocchio_plain,128,collection,float32,standard Pinocchio API (no codegen),3,validated,,16.390666666666664,,,8,fp32-fd-warnings,2,0.0,0.0,0,896,15.65943333333333,17.4611,,,1.277261844734312e-05,1.0382212332933406e-07
iiwa14,generalized_gravity,pinocchio_plain,256,collection,float32,standard Pinocchio API (no codegen),3,validated,,22.96536666666666,,,8,fp32-fd-warnings,2,0.0,0.0,0,1792,21.414366666666663,25.587966666666667,,,1.3903264523662529e-05,1.0560054489344435e-07
iiwa14,generalized_gravity,pinocchio_plain,1024,collection,float32,standard Pinocchio API (no codegen),3,validated,,55.83886666666667,,,8,fp32-fd-warnings,2,0.0,0.0,0,7168,54.946499999999986,58.867433333333345,,,1.3903264523662529e-05,1.0249073513426713e-07
iiwa14,idsva_so,bard,16,collection,unknown,unknown,3,excluded_method,analytical Hessian study; no finite-difference or nested-autodiff Hessian sweep,,,,,strict,2,,,0,0,,,,,,
iiwa14,idsva_so,bard,32,collection,unknown,unknown,3,excluded_method,analytical Hessian study; no finite-difference or nested-autodiff Hessian sweep,,,,,strict,2,,,0,0,,,,,,
iiwa14,idsva_so,bard,64,collection,unknown,unknown,3,excluded_method,analytical Hessian study; no finite-difference or nested-autodiff Hessian sweep,,,,,strict,2,,,0,0,,,,,,
iiwa14,idsva_so,bard,128,collection,unknown,unknown,3,excluded_method,analytical Hessian study; no finite-difference or nested-autodiff Hessian sweep,,,,,strict,2,,,0,0,,,,,,
iiwa14,idsva_so,bard,256,collection,unknown,unknown,3,excluded_method,analytical Hessian study; no finite-difference or nested-autodiff Hessian sweep,,,,,strict,2,,,0,0,,,,,,
iiwa14,idsva_so,bard,1024,collection,unknown,unknown,3,excluded_method,analytical Hessian study; no finite-difference or nested-autodiff Hessian sweep,,,,,strict,2,,,0,0,,,,,,
iiwa14,idsva_so,frax,16,collection,unknown,unknown,3,excluded_method,analytical Hessian study; no finite-difference or nested-autodiff Hessian sweep,,,,,strict,2,,,0,0,,,,,,
iiwa14,idsva_so,frax,32,collection,unknown,unknown,3,excluded_method,analytical Hessian study; no finite-difference or nested-autodiff Hessian sweep,,,,,strict,2,,,0,0,,,,,,
iiwa14,idsva_so,frax,64,collection,unknown,unknown,3,excluded_method,analytical Hessian study; no finite-difference or nested-autodiff Hessian sweep,,,,,strict,2,,,0,0,,,,,,
iiwa14,idsva_so,frax,128,collection,unknown,unknown,3,excluded_method,analytical Hessian study; no finite-difference or nested-autodiff Hessian sweep,,,,,strict,2,,,0,0,,,,,,
iiwa14,idsva_so,frax,256,collection,unknown,unknown,3,excluded_method,analytical Hessian study; no finite-difference or nested-autodiff Hessian sweep,,,,,strict,2,,,0,0,,,,,,
iiwa14,idsva_so,frax,1024,collection,unknown,unknown,3,excluded_method,analytical Hessian study; no finite-difference or nested-autodiff Hessian sweep,,,,,strict,2,,,0,0,,,,,,
iiwa14,idsva_so,grid_cuda,16,collection,float32,analytical,3,validated,,49.99153366088867,34.47943280537923,,512,strict,2,0.0,0.0,0,21952,49.87956682840983,50.224633407592776,15.512100855509438,,0.0003850563127052453,9.701275153427724e-07
iiwa14,idsva_so,grid_cuda,32,collection,float32,analytical,3,validated,,51.58563346862793,34.49810028076172,,512,strict,2,0.0,0.0,0,43904,51.48590037027995,52.5516663869222,17.087533187866214,,0.0003850563127052453,9.6671253515475e-07
iiwa14,idsva_so,grid_cuda,64,collection,float32,analytical,3,validated,,55.52863388061523,34.05923322041829,,512,strict,2,0.0,0.0,0,87808,55.44136619567871,55.87643330891927,21.46940066019694,,0.0003850563127052453,9.529907226295836e-07
iiwa14,idsva_so,grid_cuda,128,collection,float32,analytical,3,validated,,81.67573331197103,34.80293286641439,,512,strict,2,0.0,0.0,0,175616,81.36096623738607,81.7043337504069,46.87280044555664,,0.0003850563127052453,9.188525554707305e-07
iiwa14,idsva_so,grid_cuda,256,collection,float32,analytical,3,validated,,114.28526649475097,40.24226671854655,,512,strict,2,0.0,0.0,0,351232,113.7403335571289,114.4457337697347,74.04299977620443,,0.0003850563127052453,8.963390106044025e-07
iiwa14,idsva_so,grid_cuda,1024,collection,float32,analytical,3,validated,,372.96743329366046,105.09003321329753,,512,strict,2,0.0,0.0,0,1404928,372.9552331288656,374.17426681518555,267.8774000803629,,0.0003850563127052453,8.819259951015005e-07
iiwa14,idsva_so,grid_jax,16,collection,float32,analytical,3,validated,,340.40606666666656,83.10923333333332,,,strict,2,0.0,0.0,0,21952,304.4215333333333,365.79683333333344,257.2968333333332,,0.0003850563127052453,9.701275153427724e-07
iiwa14,idsva_so,grid_jax,32,collection,float32,analytical,3,validated,,309.81319999999994,91.22033333333336,,,strict,2,0.0,0.0,0,43904,308.3802666666667,310.7733333333333,218.59286666666657,,0.0003850563127052453,9.6671253515475e-07
iiwa14,idsva_so,grid_jax,64,collection,float32,analytical,3,validated,,441.3328666666667,86.04546666666664,,,strict,2,0.0,0.0,0,87808,355.4581999999999,456.34206666666665,355.28740000000005,,0.0003850563127052453,9.529907226295836e-07
iiwa14,idsva_so,grid_jax,128,collection,float32,analytical,3,validated,,433.7529666666666,92.51793333333333,,,strict,2,0.0,0.0,0,175616,394.5443666666667,451.2492,341.23503333333326,,0.0003850563127052453,9.188525554707305e-07
iiwa14,idsva_so,grid_jax,256,collection,float32,analytical,3,validated,,480.72973333333334,87.9534,,,strict,2,0.0,0.0,0,351232,457.0436000000001,502.4284333333334,392.77633333333335,,0.0003850563127052453,8.963390106044025e-07
iiwa14,idsva_so,grid_jax,1024,collection,float32,analytical,3,validated,,1907.6167666666665,140.30233333333334,,,strict,2,0.0,0.0,0,1404928,1795.1181999999997,2012.7032666666667,1767.3144333333332,,0.0003850563127052453,8.819259951015005e-07
iiwa14,idsva_so,mujoco_cpu,16,collection,unknown,unknown,3,excluded_method,analytical Hessian study; no finite-difference or nested-autodiff Hessian sweep,,,,,strict,2,,,0,0,,,,,,
iiwa14,idsva_so,mujoco_cpu,32,collection,unknown,unknown,3,excluded_method,analytical Hessian study; no finite-difference or nested-autodiff Hessian sweep,,,,,strict,2,,,0,0,,,,,,
iiwa14,idsva_so,mujoco_cpu,64,collection,unknown,unknown,3,excluded_method,analytical Hessian study; no finite-difference or nested-autodiff Hessian sweep,,,,,strict,2,,,0,0,,,,,,
iiwa14,idsva_so,mujoco_cpu,128,collection,unknown,unknown,3,excluded_method,analytical Hessian study; no finite-difference or nested-autodiff Hessian sweep,,,,,strict,2,,,0,0,,,,,,
iiwa14,idsva_so,mujoco_cpu,256,collection,unknown,unknown,3,excluded_method,analytical Hessian study; no finite-difference or nested-autodiff Hessian sweep,,,,,strict,2,,,0,0,,,,,,
iiwa14,idsva_so,mujoco_cpu,1024,collection,unknown,unknown,3,excluded_method,analytical Hessian study; no finite-difference or nested-autodiff Hessian sweep,,,,,strict,2,,,0,0,,,,,,
iiwa14,idsva_so,pinocchio,16,collection,float64,analytical direct/composed,3,validated,,30.37553333333333,,,8,strict,2,0.0,0.0,0,21952,30.19813333333333,31.282933333333336,,,0.0,0.0
iiwa14,idsva_so,pinocchio,32,collection,float64,analytical direct/composed,3,validated,,49.72849999999999,,,8,strict,2,0.0,0.0,0,43904,49.35800000000001,52.23833333333334,,,0.0,0.0
iiwa14,idsva_so,pinocchio,64,collection,float64,analytical direct/composed,3,validated,,85.65329999999999,,,8,strict,2,0.0,0.0,0,87808,79.98843333333333,86.51100000000001,,,0.0,0.0
iiwa14,idsva_so,pinocchio,128,collection,float64,analytical direct/composed,3,validated,,331.1265333333333,,,8,strict,2,0.0,0.0,0,175616,290.7099666666667,338.3214666666666,,,0.0,0.0
iiwa14,idsva_so,pinocchio,256,collection,float64,analytical direct/composed,3,validated,,481.84646666666663,,,8,strict,2,0.0,0.0,0,351232,278.9224333333333,512.1527666666667,,,0.0,0.0
iiwa14,idsva_so,pinocchio,1024,collection,float64,analytical direct/composed,3,validated,,1089.3643000000002,,,8,strict,2,0.0,0.0,0,1404928,1075.2201,1398.7793333333332,,,0.0,0.0
iiwa14,idsva_so,pinocchio_plain,16,collection,float64,analytical direct/composed,3,validated,,31.688833333333335,,,8,strict,2,0.0,0.0,0,21952,30.355633333333333,88.30436666666665,,,0.0,0.0
iiwa14,idsva_so,pinocchio_plain,32,collection,float64,analytical direct/composed,3,validated,,49.291633333333344,,,8,strict,2,0.0,0.0,0,43904,49.09876666666666,51.57006666666667,,,0.0,0.0
iiwa14,idsva_so,pinocchio_plain,64,collection,float64,analytical direct/composed,3,validated,,80.38139999999999,,,8,strict,2,0.0,0.0,0,87808,78.7962,86.76956666666666,,,0.0,0.0
iiwa14,idsva_so,pinocchio_plain,128,collection,float64,analytical direct/composed,3,validated,,328.53740000000005,,,8,strict,2,0.0,0.0,0,175616,146.59130000000002,354.9737333333334,,,0.0,0.0
iiwa14,idsva_so,pinocchio_plain,256,collection,float64,analytical direct/composed,3,validated,,494.1141999999999,,,8,strict,2,0.0,0.0,0,351232,483.61890000000005,514.934,,,0.0,0.0
iiwa14,idsva_so,pinocchio_plain,1024,collection,float64,analytical direct/composed,3,validated,,1429.4581666666668,,,8,strict,2,0.0,0.0,0,1404928,1074.9484333333335,1431.1385333333337,,,0.0,0.0
iiwa14,inverse_dynamics,bard,16,collection,float32,library dynamics,3,validated,,1662.3180000000002,1613.2854000000004,,,strict,2,0.0,0.0,0,112,1654.5320666666667,1681.5102,49.032599999999775,,5.0514773818122194e-05,1.251845248478939e-07
iiwa14,inverse_dynamics,bard,32,collection,float32,library dynamics,3,validated,,1677.7440666666666,1618.7953,,,strict,2,0.0,0.0,0,224,1677.1608666666668,1737.057633333333,58.94876666666664,,5.0514773818122194e-05,1.2639962697426586e-07
iiwa14,inverse_dynamics,bard,64,collection,float32,library dynamics,3,validated,,1698.8482999999999,1628.1855333333333,,,strict,2,0.0,0.0,0,448,1681.8160333333333,1755.0279999999998,70.66276666666658,,5.0514773818122194e-05,1.2645394503430633e-07
iiwa14,inverse_dynamics,bard,128,collection,float32,library dynamics,3,validated,,1686.6207666666667,1619.8581333333334,,,strict,2,0.0,0.0,0,896,1674.3844333333334,1741.8811,66.76263333333327,,5.0514773818122194e-05,1.273731696713713e-07
iiwa14,inverse_dynamics,bard,256,collection,float32,library dynamics,3,validated,,1705.8125666666667,1637.1886666666667,,,strict,2,0.0,0.0,0,1792,1673.5024333333336,1752.9170000000001,68.62390000000005,,5.0514773818122194e-05,1.324196845694738e-07
iiwa14,inverse_dynamics,bard,1024,collection,float32,library dynamics,3,validated,,1701.8086,1635.8286333333335,,,strict,2,0.0,0.0,0,7168,1681.0269999999998,1752.9113666666667,65.97996666666654,,5.0514773818122194e-05,1.4813561711324927e-07
iiwa14,inverse_dynamics,frax,16,collection,float32,library dynamics,3,validated,,225.49493333333336,77.03986666666668,,,strict,2,0.0,0.0,0,112,212.7681333333333,381.45649999999995,148.45506666666668,,0.00020070937659966148,6.272690606873046e-07
iiwa14,inverse_dynamics,frax,32,collection,float32,library dynamics,3,validated,,206.84323333333333,68.32323333333333,,,strict,2,0.0,0.0,0,224,203.18316666666666,283.5158333333333,138.51999999999998,,0.00020070937659966148,5.853935462265169e-07
iiwa14,inverse_dynamics,frax,64,collection,float32,library dynamics,3,validated,,204.3844666666667,61.93539999999999,,,strict,2,0.0,0.0,0,448,198.37116666666665,362.91530000000006,142.4490666666667,,0.00020070937659966148,5.407970496996136e-07
iiwa14,inverse_dynamics,frax,128,collection,float32,library dynamics,3,validated,,203.91993333333332,61.276066666666665,,,strict,2,0.0,0.0,0,896,201.29043333333337,328.51180000000005,142.64386666666667,,0.00020070937659966148,4.795395780196661e-07
iiwa14,inverse_dynamics,frax,256,collection,float32,library dynamics,3,validated,,210.91030000000003,69.0625,,,strict,2,0.0,0.0,0,1792,210.20386666666673,232.65273333333337,141.84780000000003,,0.00020070937659966148,4.0281921575737214e-07
iiwa14,inverse_dynamics,frax,1024,collection,float32,library dynamics,3,validated,,239.3233666666667,74.56580000000002,,,strict,2,0.0,0.0,0,7168,221.5233,250.5826,164.75756666666666,,0.00023122695472466148,3.048188726175978e-07
iiwa14,inverse_dynamics,grid_cuda,16,collection,float32,analytical,3,validated,,22.76650021870931,12.295633443196614,,128,strict,2,0.0,0.0,0,112,22.66783307393392,22.77679926554362,10.470866775512697,,1.9997195693122194e-05,6.991967001500385e-08
iiwa14,inverse_dynamics,grid_cuda,32,collection,float32,analytical,3,validated,,22.723500061035157,12.255100123087566,,128,strict,2,0.0,0.0,0,224,22.712766647338867,22.73126653035482,10.468399937947591,,1.9997195693122194e-05,8.018887184893777e-08
iiwa14,inverse_dynamics,grid_cuda,64,collection,float32,analytical,3,validated,,23.044366455078126,12.215233357747396,,128,strict,2,0.0,0.0,0,448,22.97089932759603,23.052634048461915,10.82913309733073,,1.9997195693122194e-05,8.812614610069091e-08
iiwa14,inverse_dynamics,grid_cuda,128,collection,float32,analytical,3,validated,,23.44353345235189,12.313633728027344,,128,strict,2,0.0,0.0,0,896,23.435332997639975,23.510066731770834,11.129899724324545,,1.9997195693122194e-05,9.494453163759033e-08
iiwa14,inverse_dynamics,grid_cuda,256,collection,float32,analytical,3,validated,,24.883966700236,12.507199732462565,,128,strict,2,0.0,0.0,0,1792,24.813866933186848,24.887966918945313,12.376766967773436,,1.9997195693122194e-05,1.1166967958152109e-07
iiwa14,inverse_dynamics,grid_cuda,1024,collection,float32,analytical,3,validated,,29.102966435750325,13.616766357421875,,128,strict,2,0.0,0.0,0,7168,29.03990033467611,29.231866327921548,15.48620007832845,,1.9997195693122194e-05,1.328685036787583e-07
iiwa14,inverse_dynamics,grid_jax,16,collection,float32,analytical,3,validated,,242.22353333333328,61.94713333333332,,,strict,2,0.0,0.0,0,112,230.99443333333335,254.03993333333335,180.27639999999997,,1.9997195693122194e-05,6.991967001500385e-08
iiwa14,inverse_dynamics,grid_jax,32,collection,float32,analytical,3,validated,,234.91349999999997,52.9466,,,strict,2,0.0,0.0,0,224,229.5456666666667,271.0211666666667,181.96689999999998,,1.9997195693122194e-05,8.018887184893777e-08
iiwa14,inverse_dynamics,grid_jax,64,collection,float32,analytical,3,validated,,234.8481,53.96736666666666,,,strict,2,0.0,0.0,0,448,232.05363333333335,250.16879999999998,180.88073333333332,,1.9997195693122194e-05,8.812614610069091e-08
iiwa14,inverse_dynamics,grid_jax,128,collection,float32,analytical,3,validated,,233.0687,56.685399999999994,,,strict,2,0.0,0.0,0,896,229.44080000000002,245.2088,176.38330000000002,,1.9997195693122194e-05,9.494453163759033e-08
iiwa14,inverse_dynamics,grid_jax,256,collection,float32,analytical,3,validated,,236.03633333333335,49.10523333333333,,,strict,2,0.0,0.0,0,1792,235.0339666666667,250.47036666666665,186.93110000000001,,1.9997195693122194e-05,1.1166967958152109e-07
iiwa14,inverse_dynamics,grid_jax,1024,collection,float32,analytical,3,validated,,258.01396666666665,64.87453333333333,,,strict,2,0.0,0.0,0,7168,250.33786666666666,278.5226666666667,193.13943333333333,,1.9997195693122194e-05,1.328685036787583e-07
iiwa14,inverse_dynamics,grid_native,16,collection,float32,analytical,3,validated,,21.494033333333338,,,,strict,2,0.0,0.0,0,112,21.2518,21.77536666666667,,,1.9997195693122194e-05,6.991967001500385e-08
iiwa14,inverse_dynamics,grid_native,32,collection,float32,analytical,3,validated,,21.6182,,,,strict,2,0.0,0.0,0,224,21.596333333333337,21.742066666666666,,,1.9997195693122194e-05,8.018887184893777e-08
iiwa14,inverse_dynamics,grid_native,64,collection,float32,analytical,3,validated,,22.030133333333335,,,,strict,2,0.0,0.0,0,448,22.00583333333333,22.06383333333333,,,1.9997195693122194e-05,8.812614610069091e-08
iiwa14,inverse_dynamics,grid_native,128,collection,float32,analytical,3,validated,,22.56916666666667,,,,strict,2,0.0,0.0,0,896,22.528499999999998,22.62173333333333,,,1.9997195693122194e-05,9.494453163759033e-08
iiwa14,inverse_dynamics,grid_native,256,collection,float32,analytical,3,validated,,24.19926666666667,,,,strict,2,0.0,0.0,0,1792,24.17836666666667,24.21466666666667,,,1.9997195693122194e-05,1.1166967958152109e-07
iiwa14,inverse_dynamics,grid_native,1024,collection,float32,analytical,3,validated,,44.36469999999999,,,,strict,2,0.0,0.0,0,7168,44.072099999999985,45.13166666666667,,,1.9997195693122194e-05,1.328685036787583e-07
iiwa14,inverse_dynamics,grid_numpy,16,collection,float32,analytical,3,validated,,23.341833333333334,,,,strict,2,0.0,0.0,0,112,23.31386666666667,23.5264,,,1.9997195693122194e-05,6.991967001500385e-08
iiwa14,inverse_dynamics,grid_numpy,32,collection,float32,analytical,3,validated,,23.49123333333333,,,,strict,2,0.0,0.0,0,224,23.3987,23.670566666666666,,,1.9997195693122194e-05,8.018887184893777e-08
iiwa14,inverse_dynamics,grid_numpy,64,collection,float32,analytical,3,validated,,23.822233333333337,,,,strict,2,0.0,0.0,0,448,23.785733333333333,23.996466666666667,,,1.9997195693122194e-05,8.812614610069091e-08
iiwa14,inverse_dynamics,grid_numpy,128,collection,float32,analytical,3,validated,,24.45773333333333,,,,strict,2,0.0,0.0,0,896,24.254466666666666,24.904766666666667,,,1.9997195693122194e-05,9.494453163759033e-08
iiwa14,inverse_dynamics,grid_numpy,256,collection,float32,analytical,3,validated,,26.071466666666666,,,,strict,2,0.0,0.0,0,1792,26.027266666666666,26.188799999999997,,,1.9997195693122194e-05,1.1166967958152109e-07
iiwa14,inverse_dynamics,grid_numpy,1024,collection,float32,analytical,3,validated,,46.24446666666667,,,,strict,2,0.0,0.0,0,7168,45.78506666666667,46.450833333333335,,,1.9997195693122194e-05,1.328685036787583e-07
iiwa14,inverse_dynamics,grid_torch,16,collection,float32,analytical,3,validated,,55.90693333333333,25.780100000000004,,,strict,2,0.0,0.0,0,112,55.0037,56.968733333333326,30.126833333333323,,1.9997195693122194e-05,6.991967001500385e-08
iiwa14,inverse_dynamics,grid_torch,32,collection,float32,analytical,3,validated,,55.28826666666667,26.165366666666667,,,strict,2,0.0,0.0,0,224,54.596999999999994,57.46903333333333,29.122900000000005,,1.9997195693122194e-05,8.018887184893777e-08
iiwa14,inverse_dynamics,grid_torch,64,collection,float32,analytical,3,validated,,55.947766666666666,25.886500000000005,,,strict,2,0.0,0.0,0,448,55.82943333333334,59.31896666666666,30.06126666666666,,1.9997195693122194e-05,8.812614610069091e-08
iiwa14,inverse_dynamics,grid_torch,128,collection,float32,analytical,3,validated,,58.804266666666656,26.277966666666664,,,strict,2,0.0,0.0,0,896,56.91480000000001,59.12976666666667,32.52629999999999,,1.9997195693122194e-05,9.494453163759033e-08
iiwa14,inverse_dynamics,grid_torch,256,collection,float32,analytical,3,validated,,58.769666666666666,26.547366666666665,,,strict,2,0.0,0.0,0,1792,57.665499999999994,59.688833333333335,32.222300000000004,,1.9997195693122194e-05,1.1166967958152109e-07
iiwa14,inverse_dynamics,grid_torch,1024,collection,float32,analytical,3,validated,,77.68963333333333,32.857,,,strict,2,0.0,0.0,0,7168,77.53603333333335,79.67343333333332,44.832633333333334,,1.9997195693122194e-05,1.328685036787583e-07
iiwa14,inverse_dynamics,mjx,16,collection,float32,simulator,3,validated,,270.61263333333335,119.12480000000002,,,strict,2,0.0,0.0,0,112,259.6621,283.9959333333334,151.48783333333333,,0.00013108198504596658,5.507281105330031e-07
iiwa14,inverse_dynamics,mjx,32,collection,float32,simulator,3,validated,,289.63759999999996,122.81749999999998,,,strict,2,0.0,0.0,0,224,289.30206666666675,310.78783333333337,166.82009999999997,,0.00013108198504596658,5.177784818985296e-07
iiwa14,inverse_dynamics,mjx,64,collection,float32,simulator,3,validated,,294.15256666666664,121.72546666666666,,,strict,2,0.0,0.0,0,448,267.3132,331.72476666666665,172.4271,,0.00013108198504596658,4.86302026297911e-07
iiwa14,inverse_dynamics,mjx,128,collection,float32,simulator,3,validated,,303.01776666666666,117.46456666666667,,,strict,2,0.0,0.0,0,896,300.39963333333327,315.08096666666665,185.5532,,0.00013108198504596658,4.364793882738941e-07
iiwa14,inverse_dynamics,mjx,256,collection,float32,simulator,3,validated,,278.5468333333334,114.8241,,,strict,2,0.0,0.0,0,1792,269.6255333333333,335.7742,163.7227333333334,,0.00013108198504596658,3.7997921214870414e-07
iiwa14,inverse_dynamics,mjx,1024,collection,float32,simulator,3,validated,,316.16816666666654,135.48153333333332,,,strict,2,0.0,0.0,0,7168,292.53423333333336,325.8806000000001,180.68663333333322,,0.00013108198504596658,2.885079852463909e-07
iiwa14,inverse_dynamics,mujoco_cpu,16,collection,float64,simulator,3,validated,,36.8917,,,,strict,2,0.0,0.0,0,112,36.461933333333334,37.17096666666667,,,3.410605131648481e-13,1.4462847287529149e-15
iiwa14,inverse_dynamics,mujoco_cpu,32,collection,float64,simulator,3,validated,,72.40656666666668,,,,strict,2,0.0,0.0,0,224,71.94033333333333,72.77693333333332,,,3.410605131648481e-13,1.3794809308430984e-15
iiwa14,inverse_dynamics,mujoco_cpu,64,collection,float64,simulator,3,validated,,144.4386333333333,,,,strict,2,0.0,0.0,0,448,143.1579666666667,145.30543333333333,,,3.410605131648481e-13,1.3069191046580382e-15
iiwa14,inverse_dynamics,mujoco_cpu,128,collection,float64,simulator,3,validated,,295.48273333333333,,,,strict,2,0.0,0.0,0,896,291.09209999999996,297.06536666666665,,,3.410605131648481e-13,1.2348458175306535e-15
iiwa14,inverse_dynamics,mujoco_cpu,256,collection,float64,simulator,3,validated,,632.8483999999997,,,,strict,2,0.0,0.0,0,1792,632.2280666666668,639.4615333333334,,,3.410605131648481e-13,1.1586936859480264e-15
iiwa14,inverse_dynamics,mujoco_cpu,1024,collection,float64,simulator,3,validated,,2611.8417999999997,,,,strict,2,0.0,0.0,0,7168,2601.1714,2744.8054333333334,,,3.410605131648481e-13,9.914568310150986e-16
iiwa14,inverse_dynamics,mujoco_warp,16,collection,float32,simulator,3,validated,,168.90943333333334,124.1221,1280.8950333333335,,strict,2,0.0,0.0,0,112,167.88703333333336,169.07423333333332,44.787333333333336,,0.00013108198504596658,4.149581496125605e-07
iiwa14,inverse_dynamics,mujoco_warp,32,collection,float32,simulator,3,validated,,173.2813,130.64596666666665,1290.9598,,strict,2,0.0,0.0,0,224,172.27146666666664,173.51086666666663,42.635333333333335,,0.00013108198504596658,3.9144125067421774e-07
iiwa14,inverse_dynamics,mujoco_warp,64,collection,float32,simulator,3,validated,,186.58633333333333,140.21410000000003,1289.6904333333332,,strict,2,0.0,0.0,0,448,185.419,187.6082666666667,46.3722333333333,,0.00013108198504596658,3.7007585397669017e-07
iiwa14,inverse_dynamics,mujoco_warp,128,collection,float32,simulator,3,validated,,202.63203333333337,157.23686666666669,1285.3114333333333,,strict,2,0.0,0.0,0,896,202.61656666666673,203.65306666666666,45.39516666666668,,0.00013108198504596658,3.35127684712571e-07
iiwa14,inverse_dynamics,mujoco_warp,256,collection,float32,simulator,3,validated,,231.3016666666667,181.86773333333335,1290.4162666666668,,strict,2,0.0,0.0,0,1792,214.57340000000002,232.33003333333335,49.43393333333336,,0.00013108198504596658,3.0209367828512466e-07
iiwa14,inverse_dynamics,mujoco_warp,1024,collection,float32,simulator,3,validated,,259.94213333333335,208.93863333333334,1293.2820333333334,,strict,2,0.0,0.0,0,7168,245.4759666666667,260.76146666666665,51.0035,,0.00013108198504596658,2.4688129581440125e-07
iiwa14,inverse_dynamics,pinocchio,16,collection,float32,codegen,3,validated,,4.654166666666667,,,1,strict,2,0.0,0.0,0,112,4.642566666666667,4.7808,,,4.152389976752602e-05,1.044081761995336e-07
iiwa14,inverse_dynamics,pinocchio,32,collection,float32,codegen,3,validated,,7.194299999999999,,,1,strict,2,0.0,0.0,0,224,7.188666666666667,7.518733333333332,,,4.152389976752602e-05,1.0228619218346183e-07
iiwa14,inverse_dynamics,pinocchio,64,collection,float32,codegen,3,validated,,11.996233333333333,,,8,strict,2,0.0,0.0,0,448,11.806700000000001,12.129066666666667,,,4.152389976752602e-05,1.0668346236253142e-07
iiwa14,inverse_dynamics,pinocchio,128,collection,float32,codegen,3,validated,,12.936433333333332,,,8,strict,2,0.0,0.0,0,896,12.829833333333333,13.0836,,,4.152389976752602e-05,1.050468510092737e-07
iiwa14,inverse_dynamics,pinocchio,256,collection,float32,codegen,3,validated,,15.665733333333334,,,8,strict,2,0.0,0.0,0,1792,15.549133333333335,16.019966666666665,,,4.152389976752602e-05,1.1049146094440608e-07
iiwa14,inverse_dynamics,pinocchio,1024,collection,float32,codegen,3,validated,,33.31326666666667,,,8,strict,2,0.0,0.0,0,7168,33.22156666666667,33.382533333333335,,,4.152389976752602e-05,1.1579790480293126e-07
iiwa14,inverse_dynamics,pinocchio_plain,16,collection,float32,standard Pinocchio API (no codegen),3,validated,,8.188199999999998,,,1,strict,2,0.0,0.0,0,112,8.158566666666665,8.4827,,,3.0079807970651018e-05,1.1174273807469392e-07
iiwa14,inverse_dynamics,pinocchio_plain,32,collection,float32,standard Pinocchio API (no codegen),3,validated,,12.337433333333333,,,8,strict,2,0.0,0.0,0,224,12.269866666666667,12.9647,,,3.0079807970651018e-05,1.0806838899264435e-07
iiwa14,inverse_dynamics,pinocchio_plain,64,collection,float32,standard Pinocchio API (no codegen),3,validated,,13.796999999999999,,,8,strict,2,0.0,0.0,0,448,13.646700000000003,14.659666666666668,,,3.0079807970651018e-05,1.130830903681521e-07
iiwa14,inverse_dynamics,pinocchio_plain,128,collection,float32,standard Pinocchio API (no codegen),3,validated,,18.2974,,,8,strict,2,0.0,0.0,0,896,17.74866666666667,19.331066666666672,,,3.0079807970651018e-05,1.0949480578617132e-07
iiwa14,inverse_dynamics,pinocchio_plain,256,collection,float32,standard Pinocchio API (no codegen),3,validated,,26.318200000000004,,,8,strict,2,0.0,0.0,0,1792,25.142933333333335,26.506566666666668,,,3.0079807970651018e-05,1.1755481696882186e-07
iiwa14,inverse_dynamics,pinocchio_plain,1024,collection,float32,standard Pinocchio API (no codegen),3,validated,,62.92956666666667,,,8,strict,2,0.0,0.0,0,7168,62.01056666666667,63.019000000000005,,,3.0079807970651018e-05,1.2140703404134952e-07
iiwa14,inverse_dynamics_gradient,bard,16,collection,unknown,unknown,3,adapter_pending,selected operation not wired; not a library capability claim,,,,,strict,2,,,0,0,,,,,,
iiwa14,inverse_dynamics_gradient,bard,32,collection,unknown,unknown,3,adapter_pending,selected operation not wired; not a library capability claim,,,,,strict,2,,,0,0,,,,,,
iiwa14,inverse_dynamics_gradient,bard,64,collection,unknown,unknown,3,adapter_pending,selected operation not wired; not a library capability claim,,,,,strict,2,,,0,0,,,,,,
iiwa14,inverse_dynamics_gradient,bard,128,collection,unknown,unknown,3,adapter_pending,selected operation not wired; not a library capability claim,,,,,strict,2,,,0,0,,,,,,
iiwa14,inverse_dynamics_gradient,bard,256,collection,unknown,unknown,3,adapter_pending,selected operation not wired; not a library capability claim,,,,,strict,2,,,0,0,,,,,,
iiwa14,inverse_dynamics_gradient,bard,1024,collection,unknown,unknown,3,adapter_pending,selected operation not wired; not a library capability claim,,,,,strict,2,,,0,0,,,,,,
iiwa14,inverse_dynamics_gradient,frax,16,collection,unknown,unknown,3,adapter_pending,selected operation not wired,,,,,strict,2,,,0,0,,,,,,
iiwa14,inverse_dynamics_gradient,frax,32,collection,unknown,unknown,3,adapter_pending,selected operation not wired,,,,,strict,2,,,0,0,,,,,,
iiwa14,inverse_dynamics_gradient,frax,64,collection,unknown,unknown,3,adapter_pending,selected operation not wired,,,,,strict,2,,,0,0,,,,,,
iiwa14,inverse_dynamics_gradient,frax,128,collection,unknown,unknown,3,adapter_pending,selected operation not wired,,,,,strict,2,,,0,0,,,,,,
iiwa14,inverse_dynamics_gradient,frax,256,collection,unknown,unknown,3,adapter_pending,selected operation not wired,,,,,strict,2,,,0,0,,,,,,
iiwa14,inverse_dynamics_gradient,frax,1024,collection,unknown,unknown,3,adapter_pending,selected operation not wired,,,,,strict,2,,,0,0,,,,,,
iiwa14,inverse_dynamics_gradient,grid_cuda,16,collection,float32,analytical,3,validated,,25.95283342997233,15.349032847086589,,128,strict,2,0.0,0.0,0,1568,25.777299880981445,28.088899739583333,10.603800582885741,,5.893049683436402e-05,1.7269526652983122e-07
iiwa14,inverse_dynamics_gradient,grid_cuda,32,collection,float32,analytical,3,validated,,26.227266311645508,15.33936627705892,,128,strict,2,0.0,0.0,0,3136,26.122967020670572,26.240466690063478,10.887900034586588,,5.893049683436402e-05,1.7099254565613747e-07
iiwa14,inverse_dynamics_gradient,grid_cuda,64,collection,float32,analytical,3,validated,,26.509133783976235,15.267000325520833,,128,strict,2,0.0,0.0,0,6272,26.457099787394206,26.512199783325194,11.242133458455402,,5.893049683436402e-05,1.6618621413280665e-07
iiwa14,inverse_dynamics_gradient,grid_cuda,128,collection,float32,analytical,3,validated,,27.595666631062826,15.36523297627767,,128,strict,2,0.0,0.0,0,12544,27.54500020345052,27.632366561889647,12.230433654785157,,5.893049683436402e-05,1.656896937623309e-07
iiwa14,inverse_dynamics_gradient,grid_cuda,256,collection,float32,analytical,3,validated,,30.34099947611491,15.663266881306965,,128,strict,2,0.0,0.0,0,25088,30.235466893513998,30.367733256022134,14.677732594807944,,5.893049683436402e-05,1.6073075779850598e-07
iiwa14,inverse_dynamics_gradient,grid_cuda,1024,collection,float32,analytical,3,validated,,60.380333201090494,31.28896713256836,,128,strict,2,0.0,0.0,0,100352,60.22783381144206,61.3087661743164,29.091366068522134,,5.893049683436402e-05,1.5237188203215576e-07
iiwa14,inverse_dynamics_gradient,grid_jax,16,collection,float32,analytical,3,validated,,237.88306666666668,65.35683333333333,,,strict,2,0.0,0.0,0,1568,232.3898666666667,243.68890000000002,172.52623333333335,,5.893049683436402e-05,1.7269526652983122e-07
iiwa14,inverse_dynamics_gradient,grid_jax,32,collection,float32,analytical,3,validated,,250.14333333333332,68.46383333333333,,,strict,2,0.0,0.0,0,3136,241.87283333333332,254.8911,181.6795,,5.893049683436402e-05,1.7099254565613747e-07
iiwa14,inverse_dynamics_gradient,grid_jax,64,collection,float32,analytical,3,validated,,241.4901,70.32016666666667,,,strict,2,0.0,0.0,0,6272,236.61673333333331,272.70703333333336,171.16993333333335,,5.893049683436402e-05,1.6618621413280665e-07
iiwa14,inverse_dynamics_gradient,grid_jax,128,collection,float32,analytical,3,validated,,239.45723333333333,59.45236666666667,,,strict,2,0.0,0.0,0,12544,235.1200333333334,247.53706666666668,180.00486666666666,,5.893049683436402e-05,1.656896937623309e-07
iiwa14,inverse_dynamics_gradient,grid_jax,256,collection,float32,analytical,3,validated,,298.7226666666666,62.78016666666667,,,strict,2,0.0,0.0,0,25088,254.7835333333333,331.34916666666663,235.94249999999994,,5.893049683436402e-05,1.6073075779850598e-07
iiwa14,inverse_dynamics_gradient,grid_jax,1024,collection,float32,analytical,3,validated,,313.4342,84.32516666666666,,,strict,2,0.0,0.0,0,100352,312.7952666666667,362.59173333333337,229.10903333333331,,5.893049683436402e-05,1.5237188203215576e-07
iiwa14,inverse_dynamics_gradient,grid_native,16,collection,float32,analytical,3,validated,,30.64106666666667,,,,strict,2,0.0,0.0,0,1568,30.573133333333338,30.675366666666662,,,5.893049683436402e-05,1.7269526652983122e-07
iiwa14,inverse_dynamics_gradient,grid_native,32,collection,float32,analytical,3,validated,,31.553800000000003,,,,strict,2,0.0,0.0,0,3136,31.52263333333333,31.811533333333337,,,5.893049683436402e-05,1.7099254565613747e-07
iiwa14,inverse_dynamics_gradient,grid_native,64,collection,float32,analytical,3,validated,,33.564,,,,strict,2,0.0,0.0,0,6272,33.42143333333334,33.65376666666667,,,5.893049683436402e-05,1.6618621413280665e-07
iiwa14,inverse_dynamics_gradient,grid_native,128,collection,float32,analytical,3,validated,,37.866233333333334,,,,strict,2,0.0,0.0,0,12544,37.81573333333333,37.886599999999994,,,5.893049683436402e-05,1.656896937623309e-07
iiwa14,inverse_dynamics_gradient,grid_native,256,collection,float32,analytical,3,validated,,45.157833333333336,,,,strict,2,0.0,0.0,0,25088,43.493133333333326,46.0307,,,5.893049683436402e-05,1.6073075779850598e-07
iiwa14,inverse_dynamics_gradient,grid_native,1024,collection,float32,analytical,3,validated,,129.73190000000002,,,,strict,2,0.0,0.0,0,100352,128.43393333333336,131.25053333333332,,,5.893049683436402e-05,1.5237188203215576e-07
iiwa14,inverse_dynamics_gradient,grid_numpy,16,collection,float32,analytical,3,validated,,37.190533333333335,,,,strict,2,0.0,0.0,0,1568,36.52386666666666,37.26073333333333,,,5.893049683436402e-05,1.7269526652983122e-07
iiwa14,inverse_dynamics_gradient,grid_numpy,32,collection,float32,analytical,3,validated,,39.09973333333333,,,,strict,2,0.0,0.0,0,3136,39.07706666666666,39.27546666666667,,,5.893049683436402e-05,1.7099254565613747e-07
iiwa14,inverse_dynamics_gradient,grid_numpy,64,collection,float32,analytical,3,validated,,42.86143333333333,,,,strict,2,0.0,0.0,0,6272,42.45910000000001,44.33246666666666,,,5.893049683436402e-05,1.6618621413280665e-07
iiwa14,inverse_dynamics_gradient,grid_numpy,128,collection,float32,analytical,3,validated,,50.4242,,,,strict,2,0.0,0.0,0,12544,49.560433333333336,50.55276666666668,,,5.893049683436402e-05,1.656896937623309e-07
iiwa14,inverse_dynamics_gradient,grid_numpy,256,collection,float32,analytical,3,validated,,59.430033333333334,,,,strict,2,0.0,0.0,0,25088,59.098533333333336,59.91003333333334,,,5.893049683436402e-05,1.6073075779850598e-07
iiwa14,inverse_dynamics_gradient,grid_numpy,1024,collection,float32,analytical,3,validated,,168.5061,,,,strict,2,0.0,0.0,0,100352,167.6182666666667,173.31623333333334,,,5.893049683436402e-05,1.5237188203215576e-07
iiwa14,inverse_dynamics_gradient,grid_torch,16,collection,float32,analytical,3,validated,,70.31236666666668,33.321866666666665,,,strict,2,0.0,0.0,0,1568,69.35056666666667,70.59283333333335,36.99050000000001,,5.893049683436402e-05,1.7269526652983122e-07
iiwa14,inverse_dynamics_gradient,grid_torch,32,collection,float32,analytical,3,validated,,71.05373333333333,33.440733333333334,,,strict,2,0.0,0.0,0,3136,68.866,71.5307,37.61299999999999,,5.893049683436402e-05,1.7099254565613747e-07
iiwa14,inverse_dynamics_gradient,grid_torch,64,collection,float32,analytical,3,validated,,74.4404,33.302733333333336,,,strict,2,0.0,0.0,0,6272,72.0028,74.8073,41.13766666666666,,5.893049683436402e-05,1.6618621413280665e-07
iiwa14,inverse_dynamics_gradient,grid_torch,128,collection,float32,analytical,3,validated,,75.9997,33.183499999999995,,,strict,2,0.0,0.0,0,12544,74.09863333333334,77.76443333333333,42.81620000000001,,5.893049683436402e-05,1.656896937623309e-07
iiwa14,inverse_dynamics_gradient,grid_torch,256,collection,float32,analytical,3,validated,,84.09636666666665,33.48723333333333,,,strict,2,0.0,0.0,0,25088,81.97879999999999,84.1817,50.609133333333325,,5.893049683436402e-05,1.6073075779850598e-07
iiwa14,inverse_dynamics_gradient,grid_torch,1024,collection,float32,analytical,3,validated,,133.2098,43.21176666666667,,,strict,2,0.0,0.0,0,100352,133.1561,133.68630000000002,89.99803333333332,,5.893049683436402e-05,1.5237188203215576e-07
iiwa14,inverse_dynamics_gradient,mjx,16,collection,float32,autodiff,3,validated,,393.1000666666667,244.30873333333332,,,strict,2,0.0,0.0,0,1568,390.87483333333336,410.5361333333333,148.79133333333337,,0.00015318089253923972,5.478787232425466e-07
iiwa14,inverse_dynamics_gradient,mjx,32,collection,float32,autodiff,3,validated,,393.5481666666666,260.13943333333333,,,strict,2,0.0,0.0,0,3136,389.22686666666664,415.2949,133.40873333333326,,0.00015318089253923972,5.370244061903955e-07
iiwa14,inverse_dynamics_gradient,mjx,64,collection,float32,autodiff,3,validated,,440.04200000000003,260.2317333333333,,,strict,2,0.0,0.0,0,6272,404.27636666666666,485.6544666666668,179.81026666666673,,0.00015318089253923972,5.322200001632442e-07
iiwa14,inverse_dynamics_gradient,mjx,128,collection,float32,autodiff,3,validated,,438.8172999999999,286.28073333333333,,,strict,2,0.0,0.0,0,12544,437.1687666666666,449.9630333333334,152.53656666666654,,0.00015318089253923972,5.101925117630784e-07
iiwa14,inverse_dynamics_gradient,mjx,256,collection,float32,autodiff,3,validated,,501.3209333333333,350.9271,,,strict,2,0.0,0.0,0,25088,498.14816666666667,502.0341333333333,150.3938333333333,,0.00015318089253923972,4.884252372809046e-07
iiwa14,inverse_dynamics_gradient,mjx,1024,collection,float32,autodiff,3,validated,,661.5029333333334,404.0160666666665,,,strict,2,0.0,0.0,0,100352,592.7923,718.5106666666667,257.4868666666669,,0.00015318089253923972,4.917677962995e-07
iiwa14,inverse_dynamics_gradient,mujoco_cpu,16,collection,unknown,unknown,3,adapter_pending,no matched full tangent-space derivative adapter,,,,,strict,2,,,0,0,,,,,,
iiwa14,inverse_dynamics_gradient,mujoco_cpu,32,collection,unknown,unknown,3,adapter_pending,no matched full tangent-space derivative adapter,,,,,strict,2,,,0,0,,,,,,
iiwa14,inverse_dynamics_gradient,mujoco_cpu,64,collection,unknown,unknown,3,adapter_pending,no matched full tangent-space derivative adapter,,,,,strict,2,,,0,0,,,,,,
iiwa14,inverse_dynamics_gradient,mujoco_cpu,128,collection,unknown,unknown,3,adapter_pending,no matched full tangent-space derivative adapter,,,,,strict,2,,,0,0,,,,,,
iiwa14,inverse_dynamics_gradient,mujoco_cpu,256,collection,unknown,unknown,3,adapter_pending,no matched full tangent-space derivative adapter,,,,,strict,2,,,0,0,,,,,,
iiwa14,inverse_dynamics_gradient,mujoco_cpu,1024,collection,unknown,unknown,3,adapter_pending,no matched full tangent-space derivative adapter,,,,,strict,2,,,0,0,,,,,,
iiwa14,inverse_dynamics_gradient,pinocchio,16,collection,float32,codegen,3,validated,,13.679300000000003,,,8,strict,2,0.0,0.0,0,1568,13.596533333333333,13.8507,,,0.00037825711508787663,1.0097282104891136e-06
iiwa14,inverse_dynamics_gradient,pinocchio,32,collection,float32,codegen,3,validated,,16.179499999999997,,,8,strict,2,0.0,0.0,0,3136,15.808666666666669,17.149066666666663,,,0.00037825711508787663,9.77865076709336e-07
iiwa14,inverse_dynamics_gradient,pinocchio,64,collection,float32,codegen,3,validated,,21.06456666666667,,,8,strict,2,0.0,0.0,0,6272,20.6054,21.291399999999996,,,0.00037825711508787663,9.490879697119154e-07
iiwa14,inverse_dynamics_gradient,pinocchio,128,collection,float32,codegen,3,validated,,31.66416666666667,,,8,strict,2,0.0,0.0,0,12544,31.596166666666665,31.744966666666667,,,0.00037825711508787663,8.929045380097605e-07
iiwa14,inverse_dynamics_gradient,pinocchio,256,collection,float32,codegen,3,validated,,52.11026666666667,,,8,strict,2,0.0,0.0,0,25088,51.18966666666666,52.912166666666664,,,0.00037825711508787663,8.156763490615643e-07
iiwa14,inverse_dynamics_gradient,pinocchio,1024,collection,float32,codegen,3,validated,,349.6828000000001,,,8,strict,2,0.0,0.0,0,100352,176.5109666666667,367.1352,,,0.00037825711508787663,7.416252455193313e-07
iiwa14,inverse_dynamics_gradient,pinocchio_plain,16,collection,float32,standard Pinocchio API (no codegen),3,validated,,15.366166666666665,,,8,strict,2,0.0,0.0,0,1568,15.130733333333334,15.423133333333334,,,0.00014192829124226591,6.687581854959916e-07
iiwa14,inverse_dynamics_gradient,pinocchio_plain,32,collection,float32,standard Pinocchio API (no codegen),3,validated,,20.212666666666667,,,8,strict,2,0.0,0.0,0,3136,20.12183333333333,20.217566666666663,,,0.00014192829124226591,6.651908303663795e-07
iiwa14,inverse_dynamics_gradient,pinocchio_plain,64,collection,float32,standard Pinocchio API (no codegen),3,validated,,30.1703,,,8,strict,2,0.0,0.0,0,6272,29.358400000000003,33.125733333333336,,,0.00014192829124226591,6.721631124625532e-07
iiwa14,inverse_dynamics_gradient,pinocchio_plain,128,collection,float32,standard Pinocchio API (no codegen),3,validated,,49.72313333333332,,,8,strict,2,0.0,0.0,0,12544,48.78826666666667,51.86616666666668,,,0.00014192829124226591,6.706815177873932e-07
iiwa14,inverse_dynamics_gradient,pinocchio_plain,256,collection,float32,standard Pinocchio API (no codegen),3,validated,,88.17636666666665,,,8,strict,2,0.0,0.0,0,25088,87.89796666666666,88.75253333333332,,,0.00014192829124226591,6.665588226646453e-07
iiwa14,inverse_dynamics_gradient,pinocchio_plain,1024,collection,float32,standard Pinocchio API (no codegen),3,validated,,506.9012999999999,,,8,strict,2,0.0,0.0,0,100352,501.52683333333334,512.5286,,,0.00014192829124226591,6.749312751698114e-07
iiwa14,minv,bard,16,collection,unknown,unknown,3,adapter_pending,selected operation not wired; not a library capability claim,,,,,fp32-fd-warnings,2,,,0,0,,,,,,
iiwa14,minv,bard,32,collection,unknown,unknown,3,adapter_pending,selected operation not wired; not a library capability claim,,,,,fp32-fd-warnings,2,,,0,0,,,,,,
iiwa14,minv,bard,64,collection,unknown,unknown,3,adapter_pending,selected operation not wired; not a library capability claim,,,,,fp32-fd-warnings,2,,,0,0,,,,,,
iiwa14,minv,bard,128,collection,unknown,unknown,3,adapter_pending,selected operation not wired; not a library capability claim,,,,,fp32-fd-warnings,2,,,0,0,,,,,,
iiwa14,minv,bard,256,collection,unknown,unknown,3,adapter_pending,selected operation not wired; not a library capability claim,,,,,fp32-fd-warnings,2,,,0,0,,,,,,
iiwa14,minv,bard,1024,collection,unknown,unknown,3,adapter_pending,selected operation not wired; not a library capability claim,,,,,fp32-fd-warnings,2,,,0,0,,,,,,
iiwa14,minv,frax,16,collection,float32,library dynamics,3,accuracy_warning,Entrywise oracle/variation gate exceeded; explicitly retained with errors reported,294.382,83.98236666666666,,,fp32-fd-warnings,2,0.0,0.0,12,784,238.64536666666663,328.40433333333334,210.39963333333333,,0.13735807565740288,4.240910291076763e-05
iiwa14,minv,frax,32,collection,float32,library dynamics,3,accuracy_warning,Entrywise oracle/variation gate exceeded; explicitly retained with errors reported,245.0899,87.97076666666666,,,fp32-fd-warnings,2,0.0,0.0,32,1568,235.1911333333333,289.51143333333334,157.11913333333334,,0.13735807565740288,4.024868016726713e-05
iiwa14,minv,frax,64,collection,float32,library dynamics,3,accuracy_warning,Entrywise oracle/variation gate exceeded; explicitly retained with errors reported,264.05266666666665,79.97283333333333,,,fp32-fd-warnings,2,0.0,0.0,56,3136,250.2486666666667,346.68760000000003,184.07983333333334,,0.19631295289991613,4.545448053028938e-05
iiwa14,minv,frax,128,collection,float32,library dynamics,3,accuracy_warning,Entrywise oracle/variation gate exceeded; explicitly retained with errors reported,245.44729999999998,82.43636666666664,,,fp32-fd-warnings,2,0.0,0.0,102,6272,238.9376,269.1321333333333,163.01093333333336,,0.18128161618665217,4.9476782178032256e-05
iiwa14,minv,frax,256,collection,float32,library dynamics,3,accuracy_warning,Entrywise oracle/variation gate exceeded; explicitly retained with errors reported,304.363,84.72723333333333,,,fp32-fd-warnings,2,0.0,0.0,213,12544,244.7567333333333,448.4274333333334,219.63576666666665,,0.256524772687726,5.385832461709686e-05
iiwa14,minv,frax,1024,collection,float32,library dynamics,3,accuracy_warning,Entrywise oracle/variation gate exceeded; explicitly retained with errors reported,490.0072666666666,131.97306666666665,,,fp32-fd-warnings,2,0.0,0.0,761,50176,278.8661333333333,543.6374666666667,358.03419999999994,,0.2650886111237014,5.508454905124736e-05
iiwa14,minv,grid_cuda,16,collection,float32,analytical,3,validated,,21.40840021769206,12.335066986083984,,128,fp32-fd-warnings,2,0.0,0.0,0,784,21.371033477783204,21.509033203125,9.073333231608075,,0.00012736199300888984,6.55927934950007e-08
iiwa14,minv,grid_cuda,32,collection,float32,analytical,3,validated,,21.64883295694987,12.360000610351562,,128,fp32-fd-warnings,2,0.0,0.0,0,1568,21.592767333984376,21.70646718343099,9.288832346598308,,0.00012736199300888984,6.246557520858609e-08
iiwa14,minv,grid_cuda,64,collection,float32,analytical,3,validated,,21.940799967447916,12.33443349202474,,128,fp32-fd-warnings,2,0.0,0.0,0,3136,21.91506601969401,22.108900197347005,9.606366475423176,,0.00012736199300888984,6.235878652267342e-08
iiwa14,minv,grid_cuda,128,collection,float32,analytical,3,validated,,22.7005002339681,12.476366678873697,,128,fp32-fd-warnings,2,0.0,0.0,0,6272,22.5689333597819,22.744499715169272,10.224133555094403,,0.00013033768323111872,6.51257857578114e-08
iiwa14,minv,grid_cuda,256,collection,float32,analytical,3,validated,,24.133333333333333,12.669833628336589,,128,fp32-fd-warnings,2,0.0,0.0,0,12544,24.067233276367187,24.240899912516277,11.463499704996744,,0.00013033768323111872,6.653297178930018e-08
iiwa14,minv,grid_cuda,1024,collection,float32,analytical,3,validated,,35.73213348388672,19.613633728027345,,128,fp32-fd-warnings,2,0.0,0.0,0,50176,35.72273305257161,39.206199900309244,16.118499755859375,,0.00014001130330143496,6.661367048106578e-08
iiwa14,minv,grid_jax,16,collection,float32,analytical,3,validated,,120.34750000000001,39.70076666666667,,,fp32-fd-warnings,2,0.0,0.0,0,784,118.84920000000001,122.37613333333333,80.64673333333334,,0.00012736199300888984,6.55927934950007e-08
iiwa14,minv,grid_jax,32,collection,float32,analytical,3,validated,,119.49206666666667,40.055166666666665,,,fp32-fd-warnings,2,0.0,0.0,0,1568,117.72523333333335,122.93513333333335,79.43690000000001,,0.00012736199300888984,6.246557520858609e-08
iiwa14,minv,grid_jax,64,collection,float32,analytical,3,validated,,121.63476666666669,48.2129,,,fp32-fd-warnings,2,0.0,0.0,0,3136,118.33200000000002,144.57260000000002,73.42186666666669,,0.00012736199300888984,6.235878652267342e-08
iiwa14,minv,grid_jax,128,collection,float32,analytical,3,validated,,457.1681,46.91646666666666,,,fp32-fd-warnings,2,0.0,0.0,0,6272,231.03043333333332,527.1454333333334,410.2516333333333,,0.00013033768323111872,6.51257857578114e-08
iiwa14,minv,grid_jax,256,collection,float32,analytical,3,validated,,251.94079999999997,39.93333333333332,,,fp32-fd-warnings,2,0.0,0.0,0,12544,153.10696666666666,436.3700333333333,212.00746666666663,,0.00013033768323111872,6.653297178930018e-08
iiwa14,minv,grid_jax,1024,collection,float32,analytical,3,validated,,411.9997,56.11183333333333,,,fp32-fd-warnings,2,0.0,0.0,0,50176,372.11106666666666,493.77230000000003,355.8878666666667,,0.00014001130330143496,6.661367048106578e-08
iiwa14,minv,mjx,16,collection,unknown,unknown,3,adapter_pending,selected operation not wired,,,,,fp32-fd-warnings,2,,,0,0,,,,,,
iiwa14,minv,mjx,32,collection,unknown,unknown,3,adapter_pending,selected operation not wired,,,,,fp32-fd-warnings,2,,,0,0,,,,,,
iiwa14,minv,mjx,64,collection,unknown,unknown,3,adapter_pending,selected operation not wired,,,,,fp32-fd-warnings,2,,,0,0,,,,,,
iiwa14,minv,mjx,128,collection,unknown,unknown,3,adapter_pending,selected operation not wired,,,,,fp32-fd-warnings,2,,,0,0,,,,,,
iiwa14,minv,mjx,256,collection,unknown,unknown,3,adapter_pending,selected operation not wired,,,,,fp32-fd-warnings,2,,,0,0,,,,,,
iiwa14,minv,mjx,1024,collection,unknown,unknown,3,adapter_pending,selected operation not wired,,,,,fp32-fd-warnings,2,,,0,0,,,,,,
iiwa14,minv,mujoco_cpu,16,collection,float64,simulator,3,validated,,87.42110000000002,,,,fp32-fd-warnings,2,0.0,0.0,0,784,87.23246666666665,87.8568,,,1.0300027497578412e-10,3.015385443933417e-14
iiwa14,minv,mujoco_cpu,32,collection,float64,simulator,3,validated,,172.97166666666666,,,,fp32-fd-warnings,2,0.0,0.0,0,1568,169.34066666666666,172.98469999999998,,,1.0300027497578412e-10,2.481099120337813e-14
iiwa14,minv,mujoco_cpu,64,collection,float64,simulator,3,validated,,346.01623333333333,,,,fp32-fd-warnings,2,0.0,0.0,0,3136,343.3883999999999,346.8067,,,1.1118572729174048e-10,2.9525379038982976e-14
iiwa14,minv,mujoco_cpu,128,collection,float64,simulator,3,validated,,698.2145,,,,fp32-fd-warnings,2,0.0,0.0,0,6272,690.0970333333333,713.5273666666666,,,1.1118572729174048e-10,2.6668273345602067e-14
iiwa14,minv,mujoco_cpu,256,collection,float64,simulator,3,validated,,1432.7833999999998,,,,fp32-fd-warnings,2,0.0,0.0,0,12544,1424.5235,1457.1608666666666,,,1.170974428532645e-10,2.6962047724201464e-14
iiwa14,minv,mujoco_cpu,1024,collection,float64,simulator,3,validated,,6105.422866666666,,,,fp32-fd-warnings,2,0.0,0.0,0,50176,5911.593300000002,6173.636466666666,,,1.4642864698544145e-10,2.7402864998789585e-14
iiwa14,minv,mujoco_warp,16,collection,unknown,unknown,3,adapter_pending,no dense inverse-inertia output path,,,,,fp32-fd-warnings,2,,,0,0,,,,,,
iiwa14,minv,mujoco_warp,32,collection,unknown,unknown,3,adapter_pending,no dense inverse-inertia output path,,,,,fp32-fd-warnings,2,,,0,0,,,,,,
iiwa14,minv,mujoco_warp,64,collection,unknown,unknown,3,adapter_pending,no dense inverse-inertia output path,,,,,fp32-fd-warnings,2,,,0,0,,,,,,
iiwa14,minv,mujoco_warp,128,collection,unknown,unknown,3,adapter_pending,no dense inverse-inertia output path,,,,,fp32-fd-warnings,2,,,0,0,,,,,,
iiwa14,minv,mujoco_warp,256,collection,unknown,unknown,3,adapter_pending,no dense inverse-inertia output path,,,,,fp32-fd-warnings,2,,,0,0,,,,,,
iiwa14,minv,mujoco_warp,1024,collection,unknown,unknown,3,adapter_pending,no dense inverse-inertia output path,,,,,fp32-fd-warnings,2,,,0,0,,,,,,
iiwa14,minv,pinocchio,16,collection,float32,codegen,3,accuracy_warning,Entrywise oracle/variation gate exceeded; explicitly retained with errors reported,8.104800000000001,,,1,fp32-fd-warnings,2,0.0,0.0,12,784,8.062933333333335,8.2653,,,0.1179240382828084,3.417526745910063e-05
iiwa14,minv,pinocchio,32,collection,float32,codegen,3,accuracy_warning,Entrywise oracle/variation gate exceeded; explicitly retained with errors reported,12.956933333333334,,,8,fp32-fd-warnings,2,0.0,0.0,28,1568,12.928166666666668,13.021233333333333,,,0.1179240382828084,3.666688960566409e-05
iiwa14,minv,pinocchio,64,collection,float32,codegen,3,accuracy_warning,Entrywise oracle/variation gate exceeded; explicitly retained with errors reported,13.804399999999998,,,8,fp32-fd-warnings,2,0.0,0.0,52,3136,13.312466666666666,13.8657,,,0.15430946805122403,4.43755708332703e-05
iiwa14,minv,pinocchio,128,collection,float32,codegen,3,accuracy_warning,Entrywise oracle/variation gate exceeded; explicitly retained with errors reported,15.912566666666667,,,8,fp32-fd-warnings,2,0.0,0.0,105,6272,15.861333333333334,16.26153333333333,,,0.2368876268533313,4.7319892988980916e-05
iiwa14,minv,pinocchio,256,collection,float32,codegen,3,accuracy_warning,Entrywise oracle/variation gate exceeded; explicitly retained with errors reported,22.3291,,,8,fp32-fd-warnings,2,0.0,0.0,201,12544,21.828766666666677,22.532266666666665,,,0.2368876268533313,4.87114415361237e-05
iiwa14,minv,pinocchio,1024,collection,float32,codegen,3,accuracy_warning,Entrywise oracle/variation gate exceeded; explicitly retained with errors reported,56.94173333333333,,,8,fp32-fd-warnings,2,0.0,0.0,721,50176,56.68953333333334,56.98333333333334,,,0.38931115297714314,4.8281715005750286e-05
iiwa14,minv,pinocchio_plain,16,collection,float32,standard Pinocchio API (no codegen),3,accuracy_warning,Entrywise oracle/variation gate exceeded; explicitly retained with errors reported,13.465533333333335,,,8,fp32-fd-warnings,2,0.0,0.0,4,784,13.3536,13.500333333333336,,,0.0928996242203084,3.361338430928947e-05
iiwa14,minv,pinocchio_plain,32,collection,float32,standard Pinocchio API (no codegen),3,accuracy_warning,Entrywise oracle/variation gate exceeded; explicitly retained with errors reported,14.288999999999996,,,8,fp32-fd-warnings,2,0.0,0.0,18,1568,13.653366666666667,17.6056,,,0.0928996242203084,3.3728929290967595e-05
iiwa14,minv,pinocchio_plain,64,collection,float32,standard Pinocchio API (no codegen),3,accuracy_warning,Entrywise oracle/variation gate exceeded; explicitly retained with errors reported,18.717699999999997,,,8,fp32-fd-warnings,2,0.0,0.0,36,3136,18.383300000000002,19.33583333333333,,,0.13092393001147684,3.758475169018097e-05
iiwa14,minv,pinocchio_plain,128,collection,float32,standard Pinocchio API (no codegen),3,accuracy_warning,Entrywise oracle/variation gate exceeded; explicitly retained with errors reported,26.713700000000003,,,8,fp32-fd-warnings,2,0.0,0.0,76,6272,26.328133333333323,27.03109999999999,,,0.16529040524915217,4.596576345233793e-05
iiwa14,minv,pinocchio_plain,256,collection,float32,standard Pinocchio API (no codegen),3,accuracy_warning,Entrywise oracle/variation gate exceeded; explicitly retained with errors reported,42.571333333333335,,,8,fp32-fd-warnings,2,0.0,0.0,159,12544,42.4686,43.4363,,,0.22442373685657913,5.1410625330066887e-05
iiwa14,minv,pinocchio_plain,1024,collection,float32,standard Pinocchio API (no codegen),3,accuracy_warning,Entrywise oracle/variation gate exceeded; explicitly retained with errors reported,138.2388,,,8,fp32-fd-warnings,2,0.0,0.0,737,50176,137.67960000000002,320.2904,,,0.3014180495513301,5.286911540193669e-05
iiwa14,nonlinear_effects,bard,16,collection,float32,library dynamics,3,validated,,1670.5150666666668,1606.1302,,,fp32-fd-warnings,2,0.0,0.0,0,112,1659.3029333333332,1687.4248,64.38486666666677,,7.505103437921434e-05,2.781909362104219e-07
iiwa14,nonlinear_effects,bard,32,collection,float32,library dynamics,3,validated,,1675.6966333333332,1624.4042333333332,,,fp32-fd-warnings,2,0.0,0.0,0,224,1665.3687999999997,1706.2786666666668,51.29240000000004,,7.505103437921434e-05,2.609054057115655e-07
iiwa14,nonlinear_effects,bard,64,collection,float32,library dynamics,3,validated,,1695.7212333333334,1627.0924666666665,,,fp32-fd-warnings,2,0.0,0.0,0,448,1691.6836333333333,1719.2455000000002,68.62876666666693,,7.505103437921434e-05,2.4184378511226566e-07
iiwa14,nonlinear_effects,bard,128,collection,float32,library dynamics,3,validated,,1693.7022,1624.4138666666665,,,fp32-fd-warnings,2,0.0,0.0,0,896,1688.592,1743.7693666666669,69.28833333333341,,4.90536423001231e-05,1.6719233277106745e-07
iiwa14,nonlinear_effects,bard,256,collection,float32,library dynamics,3,validated,,1689.7762999999998,1633.2964333333334,,,fp32-fd-warnings,2,0.0,0.0,0,1792,1687.1885666666667,1739.9791333333333,56.47986666666634,,4.90536423001231e-05,1.608380373522916e-07
iiwa14,nonlinear_effects,bard,1024,collection,float32,library dynamics,3,validated,,1706.3083666666666,1629.3080333333332,,,fp32-fd-warnings,2,0.0,0.0,0,7168,1699.5575333333331,1747.6708,77.0003333333334,,4.90536423001231e-05,1.51281039098392e-07
iiwa14,nonlinear_effects,frax,16,collection,float32,library dynamics,3,validated,,199.35983333333334,78.63603333333334,,,fp32-fd-warnings,2,0.0,0.0,0,112,197.52746666666664,199.75403333333335,120.7238,,0.00023717566816827684,7.62525696358362e-07
iiwa14,nonlinear_effects,frax,32,collection,float32,library dynamics,3,validated,,219.27983333333336,69.58536666666666,,,fp32-fd-warnings,2,0.0,0.0,0,224,193.36056666666664,338.84289999999993,149.6944666666667,,0.00023717566816827684,6.988008853342824e-07
iiwa14,nonlinear_effects,frax,64,collection,float32,library dynamics,3,validated,,209.47899999999996,61.1191,,,fp32-fd-warnings,2,0.0,0.0,0,448,202.9583666666667,252.32513333333335,148.35989999999995,,0.00023717566816827684,6.314561980633067e-07
iiwa14,nonlinear_effects,frax,128,collection,float32,library dynamics,3,validated,,201.61496666666662,65.32740000000003,,,fp32-fd-warnings,2,0.0,0.0,0,896,197.73336666666668,212.14386666666667,136.28756666666658,,0.00023717566816827684,5.46353481539799e-07
iiwa14,nonlinear_effects,frax,256,collection,float32,library dynamics,3,validated,,209.53333333333333,68.34830000000001,,,fp32-fd-warnings,2,0.0,0.0,0,1792,208.25323333333336,218.0782666666667,141.1850333333333,,0.00023717566816827684,4.4929470100399146e-07
iiwa14,nonlinear_effects,frax,1024,collection,float32,library dynamics,3,validated,,230.3961333333333,73.65193333333332,,,fp32-fd-warnings,2,0.0,0.0,0,7168,226.174,284.5914333333333,156.74419999999998,,0.00011510535566827684,2.084232773100491e-07
iiwa14,nonlinear_effects,grid_cuda,16,collection,float32,analytical,3,validated,,16.94493357340495,11.1706667582194,,112,fp32-fd-warnings,2,0.0,0.0,0,112,16.937166849772137,16.988233184814455,5.774266815185548,,4.890243195632138e-05,1.7877893039156062e-07
iiwa14,nonlinear_effects,grid_cuda,32,collection,float32,analytical,3,validated,,17.07230021158854,11.192766825358072,,112,fp32-fd-warnings,2,0.0,0.0,0,224,16.908866373697915,17.10306650797526,5.879533386230468,,4.890243195632138e-05,1.7823811784390492e-07
iiwa14,nonlinear_effects,grid_cuda,64,collection,float32,analytical,3,validated,,16.952033233642577,11.157667287190755,,112,fp32-fd-warnings,2,0.0,0.0,0,448,16.93703333536784,16.994766235351562,5.794365946451823,,4.890243195632138e-05,1.696942232302544e-07
iiwa14,nonlinear_effects,grid_cuda,128,collection,float32,analytical,3,validated,,17.594166819254557,11.295800018310548,,112,fp32-fd-warnings,2,0.0,0.0,0,896,17.434533437093098,17.74739990234375,6.2983668009440095,,4.890243195632138e-05,1.6374173470473218e-07
iiwa14,nonlinear_effects,grid_cuda,256,collection,float32,analytical,3,validated,,18.42789993286133,11.536699930826822,,112,fp32-fd-warnings,2,0.0,0.0,0,1792,18.299967193603514,18.434100341796874,6.891200002034507,,4.890243195632138e-05,1.5395988980103808e-07
iiwa14,nonlinear_effects,grid_cuda,1024,collection,float32,analytical,3,validated,,21.322999827067058,12.514366912841798,,112,fp32-fd-warnings,2,0.0,0.0,0,7168,21.28820063273112,21.370733133951823,8.80863291422526,,4.890243195632138e-05,1.467109583401322e-07
iiwa14,nonlinear_effects,grid_jax,16,collection,float32,analytical,3,validated,,172.30866666666665,36.92766666666667,,,fp32-fd-warnings,2,0.0,0.0,0,112,155.08406666666667,179.76096666666666,135.38099999999997,,4.890243195632138e-05,1.7877893039156062e-07
iiwa14,nonlinear_effects,grid_jax,32,collection,float32,analytical,3,validated,,155.15856666666662,46.1564,,,fp32-fd-warnings,2,0.0,0.0,0,224,149.20903333333337,155.59816666666669,109.00216666666662,,4.890243195632138e-05,1.7823811784390492e-07
iiwa14,nonlinear_effects,grid_jax,64,collection,float32,analytical,3,validated,,153.9411333333333,43.04976666666667,,,fp32-fd-warnings,2,0.0,0.0,0,448,153.38056666666665,154.88019999999997,110.89136666666664,,4.890243195632138e-05,1.696942232302544e-07
iiwa14,nonlinear_effects,grid_jax,128,collection,float32,analytical,3,validated,,150.75126666666665,45.9993,,,fp32-fd-warnings,2,0.0,0.0,0,896,146.77439999999999,153.6840666666667,104.75196666666665,,4.890243195632138e-05,1.6374173470473218e-07
iiwa14,nonlinear_effects,grid_jax,256,collection,float32,analytical,3,validated,,158.65776666666667,39.036166666666674,,,fp32-fd-warnings,2,0.0,0.0,0,1792,158.54723333333334,193.83326666666665,119.6216,,4.890243195632138e-05,1.5395988980103808e-07
iiwa14,nonlinear_effects,grid_jax,1024,collection,float32,analytical,3,validated,,163.0024,40.47286666666666,,,fp32-fd-warnings,2,0.0,0.0,0,7168,157.4359333333333,164.0001333333333,122.52953333333333,,4.890243195632138e-05,1.467109583401322e-07
iiwa14,nonlinear_effects,mjx,16,collection,float32,simulator inverse dynamics at zero acceleration,3,validated,,329.9826,112.65636666666666,,,fp32-fd-warnings,2,0.0,0.0,0,112,316.2498,350.7362666666666,217.32623333333333,,0.00012519637726882138,5.785952603666933e-07
iiwa14,nonlinear_effects,mjx,32,collection,float32,simulator inverse dynamics at zero acceleration,3,validated,,397.1322,115.8269,,,fp32-fd-warnings,2,0.0,0.0,0,224,285.6516333333333,606.3877333333334,281.3053,,0.00012519637726882138,5.350069246784989e-07
iiwa14,nonlinear_effects,mjx,64,collection,float32,simulator inverse dynamics at zero acceleration,3,validated,,313.89966666666663,275.65453333333335,,,fp32-fd-warnings,2,0.0,0.0,0,448,299.5195,634.8124333333332,38.245133333333285,,0.00012519637726882138,4.913779976548799e-07
iiwa14,nonlinear_effects,mjx,128,collection,float32,simulator inverse dynamics at zero acceleration,3,validated,,434.90066666666667,119.04823333333336,,,fp32-fd-warnings,2,0.0,0.0,0,896,338.65243333333336,576.0464666666667,315.8524333333333,,0.00012519637726882138,4.3179933210083197e-07
iiwa14,nonlinear_effects,mjx,256,collection,float32,simulator inverse dynamics at zero acceleration,3,validated,,499.4943999999999,114.79310000000001,,,fp32-fd-warnings,2,0.0,0.0,0,1792,482.33793333333335,550.9187999999999,384.70129999999995,,0.00012519637726882138,3.68764056777128e-07
iiwa14,nonlinear_effects,mjx,1024,collection,float32,simulator inverse dynamics at zero acceleration,3,validated,,441.0431000000001,132.96046666666666,,,fp32-fd-warnings,2,0.0,0.0,0,7168,433.7440666666667,449.12469999999996,308.08263333333343,,0.00012519637726882138,2.7151475945239763e-07
iiwa14,nonlinear_effects,mujoco_cpu,16,collection,float64,simulator inverse dynamics at zero acceleration,3,validated,,36.967000000000006,,,,fp32-fd-warnings,2,0.0,0.0,0,112,36.88443333333333,37.071466666666666,,,3.410605131648481e-13,1.4036025541540635e-15
iiwa14,nonlinear_effects,mujoco_cpu,32,collection,float64,simulator inverse dynamics at zero acceleration,3,validated,,72.71743333333333,,,,fp32-fd-warnings,2,0.0,0.0,0,224,72.6307,72.82379999999999,,,3.410605131648481e-13,1.3247933383332294e-15
iiwa14,nonlinear_effects,mujoco_cpu,64,collection,float64,simulator inverse dynamics at zero acceleration,3,validated,,143.29643333333334,,,,fp32-fd-warnings,2,0.0,0.0,0,448,142.28683333333336,144.95366666666666,,,3.410605131648481e-13,1.24798102799722e-15
iiwa14,nonlinear_effects,mujoco_cpu,128,collection,float64,simulator inverse dynamics at zero acceleration,3,validated,,293.28869999999995,,,,fp32-fd-warnings,2,0.0,0.0,0,896,293.0293666666667,295.0872666666667,,,3.410605131648481e-13,1.1603365389801599e-15
iiwa14,nonlinear_effects,mujoco_cpu,256,collection,float64,simulator inverse dynamics at zero acceleration,3,validated,,631.3790666666666,,,,fp32-fd-warnings,2,0.0,0.0,0,1792,628.2835666666667,648.5690333333334,,,3.410605131648481e-13,1.0815642980554111e-15
iiwa14,nonlinear_effects,mujoco_cpu,1024,collection,float64,simulator inverse dynamics at zero acceleration,3,validated,,2685.4600333333333,,,,fp32-fd-warnings,2,0.0,0.0,0,7168,2634.0816666666665,2685.8083666666666,,,3.410605131648481e-13,9.410787452940867e-16
iiwa14,nonlinear_effects,mujoco_warp,16,collection,float32,simulator inverse dynamics at zero acceleration,3,validated,,152.18769999999998,122.6503,848.5645333333333,,fp32-fd-warnings,2,0.0,0.0,0,112,151.96663333333333,152.2178,29.537399999999977,,0.00012519637726882138,4.7440048399805746e-07
iiwa14,nonlinear_effects,mujoco_warp,32,collection,float32,simulator inverse dynamics at zero acceleration,3,validated,,161.1201,130.52216666666666,850.4382666666666,,fp32-fd-warnings,2,0.0,0.0,0,224,159.2242666666667,161.4874333333333,30.597933333333344,,0.00012519637726882138,4.3955958924132645e-07
iiwa14,nonlinear_effects,mujoco_warp,64,collection,float32,simulator inverse dynamics at zero acceleration,3,validated,,175.714,139.2116,893.4766999999998,,fp32-fd-warnings,2,0.0,0.0,0,448,174.13716666666667,175.9279666666667,36.502399999999994,,0.00012519637726882138,4.051459508197083e-07
iiwa14,nonlinear_effects,mujoco_warp,128,collection,float32,simulator inverse dynamics at zero acceleration,3,validated,,187.83523333333335,156.3062666666667,885.3023333333334,,fp32-fd-warnings,2,0.0,0.0,0,896,187.03443333333334,187.94803333333337,31.528966666666662,,0.00012519637726882138,3.5948376613231347e-07
iiwa14,nonlinear_effects,mujoco_warp,256,collection,float32,simulator inverse dynamics at zero acceleration,3,validated,,213.33210000000003,181.5938,878.4055666666668,,fp32-fd-warnings,2,0.0,0.0,0,1792,212.7389,214.1165,31.738300000000038,,0.00012519637726882138,3.1477175519814485e-07
iiwa14,nonlinear_effects,mujoco_warp,1024,collection,float32,simulator inverse dynamics at zero acceleration,3,validated,,246.16953333333333,208.21106666666665,888.8238,,fp32-fd-warnings,2,0.0,0.0,0,7168,244.99990000000005,247.05806666666663,37.95846666666668,,0.00012519637726882138,2.449052295978693e-07
iiwa14,nonlinear_effects,pinocchio,16,collection,float32,codegen RNEA at zero acceleration/velocity,3,validated,,4.745633333333333,,,1,fp32-fd-warnings,2,0.0,0.0,0,112,4.6001,5.546566666666667,,,8.293832230776843e-06,4.617452810661229e-08
iiwa14,nonlinear_effects,pinocchio,32,collection,float32,codegen RNEA at zero acceleration/velocity,3,validated,,7.456833333333334,,,1,fp32-fd-warnings,2,0.0,0.0,0,224,7.344166666666666,9.390166666666667,,,1.2104484497399426e-05,6.620694466939185e-08
iiwa14,nonlinear_effects,pinocchio,64,collection,float32,codegen RNEA at zero acceleration/velocity,3,validated,,12.506900000000002,,,1/4/8,fp32-fd-warnings,2,0.0,0.0,0,448,12.048733333333331,12.569966666666664,,,1.2104484497399426e-05,7.117394270950893e-08
iiwa14,nonlinear_effects,pinocchio,128,collection,float32,codegen RNEA at zero acceleration/velocity,3,validated,,12.996599999999999,,,8,fp32-fd-warnings,2,0.0,0.0,0,896,12.911633333333333,13.139833333333335,,,1.2104484497399426e-05,8.160563740605862e-08
iiwa14,nonlinear_effects,pinocchio,256,collection,float32,codegen RNEA at zero acceleration/velocity,3,validated,,15.902999999999999,,,8,fp32-fd-warnings,2,0.0,0.0,0,1792,15.712300000000003,16.464866666666666,,,1.2104484497399426e-05,8.72061131358119e-08
iiwa14,nonlinear_effects,pinocchio,1024,collection,float32,codegen RNEA at zero acceleration/velocity,3,validated,,32.80330000000001,,,8,fp32-fd-warnings,2,0.0,0.0,0,7168,32.694300000000005,32.99726666666667,,,1.512127126801488e-05,1.0828331630809779e-07
iiwa14,nonlinear_effects,pinocchio_plain,16,collection,float32,standard Pinocchio API (no codegen),3,validated,,8.381266666666665,,,1,fp32-fd-warnings,2,0.0,0.0,0,112,8.304166666666667,8.486433333333332,,,2.739151335617862e-05,9.980014469332413e-08
iiwa14,nonlinear_effects,pinocchio_plain,32,collection,float32,standard Pinocchio API (no codegen),3,validated,,12.612599999999999,,,8,fp32-fd-warnings,2,0.0,0.0,0,224,12.491366666666668,12.635233333333332,,,2.739151335617862e-05,1.0283601354988285e-07
iiwa14,nonlinear_effects,pinocchio_plain,64,collection,float32,standard Pinocchio API (no codegen),3,validated,,14.167966666666668,,,4/8,fp32-fd-warnings,2,0.0,0.0,0,448,14.103633333333335,17.056666666666665,,,2.739151335617862e-05,1.0370578835880559e-07
iiwa14,nonlinear_effects,pinocchio_plain,128,collection,float32,standard Pinocchio API (no codegen),3,validated,,18.37586666666667,,,8,fp32-fd-warnings,2,0.0,0.0,0,896,16.899166666666666,18.778399999999998,,,2.739151335617862e-05,1.0485056670946657e-07
iiwa14,nonlinear_effects,pinocchio_plain,256,collection,float32,standard Pinocchio API (no codegen),3,validated,,26.617366666666662,,,8,fp32-fd-warnings,2,0.0,0.0,0,1792,24.173600000000004,27.62013333333333,,,2.739151335617862e-05,1.0638438385542845e-07
iiwa14,nonlinear_effects,pinocchio_plain,1024,collection,float32,standard Pinocchio API (no codegen),3,validated,,64.7674,,,8,fp32-fd-warnings,2,0.0,0.0,0,7168,62.642166666666675,74.90493333333333,,,2.739151335617862e-05,1.1759706980087826e-07
